alert_id,device_type,os,patch_status,is_managed_device,user_type,known_vuln_count
ALT-000001,smartphone,macOS 13,fully_patched,False,guest,2
ALT-000002,unknown,Windows 10,partially_patched,False,guest,0
ALT-000003,unknown,Windows 11,fully_patched,False,guest,1
ALT-000004,tablet,Android 13,partially_patched,True,student,4
ALT-000005,smartphone,iOS 16,fully_patched,True,student,5
ALT-000006,unknown,Ubuntu 22.04,fully_patched,False,guest,2
ALT-000007,smartphone,Android 13,fully_patched,True,student,0
ALT-000008,laptop,Unknown,fully_patched,True,student,5
ALT-000009,smartphone,Unknown,fully_patched,False,guest,1
ALT-000010,laptop,Unknown,fully_patched,False,guest,0
ALT-000011,smartphone,Android 13,fully_patched,True,student,1
ALT-000012,laptop,Unknown,unpatched,False,guest,0
ALT-000013,smartphone,Unknown,fully_patched,False,guest,1
ALT-000014,unknown,unknown,unknown,,unknown,
ALT-000015,laptop,macOS 13,fully_patched,True,guest,0
ALT-000016,tablet,Windows 10,fully_patched,True,student,5
ALT-000017,laptop,iOS 16,partially_patched,False,guest,3
ALT-000018,smartphone,Unknown,unpatched,False,guest,0
ALT-000019,laptop,macOS 13,fully_patched,True,student,0
ALT-000020,laptop,macOS 13,partially_patched,True,student,5
ALT-000021,unknown,Unknown,unpatched,False,guest,5
ALT-000022,laptop,Android 13,fully_patched,False,guest,5
ALT-000023,smartphone,Windows 11,fully_patched,True,guest,0
ALT-000024,unknown,Windows 10,unpatched,False,guest,5
ALT-000025,unknown,unknown,unknown,,unknown,
ALT-000026,smartphone,Android 13,fully_patched,True,student,1
ALT-000027,smartphone,macOS 13,fully_patched,True,student,1
ALT-000028,unknown,Unknown,unpatched,False,guest,4
ALT-000029,laptop,Android 13,partially_patched,True,student,5
ALT-000030,smartphone,Windows 11,fully_patched,True,student,4
ALT-000031,unknown,unknown,unknown,,unknown,
ALT-000032,unknown,Ubuntu 22.04,fully_patched,False,guest,4
ALT-000033,smartphone,Ubuntu 22.04,fully_patched,False,guest,4
ALT-000034,smartphone,macOS 13,fully_patched,True,student,2
ALT-000035,smartphone,Android 13,fully_patched,False,guest,3
ALT-000036,smartphone,iOS 16,fully_patched,False,guest,3
ALT-000037,laptop,iOS 16,unpatched,True,student,2
ALT-000038,unknown,iOS 16,partially_patched,False,guest,3
ALT-000039,smartphone,Unknown,partially_patched,False,guest,3
ALT-000040,smartphone,macOS 13,fully_patched,True,student,1
ALT-000041,laptop,iOS 16,unpatched,False,guest,4
ALT-000042,unknown,iOS 16,partially_patched,False,guest,3
ALT-000043,laptop,iOS 16,fully_patched,True,student,0
ALT-000044,unknown,unknown,unknown,,unknown,
ALT-000045,laptop,Windows 11,partially_patched,True,student,2
ALT-000046,unknown,Android 13,fully_patched,False,guest,4
ALT-000047,smartphone,Windows 11,partially_patched,False,guest,0
ALT-000048,tablet,macOS 13,fully_patched,True,student,5
ALT-000049,server,Ubuntu 22.04,partially_patched,True,lab_admin,5
ALT-000050,laptop,Windows 11,partially_patched,True,student,2
ALT-000051,tablet,Windows 10,partially_patched,True,student,0
ALT-000052,smartphone,Windows 10,fully_patched,False,guest,1
ALT-000053,laptop,Unknown,unpatched,True,student,4
ALT-000054,smartphone,Windows 10,unpatched,False,guest,4
ALT-000055,laptop,macOS 13,fully_patched,True,faculty,2
ALT-000056,smartphone,iOS 16,unpatched,False,guest,1
ALT-000057,tablet,iOS 16,unknown,True,student,4
ALT-000058,laptop,Windows 10,fully_patched,False,guest,3
ALT-000059,unknown,Unknown,fully_patched,False,guest,0
ALT-000060,unknown,macOS 13,partially_patched,False,guest,3
ALT-000061,raspberry_pi,Unknown,partially_patched,True,faculty,1
ALT-000062,smartphone,macOS 13,fully_patched,True,student,5
ALT-000063,tablet,macOS 13,unpatched,True,student,3
ALT-000064,unknown,Windows 10,partially_patched,False,guest,3
ALT-000065,laptop,Unknown,unpatched,False,guest,4
ALT-000066,smartphone,Android 13,partially_patched,False,guest,4
ALT-000067,unknown,unknown,unknown,,unknown,
ALT-000068,tablet,iOS 16,partially_patched,True,student,3
ALT-000069,laptop,Ubuntu 22.04,fully_patched,True,student,2
ALT-000070,smartphone,Windows 10,partially_patched,False,guest,4
ALT-000071,tablet,macOS 13,fully_patched,True,student,2
ALT-000072,laptop,Android 13,partially_patched,False,guest,5
ALT-000073,tablet,macOS 13,unknown,True,student,1
ALT-000074,unknown,unknown,unknown,,unknown,
ALT-000075,unknown,Windows 11,fully_patched,False,guest,1
ALT-000076,laptop,Windows 10,partially_patched,False,guest,5
ALT-000077,tablet,macOS 13,partially_patched,True,student,5
ALT-000078,laptop,Windows 11,partially_patched,False,guest,0
ALT-000079,smartphone,macOS 13,fully_patched,False,guest,5
ALT-000080,unknown,unknown,unknown,,unknown,
ALT-000081,smartphone,macOS 13,partially_patched,True,student,5
ALT-000082,server,iOS 16,fully_patched,True,faculty,0
ALT-000083,tablet,Ubuntu 22.04,partially_patched,True,student,1
ALT-000084,laptop,Windows 11,fully_patched,True,student,0
ALT-000085,workstation,Windows 10,fully_patched,True,lab_admin,3
ALT-000086,tablet,macOS 13,fully_patched,True,student,3
ALT-000087,server,macOS 13,fully_patched,True,lab_admin,4
ALT-000088,laptop,iOS 16,fully_patched,False,guest,5
ALT-000089,laptop,Windows 10,unknown,False,guest,2
ALT-000090,laptop,macOS 13,fully_patched,True,student,4
ALT-000091,unknown,Android 13,fully_patched,False,guest,4
ALT-000092,laptop,iOS 16,fully_patched,True,student,1
ALT-000093,laptop,Unknown,partially_patched,False,guest,2
ALT-000094,smartphone,iOS 16,partially_patched,False,guest,0
ALT-000095,unknown,Ubuntu 22.04,fully_patched,False,guest,3
ALT-000096,smartphone,macOS 13,unpatched,True,student,0
ALT-000097,workstation,Unknown,unpatched,True,lab_admin,4
ALT-000098,laptop,macOS 13,fully_patched,False,guest,2
ALT-000099,smartphone,Unknown,partially_patched,False,guest,2
ALT-000100,tablet,macOS 13,partially_patched,True,student,3
ALT-000101,smartphone,Ubuntu 22.04,fully_patched,True,student,2
ALT-000102,laptop,Unknown,partially_patched,True,student,5
ALT-000103,laptop,iOS 16,fully_patched,True,student,1
ALT-000104,laptop,Ubuntu 22.04,partially_patched,True,student,2
ALT-000105,tablet,macOS 13,fully_patched,True,student,1
ALT-000106,raspberry_pi,Android 13,partially_patched,True,faculty,3
ALT-000107,smartphone,Windows 10,fully_patched,False,guest,4
ALT-000108,unknown,unknown,unknown,,unknown,
ALT-000109,laptop,macOS 13,fully_patched,True,student,2
ALT-000110,unknown,Windows 10,fully_patched,False,guest,3
ALT-000111,smartphone,Windows 10,fully_patched,False,guest,3
ALT-000112,unknown,iOS 16,fully_patched,False,guest,0
ALT-000113,laptop,Windows 10,fully_patched,False,guest,1
ALT-000114,unknown,unknown,unknown,,unknown,
ALT-000115,smartphone,Windows 11,fully_patched,False,guest,1
ALT-000116,smartphone,Ubuntu 22.04,fully_patched,False,guest,0
ALT-000117,workstation,Ubuntu 22.04,partially_patched,True,faculty,1
ALT-000118,tablet,Android 13,fully_patched,True,student,5
ALT-000119,tablet,Windows 10,fully_patched,True,student,4
ALT-000120,unknown,unknown,unknown,,unknown,
ALT-000121,smartphone,macOS 13,fully_patched,True,student,0
ALT-000122,smartphone,iOS 16,partially_patched,True,student,5
ALT-000123,smartphone,iOS 16,fully_patched,True,guest,0
ALT-000124,smartphone,Windows 11,fully_patched,True,student,1
ALT-000125,laptop,iOS 16,partially_patched,True,student,0
ALT-000126,laptop,iOS 16,partially_patched,True,lab_admin,5
ALT-000127,laptop,Ubuntu 22.04,fully_patched,False,guest,3
ALT-000128,laptop,Ubuntu 22.04,fully_patched,True,student,0
ALT-000129,server,iOS 16,fully_patched,True,faculty,0
ALT-000130,laptop,Windows 10,partially_patched,False,guest,0
ALT-000131,unknown,Unknown,unpatched,False,guest,3
ALT-000132,laptop,macOS 13,unpatched,False,guest,1
ALT-000133,unknown,unknown,unknown,,unknown,
ALT-000134,laptop,Windows 11,fully_patched,True,student,1
ALT-000135,laptop,iOS 16,unpatched,False,guest,2
ALT-000136,smartphone,Unknown,unknown,False,guest,3
ALT-000137,server,Windows 11,fully_patched,True,faculty,0
ALT-000138,workstation,Windows 11,fully_patched,True,lab_admin,0
ALT-000139,smartphone,macOS 13,unpatched,False,guest,4
ALT-000140,laptop,Windows 11,partially_patched,False,guest,1
ALT-000141,unknown,iOS 16,fully_patched,False,guest,2
ALT-000142,laptop,Ubuntu 22.04,fully_patched,True,student,5
ALT-000143,smartphone,Windows 11,fully_patched,False,guest,3
ALT-000144,raspberry_pi,Ubuntu 22.04,partially_patched,True,lab_admin,5
ALT-000145,unknown,Android 13,unpatched,False,guest,2
ALT-000146,tablet,Windows 11,fully_patched,True,student,2
ALT-000147,unknown,unknown,unknown,,unknown,
ALT-000148,smartphone,Windows 11,fully_patched,False,guest,3
ALT-000149,laptop,Ubuntu 22.04,partially_patched,True,student,4
ALT-000150,unknown,Windows 10,partially_patched,False,guest,5
ALT-000151,laptop,Ubuntu 22.04,unpatched,True,student,4
ALT-000152,laptop,Windows 11,fully_patched,True,lab_admin,0
ALT-000153,smartphone,Android 13,partially_patched,True,student,1
ALT-000154,server,Ubuntu 22.04,partially_patched,True,lab_admin,5
ALT-000155,smartphone,iOS 16,fully_patched,False,guest,5
ALT-000156,laptop,Unknown,fully_patched,True,student,5
ALT-000157,laptop,macOS 13,partially_patched,True,student,2
ALT-000158,laptop,Android 13,fully_patched,True,student,2
ALT-000159,laptop,iOS 16,fully_patched,True,student,0
ALT-000160,tablet,macOS 13,partially_patched,True,student,2
ALT-000161,smartphone,Unknown,unpatched,False,guest,2
ALT-000162,laptop,Unknown,partially_patched,True,student,0
ALT-000163,laptop,Android 13,fully_patched,True,student,4
ALT-000164,unknown,Windows 10,partially_patched,False,guest,2
ALT-000165,laptop,Ubuntu 22.04,fully_patched,False,guest,3
ALT-000166,smartphone,Ubuntu 22.04,fully_patched,True,student,3
ALT-000167,unknown,macOS 13,fully_patched,False,guest,5
ALT-000168,smartphone,Android 13,fully_patched,False,guest,5
ALT-000169,laptop,Windows 11,fully_patched,False,guest,1
ALT-000170,smartphone,Ubuntu 22.04,partially_patched,True,student,1
ALT-000171,laptop,macOS 13,partially_patched,True,student,4
ALT-000172,laptop,Unknown,partially_patched,False,guest,4
ALT-000173,smartphone,Unknown,unpatched,False,guest,2
ALT-000174,laptop,Unknown,fully_patched,False,guest,1
ALT-000175,laptop,Android 13,unpatched,True,faculty,1
ALT-000176,laptop,Windows 11,fully_patched,False,guest,3
ALT-000177,smartphone,Android 13,fully_patched,True,student,3
ALT-000178,laptop,Windows 10,fully_patched,False,guest,0
ALT-000179,smartphone,Unknown,fully_patched,True,student,0
ALT-000180,unknown,Windows 10,partially_patched,False,guest,2
ALT-000181,laptop,Unknown,fully_patched,False,guest,0
ALT-000182,unknown,macOS 13,fully_patched,False,guest,1
ALT-000183,laptop,Android 13,fully_patched,True,student,4
ALT-000184,unknown,unknown,unknown,,unknown,
ALT-000185,smartphone,Android 13,partially_patched,False,guest,2
ALT-000186,unknown,Windows 10,unknown,False,guest,5
ALT-000187,smartphone,Windows 11,fully_patched,True,student,2
ALT-000188,smartphone,Windows 10,unpatched,False,guest,5
ALT-000189,smartphone,Android 13,partially_patched,False,guest,1
ALT-000190,unknown,unknown,unknown,,unknown,
ALT-000191,smartphone,Android 13,fully_patched,False,guest,0
ALT-000192,workstation,Windows 11,fully_patched,True,faculty,5
ALT-000193,smartphone,iOS 16,fully_patched,True,student,4
ALT-000194,laptop,Unknown,fully_patched,True,student,4
ALT-000195,smartphone,macOS 13,unpatched,True,student,1
ALT-000196,laptop,Ubuntu 22.04,fully_patched,False,guest,2
ALT-000197,server,Ubuntu 22.04,fully_patched,True,lab_admin,2
ALT-000198,smartphone,Ubuntu 22.04,fully_patched,False,guest,4
ALT-000199,laptop,Ubuntu 22.04,unpatched,False,guest,5
ALT-000200,smartphone,iOS 16,unknown,False,guest,5
ALT-000201,laptop,Windows 11,fully_patched,True,student,4
ALT-000202,unknown,iOS 16,partially_patched,False,guest,3
ALT-000203,unknown,iOS 16,fully_patched,False,guest,5
ALT-000204,unknown,unknown,unknown,,unknown,
ALT-000205,laptop,Android 13,fully_patched,False,guest,0
ALT-000206,laptop,Windows 10,partially_patched,False,guest,5
ALT-000207,laptop,Windows 10,partially_patched,False,guest,5
ALT-000208,smartphone,Windows 11,partially_patched,True,student,5
ALT-000209,smartphone,Android 13,unknown,False,guest,5
ALT-000210,smartphone,Windows 11,fully_patched,True,student,2
ALT-000211,tablet,Windows 10,unpatched,True,student,1
ALT-000212,smartphone,Android 13,partially_patched,False,guest,3
ALT-000213,unknown,Ubuntu 22.04,fully_patched,False,guest,5
ALT-000214,laptop,Windows 10,fully_patched,False,guest,3
ALT-000215,laptop,Unknown,unpatched,False,guest,1
ALT-000216,smartphone,iOS 16,fully_patched,True,student,3
ALT-000217,laptop,Unknown,partially_patched,False,guest,2
ALT-000218,smartphone,Windows 10,fully_patched,False,guest,3
ALT-000219,laptop,iOS 16,unpatched,False,guest,1
ALT-000220,workstation,macOS 13,partially_patched,True,lab_admin,0
ALT-000221,smartphone,Unknown,fully_patched,False,guest,0
ALT-000222,unknown,unknown,unknown,,unknown,
ALT-000223,server,macOS 13,partially_patched,True,lab_admin,2
ALT-000224,smartphone,Windows 10,unpatched,False,guest,0
ALT-000225,smartphone,Windows 11,fully_patched,False,guest,1
ALT-000226,unknown,macOS 13,partially_patched,False,guest,2
ALT-000227,unknown,unknown,unknown,,unknown,
ALT-000228,laptop,macOS 13,unpatched,True,lab_admin,3
ALT-000229,unknown,Windows 10,unpatched,False,guest,0
ALT-000230,smartphone,Windows 10,unpatched,True,student,5
ALT-000231,laptop,iOS 16,fully_patched,True,faculty,4
ALT-000232,tablet,Ubuntu 22.04,fully_patched,True,student,4
ALT-000233,smartphone,Windows 10,partially_patched,False,guest,3
ALT-000234,tablet,Windows 10,partially_patched,True,student,5
ALT-000235,unknown,unknown,unknown,,unknown,
ALT-000236,unknown,unknown,unknown,,unknown,
ALT-000237,unknown,unknown,unknown,,unknown,
ALT-000238,unknown,Android 13,fully_patched,False,guest,5
ALT-000239,laptop,iOS 16,partially_patched,True,student,3
ALT-000240,smartphone,Windows 11,unpatched,True,student,2
ALT-000241,laptop,iOS 16,unpatched,True,student,3
ALT-000242,unknown,Android 13,fully_patched,False,guest,0
ALT-000243,smartphone,Unknown,partially_patched,False,guest,3
ALT-000244,tablet,Android 13,partially_patched,True,student,4
ALT-000245,smartphone,Ubuntu 22.04,fully_patched,False,guest,5
ALT-000246,tablet,Windows 11,partially_patched,True,student,1
ALT-000247,unknown,Ubuntu 22.04,fully_patched,False,guest,1
ALT-000248,unknown,Android 13,fully_patched,False,guest,1
ALT-000249,unknown,unknown,unknown,,unknown,
ALT-000250,unknown,Unknown,fully_patched,False,guest,2
ALT-000251,unknown,Android 13,partially_patched,False,guest,4
ALT-000252,laptop,Windows 10,fully_patched,False,guest,3
ALT-000253,smartphone,Windows 11,fully_patched,True,student,2
ALT-000254,unknown,unknown,unknown,,unknown,
ALT-000255,smartphone,Ubuntu 22.04,unknown,True,student,1
ALT-000256,tablet,Android 13,unpatched,True,student,5
ALT-000257,smartphone,macOS 13,fully_patched,False,guest,2
ALT-000258,unknown,Windows 11,fully_patched,False,guest,1
ALT-000259,laptop,Windows 10,unpatched,True,student,0
ALT-000260,tablet,Windows 10,fully_patched,True,student,2
ALT-000261,server,Windows 11,unpatched,True,lab_admin,3
ALT-000262,unknown,Windows 11,unpatched,False,guest,4
ALT-000263,laptop,Ubuntu 22.04,fully_patched,True,lab_admin,2
ALT-000264,workstation,Windows 10,partially_patched,True,faculty,1
ALT-000265,laptop,Windows 11,fully_patched,True,student,0
ALT-000266,unknown,unknown,unknown,,unknown,
ALT-000267,workstation,Windows 10,fully_patched,True,lab_admin,0
ALT-000268,laptop,Windows 10,fully_patched,True,student,3
ALT-000269,smartphone,Ubuntu 22.04,fully_patched,False,guest,5
ALT-000270,raspberry_pi,Unknown,fully_patched,True,faculty,5
ALT-000271,unknown,Ubuntu 22.04,partially_patched,False,guest,0
ALT-000272,laptop,iOS 16,fully_patched,False,guest,0
ALT-000273,laptop,Ubuntu 22.04,partially_patched,True,student,5
ALT-000274,laptop,Windows 11,fully_patched,True,student,4
ALT-000275,smartphone,Android 13,fully_patched,True,student,3
ALT-000276,unknown,unknown,unknown,,unknown,
ALT-000277,smartphone,Unknown,fully_patched,True,student,5
ALT-000278,tablet,iOS 16,partially_patched,True,student,1
ALT-000279,tablet,Ubuntu 22.04,partially_patched,True,student,3
ALT-000280,laptop,Ubuntu 22.04,fully_patched,False,guest,0
ALT-000281,smartphone,Android 13,fully_patched,False,guest,3
ALT-000282,laptop,macOS 13,partially_patched,False,guest,0
ALT-000283,laptop,macOS 13,partially_patched,False,guest,5
ALT-000284,laptop,Unknown,partially_patched,True,student,3
ALT-000285,smartphone,Unknown,partially_patched,False,guest,0
ALT-000286,smartphone,macOS 13,partially_patched,True,guest,0
ALT-000287,unknown,macOS 13,fully_patched,False,guest,4
ALT-000288,unknown,unknown,unknown,,unknown,
ALT-000289,laptop,Android 13,partially_patched,True,student,1
ALT-000290,laptop,Android 13,unknown,True,student,3
ALT-000291,unknown,iOS 16,fully_patched,False,guest,5
ALT-000292,raspberry_pi,Windows 11,fully_patched,True,faculty,0
ALT-000293,laptop,Windows 11,fully_patched,False,guest,2
ALT-000294,unknown,unknown,unknown,,unknown,
ALT-000295,laptop,Unknown,unpatched,False,guest,4
ALT-000296,laptop,Unknown,partially_patched,True,student,0
ALT-000297,smartphone,Windows 11,partially_patched,True,student,1
ALT-000298,smartphone,Windows 11,partially_patched,True,guest,0
ALT-000299,smartphone,Android 13,unknown,False,guest,4
ALT-000300,unknown,Android 13,fully_patched,False,guest,1
ALT-000301,unknown,Ubuntu 22.04,unpatched,False,guest,0
ALT-000302,smartphone,Windows 11,partially_patched,True,student,2
ALT-000303,laptop,macOS 13,fully_patched,False,guest,0
ALT-000304,raspberry_pi,Unknown,fully_patched,True,lab_admin,0
ALT-000305,laptop,Ubuntu 22.04,unknown,True,student,5
ALT-000306,unknown,iOS 16,unpatched,False,guest,4
ALT-000307,smartphone,Windows 11,unknown,True,student,2
ALT-000308,laptop,Android 13,unknown,False,guest,1
ALT-000309,laptop,Windows 10,fully_patched,False,guest,4
ALT-000310,laptop,Windows 11,unpatched,False,guest,4
ALT-000311,smartphone,Windows 11,partially_patched,False,guest,0
ALT-000312,smartphone,macOS 13,fully_patched,False,guest,4
ALT-000313,unknown,Windows 11,unpatched,False,guest,3
ALT-000314,unknown,macOS 13,partially_patched,False,guest,2
ALT-000315,laptop,iOS 16,fully_patched,False,guest,4
ALT-000316,laptop,Windows 11,fully_patched,False,guest,0
ALT-000317,server,Windows 10,unknown,True,faculty,2
ALT-000318,smartphone,iOS 16,unknown,True,student,2
ALT-000319,smartphone,macOS 13,partially_patched,False,guest,2
ALT-000320,smartphone,iOS 16,unpatched,True,student,0
ALT-000321,tablet,macOS 13,fully_patched,True,student,4
ALT-000322,tablet,Android 13,fully_patched,True,student,0
ALT-000323,smartphone,Windows 10,partially_patched,False,guest,0
ALT-000324,smartphone,macOS 13,unpatched,True,student,2
ALT-000325,smartphone,Windows 10,fully_patched,True,student,0
ALT-000326,tablet,Ubuntu 22.04,partially_patched,True,student,3
ALT-000327,laptop,Android 13,partially_patched,False,guest,1
ALT-000328,unknown,unknown,unknown,,unknown,
ALT-000329,smartphone,macOS 13,fully_patched,False,guest,3
ALT-000330,unknown,Ubuntu 22.04,fully_patched,False,guest,2
ALT-000331,laptop,Windows 11,partially_patched,True,student,0
ALT-000332,laptop,iOS 16,fully_patched,False,guest,1
ALT-000333,workstation,iOS 16,fully_patched,True,faculty,0
ALT-000334,smartphone,Windows 10,fully_patched,True,student,5
ALT-000335,tablet,iOS 16,partially_patched,True,student,0
ALT-000336,raspberry_pi,Windows 11,partially_patched,True,lab_admin,0
ALT-000337,unknown,macOS 13,fully_patched,False,guest,1
ALT-000338,smartphone,Unknown,fully_patched,False,guest,0
ALT-000339,laptop,Unknown,partially_patched,False,guest,2
ALT-000340,smartphone,macOS 13,unknown,True,student,1
ALT-000341,tablet,Windows 10,partially_patched,True,student,2
ALT-000342,laptop,Windows 10,unpatched,True,student,1
ALT-000343,laptop,Windows 11,partially_patched,True,student,5
ALT-000344,tablet,Android 13,partially_patched,True,student,0
ALT-000345,workstation,Android 13,fully_patched,True,lab_admin,0
ALT-000346,unknown,Unknown,fully_patched,False,guest,2
ALT-000347,unknown,Ubuntu 22.04,fully_patched,False,guest,2
ALT-000348,smartphone,Windows 11,fully_patched,True,student,0
ALT-000349,unknown,unknown,unknown,,unknown,
ALT-000350,smartphone,iOS 16,fully_patched,True,student,4
ALT-000351,unknown,unknown,unknown,,unknown,
ALT-000352,smartphone,Android 13,partially_patched,False,guest,3
ALT-000353,smartphone,Android 13,fully_patched,False,guest,0
ALT-000354,tablet,Android 13,fully_patched,True,student,0
ALT-000355,laptop,Ubuntu 22.04,fully_patched,False,guest,0
ALT-000356,smartphone,Windows 11,fully_patched,False,guest,4
ALT-000357,laptop,Windows 11,partially_patched,False,guest,1
ALT-000358,workstation,Unknown,unpatched,True,faculty,5
ALT-000359,tablet,Windows 10,partially_patched,True,student,2
ALT-000360,smartphone,Windows 11,partially_patched,True,student,0
ALT-000361,smartphone,Android 13,fully_patched,False,guest,0
ALT-000362,unknown,Windows 10,fully_patched,False,guest,1
ALT-000363,workstation,Ubuntu 22.04,fully_patched,True,faculty,0
ALT-000364,laptop,Windows 10,fully_patched,True,guest,0
ALT-000365,laptop,iOS 16,partially_patched,True,student,3
ALT-000366,unknown,unknown,unknown,,unknown,
ALT-000367,smartphone,Unknown,fully_patched,True,student,4
ALT-000368,smartphone,Windows 10,partially_patched,True,student,0
ALT-000369,unknown,unknown,unknown,,unknown,
ALT-000370,unknown,Unknown,partially_patched,False,guest,1
ALT-000371,laptop,Ubuntu 22.04,fully_patched,True,student,0
ALT-000372,tablet,Windows 10,partially_patched,True,student,3
ALT-000373,smartphone,Windows 10,fully_patched,True,student,5
ALT-000374,smartphone,Unknown,partially_patched,True,student,2
ALT-000375,smartphone,macOS 13,partially_patched,True,student,1
ALT-000376,workstation,macOS 13,partially_patched,True,lab_admin,2
ALT-000377,workstation,Unknown,fully_patched,True,faculty,2
ALT-000378,smartphone,Android 13,fully_patched,True,guest,0
ALT-000379,laptop,Ubuntu 22.04,partially_patched,True,student,1
ALT-000380,unknown,iOS 16,fully_patched,False,guest,3
ALT-000381,smartphone,iOS 16,unknown,False,guest,1
ALT-000382,tablet,Windows 10,fully_patched,True,student,2
ALT-000383,laptop,Android 13,fully_patched,False,guest,0
ALT-000384,laptop,Android 13,partially_patched,True,lab_admin,4
ALT-000385,laptop,Ubuntu 22.04,partially_patched,True,student,2
ALT-000386,smartphone,Android 13,fully_patched,False,guest,3
ALT-000387,smartphone,Unknown,partially_patched,False,guest,2
ALT-000388,smartphone,Windows 10,fully_patched,True,student,5
ALT-000389,smartphone,Ubuntu 22.04,fully_patched,True,student,2
ALT-000390,tablet,Android 13,partially_patched,True,student,3
ALT-000391,smartphone,Android 13,fully_patched,True,student,4
ALT-000392,laptop,Android 13,unpatched,True,faculty,0
ALT-000393,unknown,Windows 11,fully_patched,False,guest,2
ALT-000394,laptop,Android 13,fully_patched,False,guest,1
ALT-000395,tablet,iOS 16,partially_patched,False,guest,0
ALT-000396,laptop,macOS 13,fully_patched,True,student,3
ALT-000397,smartphone,Android 13,fully_patched,True,student,4
ALT-000398,smartphone,macOS 13,fully_patched,False,guest,5
ALT-000399,unknown,unknown,unknown,,unknown,
ALT-000400,smartphone,Android 13,fully_patched,True,student,0
ALT-000401,tablet,Windows 10,fully_patched,True,student,3
ALT-000402,smartphone,Windows 10,fully_patched,False,guest,4
ALT-000403,tablet,Windows 11,fully_patched,True,student,3
ALT-000404,smartphone,Ubuntu 22.04,unpatched,True,student,5
ALT-000405,laptop,iOS 16,partially_patched,True,student,0
ALT-000406,laptop,Windows 10,fully_patched,True,student,1
ALT-000407,smartphone,Windows 11,fully_patched,True,student,4
ALT-000408,tablet,Ubuntu 22.04,fully_patched,True,student,2
ALT-000409,smartphone,iOS 16,unpatched,False,guest,4
ALT-000410,laptop,Unknown,unpatched,True,student,1
ALT-000411,workstation,Ubuntu 22.04,unpatched,True,lab_admin,5
ALT-000412,server,Windows 10,partially_patched,True,faculty,1
ALT-000413,unknown,unknown,unknown,,unknown,
ALT-000414,smartphone,Unknown,fully_patched,True,student,5
ALT-000415,laptop,Windows 10,unpatched,False,guest,2
ALT-000416,unknown,unknown,unknown,,unknown,
ALT-000417,smartphone,Windows 10,partially_patched,True,student,3
ALT-000418,tablet,Windows 10,partially_patched,True,guest,0
ALT-000419,tablet,Unknown,partially_patched,True,student,2
ALT-000420,laptop,iOS 16,fully_patched,False,guest,1
ALT-000421,tablet,iOS 16,fully_patched,True,student,2
ALT-000422,smartphone,Ubuntu 22.04,partially_patched,True,student,2
ALT-000423,laptop,Windows 10,fully_patched,False,guest,1
ALT-000424,server,iOS 16,partially_patched,True,faculty,1
ALT-000425,laptop,Ubuntu 22.04,partially_patched,True,student,2
ALT-000426,smartphone,Windows 10,fully_patched,False,guest,4
ALT-000427,laptop,iOS 16,partially_patched,False,guest,1
ALT-000428,laptop,Unknown,partially_patched,True,student,3
ALT-000429,tablet,Ubuntu 22.04,fully_patched,True,student,1
ALT-000430,laptop,macOS 13,partially_patched,True,student,4
ALT-000431,unknown,unknown,unknown,,unknown,
ALT-000432,smartphone,Windows 11,fully_patched,False,guest,0
ALT-000433,laptop,Windows 10,fully_patched,False,guest,0
ALT-000434,server,Android 13,partially_patched,True,lab_admin,4
ALT-000435,smartphone,Windows 11,fully_patched,True,student,3
ALT-000436,smartphone,iOS 16,fully_patched,False,guest,0
ALT-000437,laptop,Android 13,unpatched,False,guest,1
ALT-000438,laptop,Android 13,fully_patched,True,student,0
ALT-000439,laptop,Ubuntu 22.04,fully_patched,False,guest,4
ALT-000440,laptop,Windows 11,partially_patched,False,guest,1
ALT-000441,server,Android 13,fully_patched,True,faculty,0
ALT-000442,smartphone,Windows 10,fully_patched,True,student,3
ALT-000443,tablet,iOS 16,fully_patched,True,student,1
ALT-000444,unknown,unknown,unknown,,unknown,
ALT-000445,smartphone,Windows 10,unpatched,True,student,4
ALT-000446,unknown,macOS 13,fully_patched,False,guest,1
ALT-000447,smartphone,Windows 10,fully_patched,False,guest,2
ALT-000448,laptop,Windows 11,unknown,True,student,5
ALT-000449,tablet,iOS 16,unpatched,True,student,5
ALT-000450,unknown,Windows 10,unpatched,False,guest,0
ALT-000451,smartphone,Ubuntu 22.04,fully_patched,True,student,1
ALT-000452,smartphone,iOS 16,fully_patched,True,student,2
ALT-000453,tablet,Unknown,partially_patched,True,student,4
ALT-000454,tablet,Android 13,partially_patched,True,student,3
ALT-000455,smartphone,Windows 11,fully_patched,True,student,2
ALT-000456,laptop,Unknown,fully_patched,True,lab_admin,1
ALT-000457,laptop,Ubuntu 22.04,unpatched,False,guest,2
ALT-000458,smartphone,iOS 16,fully_patched,False,guest,2
ALT-000459,smartphone,Windows 11,fully_patched,True,student,4
ALT-000460,smartphone,Android 13,partially_patched,False,guest,2
ALT-000461,laptop,iOS 16,fully_patched,True,student,1
ALT-000462,smartphone,macOS 13,fully_patched,False,guest,2
ALT-000463,smartphone,Ubuntu 22.04,partially_patched,False,guest,4
ALT-000464,smartphone,Unknown,fully_patched,True,student,2
ALT-000465,smartphone,iOS 16,partially_patched,False,guest,2
ALT-000466,laptop,iOS 16,unknown,False,guest,5
ALT-000467,tablet,Ubuntu 22.04,partially_patched,True,student,0
ALT-000468,unknown,macOS 13,fully_patched,False,guest,3
ALT-000469,tablet,Windows 11,fully_patched,True,student,2
ALT-000470,smartphone,iOS 16,partially_patched,False,guest,5
ALT-000471,unknown,Unknown,partially_patched,False,guest,3
ALT-000472,laptop,macOS 13,partially_patched,False,guest,3
ALT-000473,smartphone,Unknown,unknown,True,student,4
ALT-000474,tablet,macOS 13,fully_patched,True,student,1
ALT-000475,laptop,Windows 11,fully_patched,True,student,2
ALT-000476,tablet,Android 13,partially_patched,True,student,3
ALT-000477,smartphone,Windows 10,fully_patched,True,student,5
ALT-000478,tablet,Windows 11,unpatched,True,student,5
ALT-000479,unknown,Windows 11,partially_patched,False,guest,2
ALT-000480,tablet,Unknown,fully_patched,True,student,2
ALT-000481,unknown,unknown,unknown,,unknown,
ALT-000482,smartphone,Windows 10,fully_patched,True,guest,0
ALT-000483,tablet,Windows 10,partially_patched,True,student,1
ALT-000484,unknown,Unknown,unpatched,False,guest,7
ALT-000485,smartphone,iOS 16,partially_patched,False,guest,1
ALT-000486,smartphone,Windows 10,fully_patched,False,guest,2
ALT-000487,laptop,iOS 16,unpatched,True,student,3
ALT-000488,unknown,Android 13,fully_patched,False,guest,5
ALT-000489,laptop,Android 13,unknown,True,student,3
ALT-000490,unknown,iOS 16,fully_patched,False,guest,0
ALT-000491,unknown,unknown,unknown,,unknown,
ALT-000492,laptop,macOS 13,fully_patched,False,guest,3
ALT-000493,smartphone,Windows 11,fully_patched,False,guest,2
ALT-000494,laptop,Android 13,fully_patched,False,guest,1
ALT-000495,smartphone,macOS 13,unpatched,True,student,2
ALT-000496,laptop,Android 13,fully_patched,False,guest,1
ALT-000497,smartphone,Android 13,unpatched,False,guest,1
ALT-000498,unknown,macOS 13,fully_patched,False,guest,3
ALT-000499,unknown,unknown,unknown,,unknown,
ALT-000500,laptop,Android 13,unpatched,False,guest,2
ALT-000501,workstation,Ubuntu 22.04,fully_patched,True,lab_admin,3
ALT-000502,smartphone,Windows 10,unpatched,True,student,3
ALT-000503,tablet,Unknown,unpatched,True,student,0
ALT-000504,unknown,Ubuntu 22.04,fully_patched,False,guest,3
ALT-000505,laptop,Ubuntu 22.04,unpatched,True,student,3
ALT-000506,unknown,Android 13,fully_patched,False,guest,0
ALT-000507,smartphone,Windows 10,partially_patched,False,guest,2
ALT-000508,raspberry_pi,Windows 11,partially_patched,True,lab_admin,2
ALT-000509,unknown,unknown,unknown,,unknown,
ALT-000510,laptop,Windows 11,unpatched,False,guest,0
ALT-000511,laptop,macOS 13,fully_patched,False,guest,4
ALT-000512,tablet,Windows 11,partially_patched,True,student,1
ALT-000513,laptop,iOS 16,partially_patched,False,guest,4
ALT-000514,smartphone,iOS 16,unpatched,True,student,1
ALT-000515,smartphone,Ubuntu 22.04,fully_patched,True,student,4
ALT-000516,tablet,Ubuntu 22.04,partially_patched,True,student,1
ALT-000517,workstation,iOS 16,fully_patched,True,lab_admin,1
ALT-000518,tablet,Windows 10,fully_patched,True,guest,1
ALT-000519,workstation,Windows 10,partially_patched,True,faculty,0
ALT-000520,laptop,Android 13,fully_patched,True,lab_admin,2
ALT-000521,tablet,Unknown,fully_patched,True,student,3
ALT-000522,smartphone,Ubuntu 22.04,partially_patched,False,guest,2
ALT-000523,smartphone,iOS 16,fully_patched,False,guest,0
ALT-000524,unknown,iOS 16,fully_patched,False,guest,4
ALT-000525,unknown,unknown,unknown,,unknown,
ALT-000526,laptop,macOS 13,fully_patched,False,guest,3
ALT-000527,unknown,unknown,unknown,,unknown,
ALT-000528,laptop,Windows 10,unknown,False,guest,3
ALT-000529,smartphone,iOS 16,fully_patched,False,guest,0
ALT-000530,smartphone,iOS 16,fully_patched,True,student,5
ALT-000531,laptop,Windows 10,fully_patched,False,guest,5
ALT-000532,laptop,Windows 11,fully_patched,False,guest,1
ALT-000533,unknown,Windows 11,unpatched,False,guest,5
ALT-000534,tablet,Android 13,fully_patched,False,guest,1
ALT-000535,laptop,Windows 10,fully_patched,True,student,4
ALT-000536,unknown,unknown,unknown,,unknown,
ALT-000537,unknown,unknown,unknown,,unknown,
ALT-000538,laptop,macOS 13,unpatched,False,guest,3
ALT-000539,laptop,Ubuntu 22.04,fully_patched,False,guest,2
ALT-000540,unknown,Windows 11,partially_patched,False,guest,3
ALT-000541,workstation,Windows 10,fully_patched,True,lab_admin,2
ALT-000542,laptop,iOS 16,partially_patched,True,student,2
ALT-000543,tablet,Windows 10,unknown,True,student,1
ALT-000544,unknown,Windows 10,unknown,False,guest,3
ALT-000545,unknown,Unknown,fully_patched,False,guest,5
ALT-000546,unknown,unknown,unknown,,unknown,
ALT-000547,smartphone,Ubuntu 22.04,fully_patched,False,guest,2
ALT-000548,smartphone,Android 13,partially_patched,False,guest,5
ALT-000549,workstation,macOS 13,fully_patched,True,lab_admin,1
ALT-000550,smartphone,Unknown,partially_patched,True,student,5
ALT-000551,laptop,Windows 10,fully_patched,True,lab_admin,2
ALT-000552,unknown,macOS 13,fully_patched,False,guest,4
ALT-000553,server,Ubuntu 22.04,fully_patched,True,faculty,0
ALT-000554,tablet,macOS 13,partially_patched,True,student,2
ALT-000555,unknown,unknown,unknown,,unknown,
ALT-000556,smartphone,macOS 13,fully_patched,False,guest,2
ALT-000557,unknown,unknown,unknown,,unknown,
ALT-000558,unknown,Windows 11,partially_patched,False,guest,4
ALT-000559,laptop,Unknown,fully_patched,False,guest,0
ALT-000560,smartphone,Windows 11,partially_patched,True,student,0
ALT-000561,laptop,iOS 16,fully_patched,True,student,0
ALT-000562,smartphone,Windows 10,fully_patched,False,guest,2
ALT-000563,laptop,Unknown,fully_patched,False,guest,4
ALT-000564,unknown,unknown,unknown,,unknown,
ALT-000565,laptop,Android 13,fully_patched,True,student,5
ALT-000566,smartphone,Windows 10,fully_patched,True,student,2
ALT-000567,smartphone,Windows 11,unpatched,False,guest,4
ALT-000568,smartphone,iOS 16,partially_patched,False,guest,2
ALT-000569,smartphone,Android 13,unpatched,False,guest,4
ALT-000570,laptop,Windows 10,unknown,True,student,3
ALT-000571,smartphone,Android 13,fully_patched,True,student,5
ALT-000572,unknown,unknown,unknown,,unknown,
ALT-000573,laptop,Unknown,fully_patched,False,guest,2
ALT-000574,smartphone,iOS 16,fully_patched,False,guest,0
ALT-000575,laptop,iOS 16,unknown,True,faculty,0
ALT-000576,smartphone,macOS 13,fully_patched,True,student,2
ALT-000577,unknown,Android 13,fully_patched,False,guest,2
ALT-000578,tablet,iOS 16,fully_patched,True,student,2
ALT-000579,tablet,Windows 11,unpatched,True,student,5
ALT-000580,tablet,Ubuntu 22.04,unpatched,True,student,3
ALT-000581,laptop,Ubuntu 22.04,fully_patched,False,guest,0
ALT-000582,workstation,Ubuntu 22.04,fully_patched,True,lab_admin,0
ALT-000583,laptop,macOS 13,partially_patched,True,student,1
ALT-000584,smartphone,Android 13,partially_patched,True,student,2
ALT-000585,server,Unknown,partially_patched,True,faculty,0
ALT-000586,workstation,Android 13,unpatched,True,lab_admin,5
ALT-000587,raspberry_pi,Ubuntu 22.04,fully_patched,True,lab_admin,4
ALT-000588,workstation,Windows 10,fully_patched,True,lab_admin,0
ALT-000589,laptop,Android 13,fully_patched,False,guest,5
ALT-000590,smartphone,macOS 13,partially_patched,True,student,0
ALT-000591,smartphone,Android 13,fully_patched,True,student,4
ALT-000592,workstation,macOS 13,fully_patched,True,faculty,3
ALT-000593,smartphone,Android 13,fully_patched,False,guest,2
ALT-000594,unknown,Android 13,fully_patched,False,guest,5
ALT-000595,unknown,Unknown,fully_patched,False,guest,3
ALT-000596,unknown,Windows 10,fully_patched,False,guest,3
ALT-000597,unknown,unknown,unknown,,unknown,
ALT-000598,laptop,macOS 13,partially_patched,False,guest,3
ALT-000599,laptop,Ubuntu 22.04,partially_patched,False,guest,2
ALT-000600,unknown,Android 13,fully_patched,False,guest,2
ALT-000601,smartphone,Android 13,fully_patched,False,guest,5
ALT-000602,unknown,unknown,unknown,,unknown,
ALT-000603,laptop,iOS 16,partially_patched,True,student,2
ALT-000604,laptop,Windows 10,partially_patched,True,student,2
ALT-000605,unknown,macOS 13,partially_patched,False,guest,2
ALT-000606,laptop,Windows 11,partially_patched,False,guest,3
ALT-000607,unknown,Windows 10,unknown,False,guest,5
ALT-000608,smartphone,Windows 10,partially_patched,True,student,4
ALT-000609,smartphone,Windows 10,partially_patched,False,guest,0
ALT-000610,smartphone,iOS 16,fully_patched,False,guest,4
ALT-000611,workstation,Windows 10,fully_patched,True,faculty,2
ALT-000612,laptop,iOS 16,partially_patched,False,guest,0
ALT-000613,unknown,Ubuntu 22.04,unpatched,False,guest,4
ALT-000614,tablet,Windows 10,partially_patched,False,guest,1
ALT-000615,unknown,iOS 16,fully_patched,False,guest,5
ALT-000616,laptop,Android 13,unpatched,True,student,0
ALT-000617,laptop,Windows 10,unpatched,False,guest,2
ALT-000618,unknown,unknown,unknown,,unknown,
ALT-000619,laptop,Ubuntu 22.04,unpatched,True,lab_admin,5
ALT-000620,unknown,Windows 10,partially_patched,False,guest,4
ALT-000621,tablet,Windows 11,fully_patched,True,student,2
ALT-000622,laptop,Windows 10,unpatched,True,student,3
ALT-000623,laptop,Android 13,fully_patched,True,student,2
ALT-000624,tablet,Windows 11,partially_patched,True,student,2
ALT-000625,smartphone,Unknown,fully_patched,False,guest,5
ALT-000626,raspberry_pi,Windows 10,fully_patched,True,faculty,3
ALT-000627,unknown,macOS 13,partially_patched,False,guest,4
ALT-000628,laptop,Unknown,fully_patched,False,guest,3
ALT-000629,laptop,iOS 16,partially_patched,False,guest,4
ALT-000630,unknown,macOS 13,fully_patched,False,guest,0
ALT-000631,laptop,macOS 13,fully_patched,False,guest,1
ALT-000632,smartphone,Android 13,unpatched,True,student,4
ALT-000633,server,Windows 11,fully_patched,True,lab_admin,0
ALT-000634,tablet,Windows 11,fully_patched,True,student,5
ALT-000635,laptop,Windows 11,partially_patched,True,student,4
ALT-000636,laptop,Ubuntu 22.04,unpatched,False,guest,1
ALT-000637,laptop,Ubuntu 22.04,unpatched,True,faculty,0
ALT-000638,unknown,unknown,unknown,,unknown,
ALT-000639,tablet,iOS 16,fully_patched,True,student,1
ALT-000640,laptop,Android 13,fully_patched,True,student,3
ALT-000641,smartphone,Windows 10,unpatched,True,student,5
ALT-000642,laptop,Android 13,partially_patched,True,student,2
ALT-000643,laptop,Android 13,partially_patched,True,student,4
ALT-000644,smartphone,Android 13,fully_patched,False,guest,3
ALT-000645,smartphone,Unknown,fully_patched,False,guest,5
ALT-000646,laptop,macOS 13,fully_patched,True,guest,0
ALT-000647,tablet,Ubuntu 22.04,fully_patched,True,student,3
ALT-000648,smartphone,Ubuntu 22.04,fully_patched,False,guest,5
ALT-000649,smartphone,Windows 11,fully_patched,False,guest,2
ALT-000650,smartphone,Windows 11,partially_patched,False,guest,2
ALT-000651,laptop,macOS 13,fully_patched,True,student,2
ALT-000652,smartphone,iOS 16,unpatched,False,guest,0
ALT-000653,smartphone,Unknown,unpatched,False,guest,4
ALT-000654,server,macOS 13,fully_patched,True,lab_admin,0
ALT-000655,smartphone,iOS 16,partially_patched,False,guest,2
ALT-000656,smartphone,iOS 16,fully_patched,True,student,0
ALT-000657,unknown,Unknown,fully_patched,False,guest,5
ALT-000658,laptop,Unknown,fully_patched,True,student,3
ALT-000659,smartphone,Android 13,fully_patched,False,guest,4
ALT-000660,laptop,Unknown,fully_patched,True,faculty,2
ALT-000661,laptop,macOS 13,fully_patched,False,guest,2
ALT-000662,workstation,Android 13,partially_patched,True,faculty,0
ALT-000663,smartphone,macOS 13,partially_patched,True,student,3
ALT-000664,unknown,iOS 16,fully_patched,False,guest,3
ALT-000665,laptop,macOS 13,fully_patched,True,student,4
ALT-000666,unknown,Unknown,fully_patched,False,guest,3
ALT-000667,smartphone,macOS 13,partially_patched,True,student,5
ALT-000668,smartphone,macOS 13,unpatched,False,guest,1
ALT-000669,smartphone,Windows 11,fully_patched,False,guest,0
ALT-000670,unknown,Windows 11,fully_patched,False,guest,2
ALT-000671,tablet,iOS 16,partially_patched,True,student,4
ALT-000672,smartphone,Windows 10,fully_patched,True,student,0
ALT-000673,unknown,unknown,unknown,,unknown,
ALT-000674,laptop,Ubuntu 22.04,fully_patched,True,lab_admin,1
ALT-000675,unknown,unknown,unknown,,unknown,
ALT-000676,unknown,iOS 16,partially_patched,False,guest,5
ALT-000677,smartphone,Android 13,fully_patched,False,guest,2
ALT-000678,smartphone,iOS 16,unpatched,False,guest,2
ALT-000679,unknown,unknown,unknown,,unknown,
ALT-000680,unknown,Ubuntu 22.04,partially_patched,False,guest,1
ALT-000681,unknown,unknown,unknown,,unknown,
ALT-000682,smartphone,Windows 11,fully_patched,True,student,5
ALT-000683,laptop,Windows 11,fully_patched,True,student,4
ALT-000684,tablet,Windows 11,fully_patched,True,student,1
ALT-000685,unknown,unknown,unknown,,unknown,
ALT-000686,smartphone,Windows 10,fully_patched,False,guest,2
ALT-000687,unknown,unknown,unknown,,unknown,
ALT-000688,unknown,Windows 10,fully_patched,False,guest,4
ALT-000689,smartphone,Unknown,fully_patched,False,guest,1
ALT-000690,unknown,unknown,unknown,,unknown,
ALT-000691,smartphone,Unknown,fully_patched,False,guest,5
ALT-000692,smartphone,Windows 10,fully_patched,True,guest,0
ALT-000693,smartphone,Ubuntu 22.04,fully_patched,False,guest,5
ALT-000694,workstation,Ubuntu 22.04,fully_patched,True,lab_admin,5
ALT-000695,smartphone,Android 13,fully_patched,False,guest,4
ALT-000696,smartphone,Ubuntu 22.04,unpatched,False,guest,2
ALT-000697,smartphone,Ubuntu 22.04,fully_patched,False,guest,4
ALT-000698,server,macOS 13,fully_patched,True,faculty,1
ALT-000699,laptop,Ubuntu 22.04,fully_patched,False,guest,4
ALT-000700,laptop,Unknown,partially_patched,False,guest,0
ALT-000701,smartphone,Windows 11,partially_patched,True,student,4
ALT-000702,smartphone,iOS 16,fully_patched,True,guest,0
ALT-000703,tablet,Unknown,partially_patched,True,student,1
ALT-000704,laptop,Windows 11,fully_patched,False,guest,4
ALT-000705,unknown,iOS 16,partially_patched,False,guest,3
ALT-000706,unknown,unknown,unknown,,unknown,
ALT-000707,smartphone,Windows 10,fully_patched,False,guest,5
ALT-000708,smartphone,Unknown,fully_patched,True,student,2
ALT-000709,tablet,Unknown,fully_patched,True,student,5
ALT-000710,smartphone,Ubuntu 22.04,partially_patched,False,guest,4
ALT-000711,laptop,Windows 10,fully_patched,False,guest,4
ALT-000712,workstation,Android 13,partially_patched,True,faculty,4
ALT-000713,tablet,iOS 16,fully_patched,True,student,5
ALT-000714,workstation,Ubuntu 22.04,fully_patched,True,faculty,0
ALT-000715,unknown,Unknown,fully_patched,False,guest,4
ALT-000716,laptop,Unknown,unpatched,False,guest,2
ALT-000717,laptop,Android 13,fully_patched,True,lab_admin,5
ALT-000718,tablet,Windows 10,fully_patched,True,student,5
ALT-000719,smartphone,macOS 13,unknown,False,guest,3
ALT-000720,unknown,macOS 13,fully_patched,False,guest,4
ALT-000721,smartphone,Windows 11,fully_patched,True,student,3
ALT-000722,laptop,iOS 16,partially_patched,True,guest,0
ALT-000723,unknown,Ubuntu 22.04,unpatched,False,guest,1
ALT-000724,smartphone,macOS 13,fully_patched,True,student,2
ALT-000725,unknown,Unknown,partially_patched,False,guest,1
ALT-000726,unknown,unknown,unknown,,unknown,
ALT-000727,tablet,macOS 13,unpatched,True,student,4
ALT-000728,unknown,iOS 16,fully_patched,False,guest,5
ALT-000729,laptop,Windows 11,fully_patched,True,lab_admin,3
ALT-000730,laptop,Windows 10,unpatched,False,guest,5
ALT-000731,workstation,Ubuntu 22.04,fully_patched,True,faculty,0
ALT-000732,smartphone,Windows 10,fully_patched,False,guest,2
ALT-000733,laptop,iOS 16,fully_patched,True,student,5
ALT-000734,unknown,unknown,unknown,,unknown,
ALT-000735,laptop,Windows 11,partially_patched,False,guest,3
ALT-000736,laptop,Ubuntu 22.04,unpatched,True,lab_admin,1
ALT-000737,smartphone,macOS 13,fully_patched,True,student,4
ALT-000738,server,iOS 16,fully_patched,True,faculty,4
ALT-000739,smartphone,Android 13,unknown,True,student,2
ALT-000740,smartphone,Windows 11,fully_patched,False,guest,5
ALT-000741,laptop,iOS 16,fully_patched,False,guest,3
ALT-000742,smartphone,Windows 10,partially_patched,True,student,0
ALT-000743,laptop,iOS 16,fully_patched,False,guest,1
ALT-000744,unknown,Android 13,fully_patched,False,guest,4
ALT-000745,smartphone,Android 13,partially_patched,True,student,2
ALT-000746,unknown,macOS 13,fully_patched,False,guest,2
ALT-000747,laptop,Unknown,partially_patched,True,faculty,0
ALT-000748,laptop,Ubuntu 22.04,fully_patched,False,guest,0
ALT-000749,smartphone,iOS 16,partially_patched,False,guest,4
ALT-000750,laptop,iOS 16,partially_patched,True,student,4
ALT-000751,unknown,macOS 13,fully_patched,False,guest,2
ALT-000752,unknown,unknown,unknown,,unknown,
ALT-000753,unknown,Ubuntu 22.04,partially_patched,False,guest,3
ALT-000754,raspberry_pi,Unknown,fully_patched,True,lab_admin,2
ALT-000755,workstation,Ubuntu 22.04,unpatched,True,lab_admin,3
ALT-000756,smartphone,Windows 11,unknown,False,guest,0
ALT-000757,smartphone,macOS 13,partially_patched,True,student,4
ALT-000758,unknown,unknown,unknown,,unknown,
ALT-000759,smartphone,Windows 10,partially_patched,False,guest,4
ALT-000760,laptop,Windows 11,fully_patched,False,guest,2
ALT-000761,smartphone,Windows 10,fully_patched,True,student,2
ALT-000762,laptop,macOS 13,unpatched,False,guest,1
ALT-000763,laptop,Unknown,fully_patched,False,guest,2
ALT-000764,laptop,Unknown,partially_patched,True,student,3
ALT-000765,server,Windows 10,fully_patched,True,faculty,2
ALT-000766,smartphone,Windows 10,fully_patched,False,guest,5
ALT-000767,laptop,Windows 11,unpatched,False,guest,5
ALT-000768,unknown,unknown,unknown,,unknown,
ALT-000769,tablet,Android 13,partially_patched,True,student,4
ALT-000770,tablet,Windows 11,unpatched,True,student,1
ALT-000771,unknown,unknown,unknown,,unknown,
ALT-000772,laptop,Ubuntu 22.04,partially_patched,False,guest,1
ALT-000773,server,Android 13,partially_patched,True,lab_admin,2
ALT-000774,smartphone,Windows 11,fully_patched,True,student,3
ALT-000775,laptop,Windows 11,partially_patched,False,guest,3
ALT-000776,unknown,Unknown,fully_patched,False,guest,0
ALT-000777,unknown,Android 13,unknown,False,guest,1
ALT-000778,unknown,Android 13,fully_patched,False,guest,0
ALT-000779,laptop,Unknown,partially_patched,True,student,1
ALT-000780,tablet,Windows 11,unpatched,True,student,1
ALT-000781,tablet,Windows 11,fully_patched,True,student,0
ALT-000782,smartphone,iOS 16,fully_patched,False,guest,1
ALT-000783,smartphone,Windows 10,partially_patched,False,guest,1
ALT-000784,tablet,Windows 10,partially_patched,True,student,2
ALT-000785,tablet,Ubuntu 22.04,fully_patched,True,student,2
ALT-000786,tablet,macOS 13,partially_patched,True,student,3
ALT-000787,laptop,Android 13,unpatched,False,guest,1
ALT-000788,laptop,iOS 16,fully_patched,True,guest,0
ALT-000789,tablet,macOS 13,partially_patched,True,student,5
ALT-000790,laptop,Ubuntu 22.04,fully_patched,False,guest,2
ALT-000791,laptop,Windows 10,partially_patched,False,guest,0
ALT-000792,tablet,Unknown,fully_patched,True,student,2
ALT-000793,unknown,iOS 16,partially_patched,False,guest,4
ALT-000794,tablet,iOS 16,unpatched,True,student,0
ALT-000795,smartphone,Windows 11,unpatched,False,guest,5
ALT-000796,smartphone,Ubuntu 22.04,fully_patched,True,student,0
ALT-000797,smartphone,Android 13,partially_patched,True,student,2
ALT-000798,smartphone,Windows 11,partially_patched,True,student,2
ALT-000799,tablet,iOS 16,partially_patched,True,student,3
ALT-000800,smartphone,Unknown,fully_patched,False,guest,1
ALT-000801,laptop,Unknown,fully_patched,False,guest,0
ALT-000802,smartphone,macOS 13,fully_patched,False,guest,1
ALT-000803,tablet,macOS 13,unpatched,True,student,0
ALT-000804,laptop,Android 13,partially_patched,True,guest,0
ALT-000805,smartphone,Windows 11,partially_patched,True,student,5
ALT-000806,tablet,macOS 13,fully_patched,True,student,3
ALT-000807,tablet,Ubuntu 22.04,fully_patched,True,student,4
ALT-000808,tablet,Ubuntu 22.04,fully_patched,True,student,3
ALT-000809,unknown,unknown,unknown,,unknown,
ALT-000810,unknown,Unknown,fully_patched,False,guest,0
ALT-000811,laptop,Windows 11,fully_patched,True,student,5
ALT-000812,laptop,Windows 10,fully_patched,False,guest,2
ALT-000813,smartphone,Windows 11,unpatched,True,student,2
ALT-000814,unknown,Windows 10,partially_patched,False,guest,0
ALT-000815,server,Windows 11,partially_patched,True,lab_admin,0
ALT-000816,laptop,Android 13,fully_patched,False,guest,2
ALT-000817,workstation,Windows 11,fully_patched,True,lab_admin,0
ALT-000818,smartphone,Windows 10,partially_patched,True,guest,0
ALT-000819,laptop,Ubuntu 22.04,fully_patched,True,faculty,4
ALT-000820,laptop,macOS 13,fully_patched,True,faculty,5
ALT-000821,unknown,unknown,unknown,,unknown,
ALT-000822,smartphone,Unknown,partially_patched,False,guest,1
ALT-000823,laptop,Ubuntu 22.04,fully_patched,False,guest,2
ALT-000824,server,Windows 11,fully_patched,True,lab_admin,0
ALT-000825,smartphone,Unknown,fully_patched,False,guest,5
ALT-000826,smartphone,iOS 16,unknown,True,student,0
ALT-000827,server,Unknown,fully_patched,True,lab_admin,0
ALT-000828,tablet,Android 13,fully_patched,True,student,5
ALT-000829,unknown,iOS 16,fully_patched,False,guest,3
ALT-000830,laptop,Ubuntu 22.04,partially_patched,False,guest,5
ALT-000831,unknown,Windows 10,unknown,False,guest,0
ALT-000832,laptop,Windows 11,fully_patched,True,guest,0
ALT-000833,tablet,Ubuntu 22.04,fully_patched,True,student,2
ALT-000834,unknown,unknown,unknown,,unknown,
ALT-000835,unknown,unknown,unknown,,unknown,
ALT-000836,smartphone,macOS 13,unpatched,False,guest,3
ALT-000837,laptop,Windows 10,partially_patched,False,guest,3
ALT-000838,unknown,iOS 16,fully_patched,False,guest,5
ALT-000839,laptop,macOS 13,fully_patched,True,student,3
ALT-000840,laptop,Windows 10,fully_patched,True,student,0
ALT-000841,laptop,Ubuntu 22.04,unpatched,True,student,0
ALT-000842,laptop,Windows 10,partially_patched,False,guest,4
ALT-000843,smartphone,Ubuntu 22.04,partially_patched,True,student,4
ALT-000844,laptop,iOS 16,fully_patched,True,faculty,0
ALT-000845,laptop,iOS 16,partially_patched,False,guest,0
ALT-000846,tablet,Windows 10,fully_patched,True,student,5
ALT-000847,workstation,Ubuntu 22.04,fully_patched,True,faculty,5
ALT-000848,workstation,Windows 11,fully_patched,True,faculty,3
ALT-000849,workstation,macOS 13,fully_patched,True,faculty,2
ALT-000850,workstation,macOS 13,partially_patched,True,faculty,1
ALT-000851,unknown,unknown,unknown,,unknown,
ALT-000852,laptop,Unknown,partially_patched,True,student,3
ALT-000853,unknown,Windows 10,unpatched,False,guest,2
ALT-000854,tablet,Windows 10,partially_patched,True,student,4
ALT-000855,laptop,Windows 10,partially_patched,False,guest,2
ALT-000856,tablet,Ubuntu 22.04,partially_patched,True,student,2
ALT-000857,unknown,Ubuntu 22.04,partially_patched,False,guest,3
ALT-000858,laptop,Ubuntu 22.04,partially_patched,True,student,4
ALT-000859,laptop,Ubuntu 22.04,unknown,True,lab_admin,3
ALT-000860,unknown,macOS 13,fully_patched,False,guest,4
ALT-000861,unknown,Ubuntu 22.04,fully_patched,False,guest,0
ALT-000862,unknown,Windows 11,fully_patched,False,guest,2
ALT-000863,unknown,unknown,unknown,,unknown,
ALT-000864,smartphone,Windows 10,fully_patched,True,student,0
ALT-000865,laptop,Windows 11,fully_patched,False,guest,2
ALT-000866,laptop,iOS 16,partially_patched,True,student,4
ALT-000867,unknown,unknown,unknown,,unknown,
ALT-000868,unknown,unknown,unknown,,unknown,
ALT-000869,laptop,Windows 11,fully_patched,True,student,4
ALT-000870,smartphone,Windows 11,fully_patched,True,student,3
ALT-000871,smartphone,Unknown,unpatched,False,guest,5
ALT-000872,smartphone,macOS 13,fully_patched,True,student,3
ALT-000873,tablet,Windows 11,unpatched,True,student,4
ALT-000874,smartphone,Unknown,unpatched,False,guest,5
ALT-000875,smartphone,Ubuntu 22.04,fully_patched,False,guest,0
ALT-000876,laptop,Unknown,partially_patched,False,guest,5
ALT-000877,workstation,macOS 13,fully_patched,True,lab_admin,0
ALT-000878,smartphone,Android 13,unpatched,True,student,2
ALT-000879,unknown,unknown,unknown,,unknown,
ALT-000880,tablet,macOS 13,fully_patched,True,student,0
ALT-000881,unknown,Ubuntu 22.04,unpatched,False,guest,5
ALT-000882,laptop,Windows 10,partially_patched,True,lab_admin,0
ALT-000883,laptop,Ubuntu 22.04,partially_patched,True,student,2
ALT-000884,laptop,Unknown,partially_patched,False,guest,4
ALT-000885,laptop,Windows 10,fully_patched,True,lab_admin,1
ALT-000886,unknown,Windows 11,unpatched,False,guest,0
ALT-000887,unknown,unknown,unknown,,unknown,
ALT-000888,raspberry_pi,iOS 16,partially_patched,True,lab_admin,3
ALT-000889,tablet,Android 13,fully_patched,True,student,1
ALT-000890,laptop,Unknown,fully_patched,False,guest,2
ALT-000891,laptop,Unknown,partially_patched,False,guest,4
ALT-000892,unknown,unknown,unknown,,unknown,
ALT-000893,tablet,macOS 13,fully_patched,True,student,5
ALT-000894,laptop,Unknown,partially_patched,False,guest,0
ALT-000895,workstation,Windows 11,fully_patched,True,lab_admin,1
ALT-000896,tablet,Ubuntu 22.04,fully_patched,True,student,5
ALT-000897,smartphone,Windows 11,partially_patched,False,guest,5
ALT-000898,raspberry_pi,Android 13,partially_patched,True,faculty,4
ALT-000899,laptop,Ubuntu 22.04,fully_patched,False,guest,3
ALT-000900,smartphone,macOS 13,partially_patched,False,guest,2
ALT-000901,laptop,Windows 11,fully_patched,False,guest,3
ALT-000902,laptop,Windows 10,partially_patched,False,guest,3
ALT-000903,unknown,iOS 16,fully_patched,False,guest,0
ALT-000904,unknown,Unknown,partially_patched,False,guest,0
ALT-000905,unknown,unknown,unknown,,unknown,
ALT-000906,server,macOS 13,partially_patched,True,faculty,4
ALT-000907,laptop,macOS 13,fully_patched,True,student,0
ALT-000908,tablet,Windows 11,fully_patched,True,student,1
ALT-000909,smartphone,Ubuntu 22.04,fully_patched,False,guest,4
ALT-000910,smartphone,macOS 13,fully_patched,False,guest,3
ALT-000911,smartphone,macOS 13,fully_patched,False,guest,2
ALT-000912,smartphone,Android 13,fully_patched,True,guest,1
ALT-000913,workstation,Ubuntu 22.04,fully_patched,True,lab_admin,2
ALT-000914,unknown,unknown,unknown,,unknown,
ALT-000915,workstation,Android 13,unpatched,True,faculty,0
ALT-000916,smartphone,Windows 11,fully_patched,False,guest,0
ALT-000917,server,Unknown,partially_patched,True,faculty,4
ALT-000918,laptop,Windows 11,partially_patched,False,guest,5
ALT-000919,unknown,unknown,unknown,,unknown,
ALT-000920,smartphone,macOS 13,fully_patched,False,guest,0
ALT-000921,smartphone,Ubuntu 22.04,fully_patched,False,guest,2
ALT-000922,laptop,iOS 16,partially_patched,False,guest,0
ALT-000923,laptop,macOS 13,fully_patched,False,guest,4
ALT-000924,workstation,iOS 16,fully_patched,True,lab_admin,2
ALT-000925,laptop,Windows 10,unpatched,False,guest,1
ALT-000926,laptop,Windows 11,fully_patched,False,guest,0
ALT-000927,unknown,unknown,unknown,,unknown,
ALT-000928,laptop,Android 13,fully_patched,True,student,0
ALT-000929,laptop,Android 13,fully_patched,True,student,2
ALT-000930,unknown,Android 13,fully_patched,False,guest,0
ALT-000931,tablet,iOS 16,unpatched,True,student,1
ALT-000932,raspberry_pi,macOS 13,fully_patched,True,faculty,3
ALT-000933,laptop,macOS 13,fully_patched,True,student,4
ALT-000934,laptop,Android 13,unknown,True,lab_admin,0
ALT-000935,smartphone,Android 13,fully_patched,False,guest,1
ALT-000936,unknown,unknown,unknown,,unknown,
ALT-000937,tablet,Windows 10,partially_patched,True,guest,0
ALT-000938,workstation,Android 13,fully_patched,True,faculty,5
ALT-000939,smartphone,iOS 16,unpatched,False,guest,2
ALT-000940,smartphone,Ubuntu 22.04,fully_patched,False,guest,3
ALT-000941,smartphone,Unknown,partially_patched,True,student,0
ALT-000942,smartphone,macOS 13,fully_patched,False,guest,1
ALT-000943,laptop,Ubuntu 22.04,fully_patched,False,guest,5
ALT-000944,smartphone,iOS 16,fully_patched,False,guest,1
ALT-000945,laptop,Windows 11,fully_patched,False,guest,4
ALT-000946,smartphone,Windows 10,fully_patched,True,student,5
ALT-000947,unknown,unknown,unknown,,unknown,
ALT-000948,unknown,Windows 11,unpatched,False,guest,0
ALT-000949,smartphone,macOS 13,partially_patched,False,guest,1
ALT-000950,unknown,unknown,unknown,,unknown,
ALT-000951,smartphone,macOS 13,partially_patched,False,guest,4
ALT-000952,laptop,iOS 16,fully_patched,True,student,0
ALT-000953,laptop,Android 13,fully_patched,False,guest,4
ALT-000954,smartphone,Windows 11,unknown,False,guest,5
ALT-000955,laptop,Android 13,partially_patched,True,lab_admin,3
ALT-000956,unknown,unknown,unknown,,unknown,
ALT-000957,tablet,Android 13,unpatched,True,student,1
ALT-000958,unknown,Ubuntu 22.04,partially_patched,False,guest,2
ALT-000959,server,Ubuntu 22.04,unknown,True,lab_admin,0
ALT-000960,laptop,Unknown,fully_patched,True,student,1
ALT-000961,smartphone,Windows 10,partially_patched,False,guest,2
ALT-000962,smartphone,Unknown,unpatched,False,guest,4
ALT-000963,smartphone,Unknown,unpatched,False,guest,1
ALT-000964,laptop,macOS 13,unpatched,False,guest,4
ALT-000965,raspberry_pi,Ubuntu 22.04,partially_patched,True,faculty,5
ALT-000966,unknown,Unknown,partially_patched,False,guest,3
ALT-000967,smartphone,Unknown,fully_patched,True,student,3
ALT-000968,unknown,Windows 11,partially_patched,False,guest,5
ALT-000969,workstation,Unknown,partially_patched,True,faculty,1
ALT-000970,laptop,Windows 10,unknown,False,guest,4
ALT-000971,unknown,iOS 16,fully_patched,False,guest,5
ALT-000972,unknown,Ubuntu 22.04,unpatched,False,guest,4
ALT-000973,laptop,Android 13,partially_patched,False,guest,3
ALT-000974,unknown,Windows 11,fully_patched,False,guest,2
ALT-000975,laptop,Unknown,partially_patched,False,guest,0
ALT-000976,laptop,Android 13,fully_patched,True,student,0
ALT-000977,raspberry_pi,Ubuntu 22.04,fully_patched,True,lab_admin,4
ALT-000978,raspberry_pi,Android 13,fully_patched,True,faculty,0
ALT-000979,smartphone,Android 13,fully_patched,True,student,5
ALT-000980,unknown,Android 13,fully_patched,False,guest,5
ALT-000981,unknown,Windows 10,unpatched,False,guest,3
ALT-000982,laptop,Windows 10,fully_patched,False,guest,2
ALT-000983,tablet,iOS 16,partially_patched,True,guest,0
ALT-000984,unknown,unknown,unknown,,unknown,
ALT-000985,laptop,Unknown,partially_patched,False,guest,5
ALT-000986,smartphone,Windows 10,fully_patched,False,guest,5
ALT-000987,unknown,unknown,unknown,,unknown,
ALT-000988,smartphone,iOS 16,unpatched,True,student,5
ALT-000989,unknown,macOS 13,fully_patched,False,guest,3
ALT-000990,smartphone,Windows 11,fully_patched,True,student,1
ALT-000991,laptop,Ubuntu 22.04,unpatched,False,guest,1
ALT-000992,laptop,iOS 16,unpatched,False,guest,2
ALT-000993,laptop,Windows 10,fully_patched,False,guest,5
ALT-000994,smartphone,Unknown,partially_patched,True,student,4
ALT-000995,laptop,Windows 10,fully_patched,True,student,4
ALT-000996,tablet,Android 13,fully_patched,True,student,3
ALT-000997,unknown,unknown,unknown,,unknown,
ALT-000998,laptop,Windows 11,fully_patched,True,student,3
ALT-000999,laptop,Unknown,fully_patched,False,guest,1
ALT-001000,smartphone,Windows 10,fully_patched,True,student,5
ALT-001001,unknown,Ubuntu 22.04,fully_patched,False,guest,5
ALT-001002,tablet,Unknown,partially_patched,True,student,4
ALT-001003,unknown,Ubuntu 22.04,partially_patched,False,guest,4
ALT-001004,laptop,Unknown,fully_patched,True,student,4
ALT-001005,unknown,unknown,unknown,,unknown,
ALT-001006,server,Ubuntu 22.04,partially_patched,True,faculty,1
ALT-001007,unknown,unknown,unknown,,unknown,
ALT-001008,smartphone,macOS 13,unknown,False,guest,4
ALT-001009,laptop,Android 13,fully_patched,False,guest,5
ALT-001010,unknown,macOS 13,fully_patched,False,guest,3
ALT-001011,tablet,iOS 16,unpatched,True,student,1
ALT-001012,smartphone,Unknown,fully_patched,False,guest,3
ALT-001013,laptop,macOS 13,unpatched,True,student,1
ALT-001014,workstation,Windows 11,partially_patched,True,lab_admin,3
ALT-001015,smartphone,macOS 13,fully_patched,True,student,5
ALT-001016,unknown,Windows 10,fully_patched,False,guest,1
ALT-001017,tablet,Windows 10,fully_patched,True,student,0
ALT-001018,unknown,Ubuntu 22.04,fully_patched,False,guest,2
ALT-001019,unknown,unknown,unknown,,unknown,
ALT-001020,workstation,macOS 13,fully_patched,True,faculty,2
ALT-001021,tablet,Ubuntu 22.04,fully_patched,True,student,4
ALT-001022,laptop,iOS 16,unpatched,False,guest,1
ALT-001023,workstation,Windows 10,fully_patched,True,lab_admin,4
ALT-001024,laptop,macOS 13,partially_patched,False,guest,1
ALT-001025,tablet,Android 13,fully_patched,False,guest,0
ALT-001026,smartphone,Unknown,partially_patched,True,student,0
ALT-001027,unknown,Ubuntu 22.04,fully_patched,False,guest,3
ALT-001028,laptop,Ubuntu 22.04,fully_patched,False,guest,0
ALT-001029,smartphone,Windows 10,unknown,False,guest,1
ALT-001030,smartphone,macOS 13,unknown,False,guest,1
ALT-001031,smartphone,iOS 16,unpatched,False,guest,4
ALT-001032,workstation,Windows 10,partially_patched,True,faculty,0
ALT-001033,tablet,Unknown,partially_patched,True,student,4
ALT-001034,workstation,Android 13,unpatched,True,lab_admin,4
ALT-001035,smartphone,Unknown,fully_patched,True,student,2
ALT-001036,server,Windows 10,fully_patched,True,lab_admin,0
ALT-001037,tablet,Unknown,unpatched,True,student,0
ALT-001038,smartphone,macOS 13,unpatched,True,student,1
ALT-001039,unknown,unknown,unknown,,unknown,
ALT-001040,laptop,Windows 10,fully_patched,False,guest,0
ALT-001041,tablet,Android 13,fully_patched,True,student,1
ALT-001042,unknown,iOS 16,fully_patched,False,guest,4
ALT-001043,smartphone,macOS 13,unknown,False,guest,4
ALT-001044,unknown,unknown,unknown,,unknown,
ALT-001045,smartphone,Windows 11,partially_patched,False,guest,1
ALT-001046,laptop,iOS 16,unknown,False,guest,2
ALT-001047,unknown,unknown,unknown,,unknown,
ALT-001048,smartphone,Windows 11,partially_patched,True,student,0
ALT-001049,unknown,unknown,unknown,,unknown,
ALT-001050,unknown,Ubuntu 22.04,partially_patched,False,guest,3
ALT-001051,unknown,Ubuntu 22.04,fully_patched,False,guest,2
ALT-001052,laptop,Ubuntu 22.04,fully_patched,True,faculty,0
ALT-001053,laptop,Android 13,partially_patched,True,student,3
ALT-001054,workstation,iOS 16,fully_patched,True,lab_admin,2
ALT-001055,unknown,Ubuntu 22.04,fully_patched,False,guest,3
ALT-001056,laptop,Unknown,partially_patched,True,student,4
ALT-001057,smartphone,Unknown,fully_patched,False,guest,5
ALT-001058,smartphone,iOS 16,fully_patched,False,guest,4
ALT-001059,laptop,Unknown,unpatched,False,guest,3
ALT-001060,unknown,Unknown,unknown,False,guest,4
ALT-001061,smartphone,iOS 16,unpatched,True,student,0
ALT-001062,laptop,Ubuntu 22.04,fully_patched,True,student,5
ALT-001063,laptop,Android 13,partially_patched,True,student,5
ALT-001064,smartphone,Ubuntu 22.04,partially_patched,False,guest,4
ALT-001065,workstation,Ubuntu 22.04,partially_patched,True,faculty,3
ALT-001066,laptop,Windows 11,unpatched,True,student,2
ALT-001067,laptop,iOS 16,fully_patched,False,guest,1
ALT-001068,workstation,Ubuntu 22.04,fully_patched,True,faculty,0
ALT-001069,raspberry_pi,Android 13,fully_patched,True,faculty,1
ALT-001070,laptop,Windows 11,partially_patched,False,guest,5
ALT-001071,unknown,iOS 16,fully_patched,False,guest,5
ALT-001072,laptop,Windows 11,partially_patched,True,student,1
ALT-001073,laptop,iOS 16,fully_patched,False,guest,3
ALT-001074,raspberry_pi,iOS 16,partially_patched,True,faculty,0
ALT-001075,laptop,Ubuntu 22.04,unpatched,False,guest,2
ALT-001076,server,Windows 11,unpatched,True,lab_admin,5
ALT-001077,unknown,macOS 13,partially_patched,False,guest,3
ALT-001078,laptop,Windows 11,partially_patched,False,guest,5
ALT-001079,tablet,Windows 10,fully_patched,True,student,3
ALT-001080,unknown,unknown,unknown,,unknown,
ALT-001081,laptop,Ubuntu 22.04,partially_patched,True,student,3
ALT-001082,unknown,Windows 11,fully_patched,False,guest,1
ALT-001083,smartphone,macOS 13,partially_patched,True,student,5
ALT-001084,laptop,Windows 10,unpatched,False,guest,2
ALT-001085,laptop,iOS 16,partially_patched,True,student,1
ALT-001086,tablet,Windows 10,fully_patched,True,student,5
ALT-001087,smartphone,Unknown,fully_patched,False,guest,1
ALT-001088,tablet,Ubuntu 22.04,partially_patched,True,student,2
ALT-001089,smartphone,macOS 13,fully_patched,False,guest,1
ALT-001090,laptop,Ubuntu 22.04,partially_patched,False,guest,3
ALT-001091,smartphone,iOS 16,fully_patched,False,guest,4
ALT-001092,unknown,Android 13,fully_patched,False,guest,0
ALT-001093,laptop,Ubuntu 22.04,unpatched,True,student,4
ALT-001094,laptop,Android 13,partially_patched,False,guest,5
ALT-001095,tablet,Android 13,unpatched,True,student,0
ALT-001096,smartphone,Android 13,unpatched,False,guest,4
ALT-001097,server,Ubuntu 22.04,unpatched,True,lab_admin,2
ALT-001098,laptop,iOS 16,unknown,True,faculty,3
ALT-001099,unknown,Android 13,fully_patched,False,guest,5
ALT-001100,tablet,iOS 16,fully_patched,False,guest,0
ALT-001101,smartphone,Windows 10,fully_patched,False,guest,0
ALT-001102,smartphone,Android 13,unpatched,False,guest,2
ALT-001103,laptop,Ubuntu 22.04,partially_patched,False,guest,2
ALT-001104,unknown,unknown,unknown,,unknown,
ALT-001105,smartphone,macOS 13,fully_patched,False,guest,0
ALT-001106,tablet,Unknown,partially_patched,True,student,0
ALT-001107,smartphone,Windows 11,unknown,False,guest,4
ALT-001108,unknown,iOS 16,fully_patched,False,guest,2
ALT-001109,smartphone,iOS 16,fully_patched,True,student,4
ALT-001110,laptop,Android 13,fully_patched,True,student,0
ALT-001111,smartphone,macOS 13,partially_patched,False,guest,4
ALT-001112,unknown,Unknown,fully_patched,False,guest,1
ALT-001113,laptop,Unknown,unpatched,True,student,4
ALT-001114,unknown,unknown,unknown,,unknown,
ALT-001115,smartphone,Windows 11,unpatched,False,guest,3
ALT-001116,laptop,Unknown,partially_patched,False,guest,1
ALT-001117,smartphone,Windows 10,fully_patched,False,guest,0
ALT-001118,unknown,Ubuntu 22.04,fully_patched,False,guest,4
ALT-001119,workstation,iOS 16,partially_patched,True,faculty,5
ALT-001120,workstation,Windows 10,fully_patched,True,faculty,3
ALT-001121,tablet,Windows 11,fully_patched,True,student,1
ALT-001122,laptop,macOS 13,fully_patched,True,lab_admin,3
ALT-001123,laptop,Windows 11,fully_patched,True,guest,0
ALT-001124,unknown,Windows 10,fully_patched,False,guest,1
ALT-001125,laptop,Unknown,partially_patched,False,guest,2
ALT-001126,laptop,Android 13,fully_patched,False,guest,2
ALT-001127,smartphone,iOS 16,fully_patched,True,student,4
ALT-001128,unknown,Ubuntu 22.04,unpatched,False,guest,4
ALT-001129,workstation,Windows 11,fully_patched,True,lab_admin,0
ALT-001130,smartphone,Windows 11,fully_patched,False,guest,3
ALT-001131,tablet,macOS 13,fully_patched,True,student,5
ALT-001132,laptop,iOS 16,partially_patched,False,guest,3
ALT-001133,laptop,Windows 11,fully_patched,False,guest,3
ALT-001134,unknown,Windows 11,fully_patched,False,guest,2
ALT-001135,laptop,iOS 16,unknown,False,guest,1
ALT-001136,laptop,Windows 11,fully_patched,True,student,4
ALT-001137,unknown,Unknown,fully_patched,False,guest,5
ALT-001138,smartphone,iOS 16,partially_patched,False,guest,0
ALT-001139,laptop,Unknown,partially_patched,False,guest,4
ALT-001140,smartphone,Windows 10,partially_patched,True,student,0
ALT-001141,tablet,Android 13,partially_patched,True,guest,0
ALT-001142,tablet,Unknown,partially_patched,True,student,3
ALT-001143,laptop,Unknown,fully_patched,True,student,3
ALT-001144,smartphone,Android 13,partially_patched,True,student,1
ALT-001145,unknown,macOS 13,partially_patched,False,guest,4
ALT-001146,smartphone,iOS 16,partially_patched,True,student,0
ALT-001147,smartphone,Windows 11,fully_patched,False,guest,2
ALT-001148,laptop,Windows 11,partially_patched,True,student,3
ALT-001149,raspberry_pi,macOS 13,fully_patched,True,lab_admin,0
ALT-001150,laptop,iOS 16,partially_patched,True,student,4
ALT-001151,tablet,Windows 11,fully_patched,True,student,0
ALT-001152,workstation,Windows 11,partially_patched,True,faculty,5
ALT-001153,laptop,macOS 13,partially_patched,False,guest,3
ALT-001154,smartphone,Unknown,fully_patched,True,student,3
ALT-001155,workstation,Android 13,fully_patched,True,faculty,3
ALT-001156,workstation,iOS 16,fully_patched,True,lab_admin,2
ALT-001157,smartphone,iOS 16,fully_patched,True,student,0
ALT-001158,workstation,iOS 16,fully_patched,True,faculty,3
ALT-001159,smartphone,macOS 13,unpatched,False,guest,5
ALT-001160,smartphone,Ubuntu 22.04,unpatched,True,student,5
ALT-001161,smartphone,Unknown,fully_patched,False,guest,3
ALT-001162,laptop,Unknown,unknown,True,student,1
ALT-001163,smartphone,Windows 11,fully_patched,False,guest,4
ALT-001164,laptop,Windows 11,unknown,True,student,4
ALT-001165,laptop,macOS 13,fully_patched,False,guest,3
ALT-001166,smartphone,Windows 11,partially_patched,True,student,1
ALT-001167,laptop,Windows 11,fully_patched,True,student,4
ALT-001168,smartphone,iOS 16,fully_patched,True,student,2
ALT-001169,smartphone,Ubuntu 22.04,unpatched,False,guest,0
ALT-001170,laptop,Android 13,fully_patched,False,guest,3
ALT-001171,tablet,Android 13,unknown,True,student,4
ALT-001172,tablet,iOS 16,partially_patched,True,student,5
ALT-001173,tablet,Unknown,unpatched,True,student,5
ALT-001174,unknown,Windows 10,fully_patched,False,guest,0
ALT-001175,smartphone,Android 13,partially_patched,False,guest,0
ALT-001176,unknown,Unknown,fully_patched,False,guest,1
ALT-001177,laptop,Unknown,fully_patched,True,student,4
ALT-001178,workstation,Android 13,unpatched,True,faculty,2
ALT-001179,raspberry_pi,Unknown,fully_patched,True,lab_admin,2
ALT-001180,unknown,Android 13,fully_patched,False,guest,4
ALT-001181,smartphone,Android 13,fully_patched,False,guest,3
ALT-001182,smartphone,Windows 10,unpatched,True,student,0
ALT-001183,laptop,macOS 13,fully_patched,True,guest,0
ALT-001184,unknown,unknown,unknown,,unknown,
ALT-001185,tablet,iOS 16,fully_patched,True,student,4
ALT-001186,laptop,Unknown,unpatched,False,guest,2
ALT-001187,laptop,iOS 16,partially_patched,False,guest,1
ALT-001188,unknown,iOS 16,unpatched,False,guest,1
ALT-001189,laptop,Windows 10,fully_patched,False,guest,2
ALT-001190,unknown,Windows 10,fully_patched,False,guest,5
ALT-001191,smartphone,Android 13,fully_patched,False,guest,4
ALT-001192,unknown,Ubuntu 22.04,unpatched,False,guest,5
ALT-001193,unknown,Windows 10,unpatched,False,guest,1
ALT-001194,smartphone,Android 13,partially_patched,True,student,5
ALT-001195,smartphone,iOS 16,partially_patched,True,guest,0
ALT-001196,tablet,Windows 10,fully_patched,False,guest,0
ALT-001197,smartphone,Ubuntu 22.04,unknown,False,guest,4
ALT-001198,smartphone,iOS 16,unpatched,True,student,4
ALT-001199,unknown,Ubuntu 22.04,unpatched,False,guest,5
ALT-001200,laptop,Unknown,fully_patched,False,guest,2
ALT-001201,workstation,Ubuntu 22.04,partially_patched,True,faculty,5
ALT-001202,unknown,unknown,unknown,,unknown,
ALT-001203,laptop,iOS 16,unpatched,True,faculty,2
ALT-001204,laptop,Ubuntu 22.04,partially_patched,True,student,0
ALT-001205,smartphone,macOS 13,fully_patched,False,guest,5
ALT-001206,laptop,Ubuntu 22.04,unpatched,True,student,5
ALT-001207,smartphone,Unknown,fully_patched,False,guest,5
ALT-001208,smartphone,Windows 11,fully_patched,False,guest,2
ALT-001209,smartphone,Android 13,fully_patched,False,guest,0
ALT-001210,laptop,macOS 13,fully_patched,False,guest,3
ALT-001211,unknown,iOS 16,fully_patched,False,guest,1
ALT-001212,smartphone,Unknown,unknown,False,guest,1
ALT-001213,laptop,Windows 10,partially_patched,False,guest,0
ALT-001214,laptop,Android 13,unknown,False,guest,3
ALT-001215,workstation,Android 13,partially_patched,True,faculty,3
ALT-001216,laptop,Unknown,partially_patched,True,student,5
ALT-001217,unknown,unknown,unknown,,unknown,
ALT-001218,unknown,Windows 11,unpatched,False,guest,5
ALT-001219,smartphone,iOS 16,partially_patched,True,student,1
ALT-001220,unknown,iOS 16,fully_patched,False,guest,2
ALT-001221,raspberry_pi,Ubuntu 22.04,partially_patched,True,lab_admin,0
ALT-001222,laptop,macOS 13,fully_patched,False,guest,4
ALT-001223,laptop,Unknown,partially_patched,False,guest,4
ALT-001224,server,Unknown,fully_patched,True,faculty,0
ALT-001225,smartphone,Unknown,fully_patched,False,guest,1
ALT-001226,laptop,Android 13,fully_patched,False,guest,1
ALT-001227,unknown,unknown,unknown,,unknown,
ALT-001228,smartphone,Windows 10,partially_patched,False,guest,1
ALT-001229,unknown,Android 13,unpatched,False,guest,2
ALT-001230,unknown,Windows 11,fully_patched,False,guest,4
ALT-001231,unknown,macOS 13,fully_patched,False,guest,1
ALT-001232,laptop,Windows 10,unpatched,False,guest,4
ALT-001233,smartphone,Windows 10,fully_patched,False,guest,5
ALT-001234,tablet,Ubuntu 22.04,unknown,True,student,3
ALT-001235,smartphone,iOS 16,fully_patched,True,student,5
ALT-001236,workstation,Windows 10,fully_patched,True,lab_admin,1
ALT-001237,smartphone,iOS 16,partially_patched,False,guest,4
ALT-001238,smartphone,iOS 16,fully_patched,False,guest,4
ALT-001239,tablet,Unknown,partially_patched,True,student,1
ALT-001240,workstation,macOS 13,partially_patched,True,faculty,0
ALT-001241,laptop,Windows 10,unknown,False,guest,0
ALT-001242,tablet,Windows 10,partially_patched,True,student,4
ALT-001243,smartphone,Android 13,fully_patched,False,guest,0
ALT-001244,tablet,Ubuntu 22.04,fully_patched,True,student,0
ALT-001245,laptop,Windows 10,partially_patched,True,lab_admin,0
ALT-001246,server,Unknown,fully_patched,True,faculty,0
ALT-001247,laptop,Unknown,fully_patched,True,student,5
ALT-001248,smartphone,iOS 16,unknown,False,guest,5
ALT-001249,smartphone,Windows 10,partially_patched,True,student,2
ALT-001250,laptop,Windows 10,fully_patched,True,lab_admin,2
ALT-001251,smartphone,Windows 11,fully_patched,False,guest,5
ALT-001252,laptop,macOS 13,unpatched,False,guest,0
ALT-001253,laptop,Ubuntu 22.04,partially_patched,True,student,4
ALT-001254,unknown,Windows 11,fully_patched,False,guest,3
ALT-001255,smartphone,macOS 13,fully_patched,True,student,0
ALT-001256,smartphone,macOS 13,fully_patched,False,guest,1
ALT-001257,unknown,unknown,unknown,,unknown,
ALT-001258,laptop,Unknown,unpatched,False,guest,1
ALT-001259,unknown,unknown,unknown,,unknown,
ALT-001260,unknown,Windows 11,fully_patched,False,guest,5
ALT-001261,laptop,Ubuntu 22.04,partially_patched,True,student,5
ALT-001262,unknown,unknown,unknown,,unknown,
ALT-001263,raspberry_pi,macOS 13,fully_patched,True,faculty,0
ALT-001264,unknown,unknown,unknown,,unknown,
ALT-001265,smartphone,Android 13,partially_patched,False,guest,2
ALT-001266,laptop,iOS 16,partially_patched,False,guest,0
ALT-001267,laptop,iOS 16,fully_patched,True,student,5
ALT-001268,laptop,Windows 11,partially_patched,False,guest,2
ALT-001269,smartphone,Android 13,fully_patched,False,guest,2
ALT-001270,tablet,Windows 10,fully_patched,True,guest,1
ALT-001271,unknown,Unknown,fully_patched,False,guest,1
ALT-001272,unknown,Windows 10,fully_patched,False,guest,3
ALT-001273,server,Windows 11,partially_patched,True,lab_admin,1
ALT-001274,smartphone,Windows 11,partially_patched,False,guest,1
ALT-001275,laptop,iOS 16,partially_patched,False,guest,5
ALT-001276,tablet,Ubuntu 22.04,fully_patched,True,student,1
ALT-001277,workstation,Android 13,unpatched,True,faculty,3
ALT-001278,tablet,Unknown,fully_patched,True,student,1
ALT-001279,laptop,Android 13,unpatched,True,student,0
ALT-001280,laptop,Unknown,partially_patched,False,guest,2
ALT-001281,laptop,Android 13,fully_patched,True,student,4
ALT-001282,smartphone,Android 13,fully_patched,False,guest,4
ALT-001283,laptop,Unknown,unpatched,False,guest,0
ALT-001284,laptop,Unknown,partially_patched,True,lab_admin,5
ALT-001285,laptop,iOS 16,fully_patched,True,lab_admin,4
ALT-001286,smartphone,Windows 11,partially_patched,True,student,5
ALT-001287,unknown,Windows 11,partially_patched,False,guest,0
ALT-001288,server,iOS 16,fully_patched,True,lab_admin,1
ALT-001289,smartphone,Android 13,fully_patched,True,student,2
ALT-001290,unknown,unknown,unknown,,unknown,
ALT-001291,tablet,Ubuntu 22.04,fully_patched,True,student,4
ALT-001292,tablet,Unknown,fully_patched,True,student,5
ALT-001293,server,Unknown,partially_patched,True,faculty,3
ALT-001294,workstation,macOS 13,fully_patched,True,faculty,3
ALT-001295,workstation,Windows 10,fully_patched,True,faculty,4
ALT-001296,unknown,Windows 10,unpatched,False,guest,1
ALT-001297,unknown,Windows 11,partially_patched,False,guest,2
ALT-001298,laptop,Windows 11,fully_patched,True,student,1
ALT-001299,unknown,macOS 13,unpatched,False,guest,4
ALT-001300,unknown,Ubuntu 22.04,partially_patched,False,guest,1
ALT-001301,smartphone,Android 13,fully_patched,False,guest,4
ALT-001302,laptop,Unknown,fully_patched,True,student,5
ALT-001303,laptop,Windows 10,fully_patched,True,student,2
ALT-001304,unknown,unknown,unknown,,unknown,
ALT-001305,unknown,unknown,unknown,,unknown,
ALT-001306,laptop,macOS 13,fully_patched,False,guest,2
ALT-001307,smartphone,Unknown,fully_patched,False,guest,5
ALT-001308,unknown,unknown,unknown,,unknown,
ALT-001309,smartphone,Windows 10,partially_patched,False,guest,5
ALT-001310,smartphone,Android 13,fully_patched,True,student,5
ALT-001311,smartphone,iOS 16,partially_patched,False,guest,2
ALT-001312,tablet,iOS 16,fully_patched,True,student,1
ALT-001313,smartphone,macOS 13,fully_patched,True,student,5
ALT-001314,laptop,macOS 13,fully_patched,True,student,2
ALT-001315,unknown,Windows 11,unpatched,False,guest,3
ALT-001316,smartphone,Android 13,unpatched,False,guest,1
ALT-001317,laptop,macOS 13,fully_patched,True,faculty,1
ALT-001318,laptop,Android 13,fully_patched,True,student,4
ALT-001319,unknown,unknown,unknown,,unknown,
ALT-001320,unknown,unknown,unknown,,unknown,
ALT-001321,unknown,Unknown,fully_patched,False,guest,3
ALT-001322,laptop,Windows 11,unpatched,False,guest,1
ALT-001323,laptop,Windows 10,unknown,False,guest,1
ALT-001324,laptop,Windows 10,fully_patched,True,student,3
ALT-001325,smartphone,Windows 10,fully_patched,False,guest,0
ALT-001326,tablet,Windows 10,partially_patched,True,student,5
ALT-001327,smartphone,Windows 11,unpatched,True,student,1
ALT-001328,laptop,iOS 16,partially_patched,False,guest,5
ALT-001329,tablet,iOS 16,fully_patched,True,student,5
ALT-001330,laptop,Ubuntu 22.04,fully_patched,False,guest,3
ALT-001331,smartphone,Windows 10,fully_patched,False,guest,4
ALT-001332,smartphone,Windows 11,fully_patched,True,student,3
ALT-001333,workstation,Android 13,fully_patched,True,faculty,0
ALT-001334,laptop,Windows 11,unpatched,False,guest,5
ALT-001335,laptop,macOS 13,fully_patched,False,guest,1
ALT-001336,smartphone,iOS 16,fully_patched,True,student,0
ALT-001337,server,Ubuntu 22.04,partially_patched,True,faculty,5
ALT-001338,smartphone,Unknown,fully_patched,True,student,4
ALT-001339,laptop,Ubuntu 22.04,fully_patched,True,student,2
ALT-001340,laptop,Android 13,partially_patched,True,student,1
ALT-001341,smartphone,iOS 16,fully_patched,False,guest,0
ALT-001342,laptop,Windows 10,unpatched,False,guest,5
ALT-001343,laptop,iOS 16,partially_patched,False,guest,1
ALT-001344,smartphone,Windows 11,partially_patched,False,guest,1
ALT-001345,laptop,macOS 13,unpatched,True,student,4
ALT-001346,unknown,Windows 10,fully_patched,False,guest,1
ALT-001347,unknown,iOS 16,fully_patched,False,guest,3
ALT-001348,workstation,Android 13,unpatched,True,faculty,5
ALT-001349,unknown,Unknown,partially_patched,False,guest,2
ALT-001350,unknown,Windows 11,unpatched,False,guest,1
ALT-001351,laptop,Android 13,partially_patched,False,guest,1
ALT-001352,smartphone,Windows 11,unpatched,True,student,3
ALT-001353,laptop,Windows 11,partially_patched,True,student,4
ALT-001354,smartphone,iOS 16,partially_patched,False,guest,2
ALT-001355,unknown,unknown,unknown,,unknown,
ALT-001356,tablet,Windows 11,fully_patched,True,student,1
ALT-001357,tablet,Ubuntu 22.04,unpatched,True,student,1
ALT-001358,unknown,unknown,unknown,,unknown,
ALT-001359,laptop,Ubuntu 22.04,fully_patched,True,student,4
ALT-001360,smartphone,macOS 13,partially_patched,True,student,1
ALT-001361,laptop,Windows 10,fully_patched,False,guest,4
ALT-001362,unknown,unknown,unknown,,unknown,
ALT-001363,laptop,iOS 16,fully_patched,True,student,2
ALT-001364,unknown,Ubuntu 22.04,fully_patched,False,guest,3
ALT-001365,workstation,Ubuntu 22.04,fully_patched,True,lab_admin,0
ALT-001366,unknown,unknown,unknown,,unknown,
ALT-001367,tablet,Unknown,fully_patched,True,student,3
ALT-001368,laptop,Android 13,partially_patched,True,student,4
ALT-001369,workstation,Windows 11,fully_patched,True,lab_admin,4
ALT-001370,unknown,unknown,unknown,,unknown,
ALT-001371,unknown,unknown,unknown,,unknown,
ALT-001372,server,Windows 10,fully_patched,True,faculty,4
ALT-001373,laptop,macOS 13,fully_patched,False,guest,4
ALT-001374,smartphone,Unknown,fully_patched,False,guest,4
ALT-001375,laptop,Windows 10,partially_patched,True,faculty,0
ALT-001376,laptop,Windows 11,fully_patched,False,guest,5
ALT-001377,unknown,unknown,unknown,,unknown,
ALT-001378,smartphone,Windows 11,fully_patched,False,guest,3
ALT-001379,smartphone,Unknown,fully_patched,False,guest,0
ALT-001380,laptop,Unknown,partially_patched,False,guest,3
ALT-001381,raspberry_pi,Ubuntu 22.04,partially_patched,True,lab_admin,2
ALT-001382,laptop,Unknown,fully_patched,False,guest,5
ALT-001383,unknown,Ubuntu 22.04,partially_patched,False,guest,5
ALT-001384,smartphone,Windows 11,unpatched,True,student,2
ALT-001385,laptop,macOS 13,unpatched,False,guest,1
ALT-001386,smartphone,iOS 16,fully_patched,False,guest,0
ALT-001387,tablet,Ubuntu 22.04,partially_patched,True,student,0
ALT-001388,tablet,Ubuntu 22.04,fully_patched,True,student,3
ALT-001389,unknown,Windows 11,fully_patched,False,guest,4
ALT-001390,tablet,Windows 10,partially_patched,True,guest,0
ALT-001391,unknown,unknown,unknown,,unknown,
ALT-001392,laptop,Windows 11,partially_patched,True,student,0
ALT-001393,smartphone,Ubuntu 22.04,partially_patched,False,guest,2
ALT-001394,laptop,Android 13,partially_patched,True,lab_admin,1
ALT-001395,tablet,macOS 13,fully_patched,True,student,2
ALT-001396,smartphone,Windows 10,fully_patched,True,student,2
ALT-001397,unknown,Android 13,partially_patched,False,guest,2
ALT-001398,tablet,Android 13,fully_patched,True,student,0
ALT-001399,laptop,Android 13,fully_patched,False,guest,0
ALT-001400,unknown,macOS 13,unpatched,False,guest,0
ALT-001401,server,Unknown,fully_patched,True,lab_admin,2
ALT-001402,laptop,Unknown,fully_patched,True,student,1
ALT-001403,laptop,iOS 16,partially_patched,True,guest,0
ALT-001404,smartphone,macOS 13,fully_patched,False,guest,3
ALT-001405,workstation,Android 13,unknown,True,lab_admin,3
ALT-001406,unknown,Android 13,fully_patched,False,guest,3
ALT-001407,smartphone,Windows 10,fully_patched,False,guest,4
ALT-001408,unknown,Windows 10,fully_patched,False,guest,4
ALT-001409,smartphone,Windows 11,unpatched,True,student,0
ALT-001410,smartphone,iOS 16,partially_patched,False,guest,2
ALT-001411,smartphone,Windows 11,fully_patched,True,student,3
ALT-001412,unknown,Ubuntu 22.04,unpatched,False,guest,5
ALT-001413,unknown,unknown,unknown,,unknown,
ALT-001414,unknown,unknown,unknown,,unknown,
ALT-001415,smartphone,Android 13,fully_patched,False,guest,2
ALT-001416,workstation,iOS 16,fully_patched,True,lab_admin,1
ALT-001417,smartphone,Windows 10,partially_patched,True,student,4
ALT-001418,unknown,Unknown,fully_patched,False,guest,4
ALT-001419,smartphone,Windows 10,fully_patched,True,student,4
ALT-001420,laptop,Ubuntu 22.04,fully_patched,False,guest,5
ALT-001421,laptop,macOS 13,fully_patched,True,student,0
ALT-001422,unknown,Android 13,partially_patched,False,guest,5
ALT-001423,laptop,Android 13,fully_patched,True,student,2
ALT-001424,unknown,Android 13,unpatched,False,guest,5
ALT-001425,unknown,unknown,unknown,,unknown,
ALT-001426,unknown,Windows 10,partially_patched,False,guest,2
ALT-001427,unknown,macOS 13,fully_patched,False,guest,2
ALT-001428,laptop,macOS 13,unpatched,False,guest,4
ALT-001429,smartphone,Ubuntu 22.04,partially_patched,False,guest,0
ALT-001430,laptop,iOS 16,fully_patched,False,guest,1
ALT-001431,laptop,Android 13,unpatched,False,guest,2
ALT-001432,unknown,unknown,unknown,,unknown,
ALT-001433,unknown,Unknown,fully_patched,False,guest,5
ALT-001434,tablet,Windows 10,fully_patched,True,student,5
ALT-001435,smartphone,Windows 11,partially_patched,True,student,2
ALT-001436,smartphone,macOS 13,fully_patched,True,student,1
ALT-001437,laptop,Windows 11,fully_patched,False,guest,2
ALT-001438,tablet,Windows 11,partially_patched,True,student,5
ALT-001439,unknown,unknown,unknown,,unknown,
ALT-001440,raspberry_pi,Unknown,fully_patched,True,faculty,3
ALT-001441,laptop,macOS 13,fully_patched,True,student,0
ALT-001442,unknown,Windows 10,partially_patched,False,guest,4
ALT-001443,laptop,Windows 10,fully_patched,True,student,5
ALT-001444,unknown,macOS 13,fully_patched,False,guest,3
ALT-001445,tablet,Ubuntu 22.04,partially_patched,True,student,5
ALT-001446,smartphone,Windows 11,unknown,False,guest,3
ALT-001447,smartphone,Ubuntu 22.04,fully_patched,True,student,3
ALT-001448,laptop,iOS 16,partially_patched,True,student,0
ALT-001449,smartphone,Android 13,fully_patched,True,student,5
ALT-001450,unknown,Windows 10,fully_patched,False,guest,4
ALT-001451,laptop,Windows 10,fully_patched,True,student,2
ALT-001452,unknown,Windows 10,fully_patched,False,guest,0
ALT-001453,laptop,macOS 13,fully_patched,False,guest,0
ALT-001454,unknown,iOS 16,fully_patched,False,guest,3
ALT-001455,laptop,Unknown,fully_patched,False,guest,1
ALT-001456,smartphone,macOS 13,partially_patched,True,guest,0
ALT-001457,tablet,Unknown,fully_patched,True,student,5
ALT-001458,smartphone,iOS 16,unpatched,False,guest,5
ALT-001459,workstation,iOS 16,partially_patched,True,lab_admin,3
ALT-001460,workstation,Unknown,fully_patched,True,faculty,0
ALT-001461,laptop,iOS 16,unpatched,False,guest,1
ALT-001462,laptop,Ubuntu 22.04,partially_patched,False,guest,0
ALT-001463,smartphone,Unknown,unpatched,True,student,1
ALT-001464,tablet,iOS 16,fully_patched,True,student,5
ALT-001465,tablet,macOS 13,fully_patched,True,student,2
ALT-001466,laptop,iOS 16,fully_patched,True,lab_admin,0
ALT-001467,smartphone,iOS 16,fully_patched,True,guest,0
ALT-001468,laptop,iOS 16,fully_patched,True,student,5
ALT-001469,laptop,Android 13,fully_patched,False,guest,5
ALT-001470,unknown,Unknown,unpatched,False,guest,2
ALT-001471,unknown,iOS 16,fully_patched,False,guest,3
ALT-001472,laptop,Windows 11,fully_patched,True,guest,0
ALT-001473,tablet,Ubuntu 22.04,fully_patched,True,student,3
ALT-001474,smartphone,Ubuntu 22.04,fully_patched,False,guest,1
ALT-001475,smartphone,Windows 10,partially_patched,True,student,3
ALT-001476,smartphone,iOS 16,fully_patched,False,guest,0
ALT-001477,unknown,Windows 10,partially_patched,False,guest,2
ALT-001478,laptop,iOS 16,partially_patched,False,guest,4
ALT-001479,smartphone,Android 13,unknown,True,student,4
ALT-001480,laptop,Ubuntu 22.04,fully_patched,False,guest,3
ALT-001481,laptop,Windows 11,fully_patched,False,guest,3
ALT-001482,smartphone,Windows 10,fully_patched,True,student,5
ALT-001483,laptop,Windows 11,unpatched,False,guest,3
ALT-001484,laptop,Windows 11,partially_patched,True,student,0
ALT-001485,smartphone,Windows 11,partially_patched,True,student,0
ALT-001486,tablet,macOS 13,fully_patched,True,student,4
ALT-001487,unknown,Ubuntu 22.04,fully_patched,False,guest,1
ALT-001488,laptop,iOS 16,unpatched,False,guest,0
ALT-001489,smartphone,Windows 10,fully_patched,True,student,1
ALT-001490,laptop,Android 13,partially_patched,False,guest,0
ALT-001491,smartphone,iOS 16,partially_patched,True,guest,0
ALT-001492,smartphone,Unknown,fully_patched,False,guest,5
ALT-001493,tablet,Android 13,unpatched,True,student,1
ALT-001494,workstation,Windows 11,unknown,True,lab_admin,5
ALT-001495,unknown,unknown,unknown,,unknown,
ALT-001496,smartphone,Unknown,fully_patched,False,guest,0
ALT-001497,laptop,Android 13,fully_patched,True,student,3
ALT-001498,raspberry_pi,macOS 13,fully_patched,True,faculty,1
ALT-001499,unknown,unknown,unknown,,unknown,
ALT-001500,laptop,Windows 10,fully_patched,True,student,4
ALT-001501,unknown,iOS 16,partially_patched,False,guest,4
ALT-001502,unknown,unknown,unknown,,unknown,
ALT-001503,unknown,unknown,unknown,,unknown,
ALT-001504,smartphone,Ubuntu 22.04,unknown,False,guest,1
ALT-001505,tablet,Unknown,fully_patched,True,student,2
ALT-001506,laptop,Android 13,partially_patched,False,guest,0
ALT-001507,tablet,Android 13,partially_patched,True,student,5
ALT-001508,smartphone,macOS 13,partially_patched,True,student,0
ALT-001509,smartphone,Ubuntu 22.04,partially_patched,True,student,1
ALT-001510,tablet,iOS 16,unpatched,True,student,4
ALT-001511,laptop,macOS 13,fully_patched,False,guest,5
ALT-001512,raspberry_pi,macOS 13,partially_patched,True,faculty,4
ALT-001513,unknown,Windows 11,partially_patched,False,guest,5
ALT-001514,smartphone,Ubuntu 22.04,partially_patched,False,guest,4
ALT-001515,laptop,Ubuntu 22.04,fully_patched,False,guest,5
ALT-001516,smartphone,macOS 13,unpatched,True,student,5
ALT-001517,tablet,macOS 13,partially_patched,True,student,5
ALT-001518,raspberry_pi,iOS 16,fully_patched,True,lab_admin,3
ALT-001519,smartphone,Windows 10,fully_patched,True,guest,1
ALT-001520,unknown,Android 13,partially_patched,False,guest,5
ALT-001521,unknown,Unknown,partially_patched,False,guest,5
ALT-001522,laptop,Windows 11,partially_patched,True,faculty,0
ALT-001523,smartphone,macOS 13,partially_patched,False,guest,1
ALT-001524,unknown,unknown,unknown,,unknown,
ALT-001525,server,Android 13,partially_patched,True,lab_admin,2
ALT-001526,smartphone,Android 13,partially_patched,True,student,2
ALT-001527,laptop,Windows 11,fully_patched,True,student,1
ALT-001528,smartphone,Unknown,partially_patched,True,student,4
ALT-001529,unknown,Windows 11,fully_patched,False,guest,2
ALT-001530,tablet,Ubuntu 22.04,fully_patched,True,student,1
ALT-001531,tablet,Ubuntu 22.04,partially_patched,True,student,0
ALT-001532,tablet,Windows 10,fully_patched,True,student,1
ALT-001533,laptop,macOS 13,fully_patched,False,guest,1
ALT-001534,unknown,Windows 10,unknown,False,guest,0
ALT-001535,laptop,Android 13,partially_patched,False,guest,0
ALT-001536,laptop,Android 13,fully_patched,False,guest,3
ALT-001537,server,Windows 10,fully_patched,True,lab_admin,4
ALT-001538,smartphone,Android 13,unpatched,False,guest,3
ALT-001539,unknown,Unknown,fully_patched,False,guest,1
ALT-001540,unknown,unknown,unknown,,unknown,
ALT-001541,unknown,Windows 10,unknown,False,guest,3
ALT-001542,smartphone,Android 13,partially_patched,False,guest,4
ALT-001543,tablet,macOS 13,partially_patched,True,student,3
ALT-001544,unknown,Windows 11,unknown,False,guest,2
ALT-001545,tablet,iOS 16,partially_patched,True,student,5
ALT-001546,smartphone,Ubuntu 22.04,unpatched,True,student,1
ALT-001547,laptop,Ubuntu 22.04,fully_patched,False,guest,5
ALT-001548,unknown,iOS 16,fully_patched,False,guest,4
ALT-001549,smartphone,Windows 11,partially_patched,True,student,1
ALT-001550,smartphone,iOS 16,partially_patched,False,guest,3
ALT-001551,tablet,iOS 16,partially_patched,False,guest,0
ALT-001552,laptop,macOS 13,partially_patched,False,guest,1
ALT-001553,smartphone,Windows 10,partially_patched,False,guest,2
ALT-001554,smartphone,Ubuntu 22.04,fully_patched,False,guest,2
ALT-001555,server,Windows 11,fully_patched,True,lab_admin,0
ALT-001556,smartphone,iOS 16,fully_patched,False,guest,4
ALT-001557,unknown,unknown,unknown,,unknown,
ALT-001558,smartphone,Android 13,partially_patched,False,guest,4
ALT-001559,smartphone,Ubuntu 22.04,fully_patched,True,student,5
ALT-001560,tablet,Windows 10,fully_patched,True,student,2
ALT-001561,laptop,iOS 16,fully_patched,True,student,4
ALT-001562,laptop,Ubuntu 22.04,partially_patched,False,guest,0
ALT-001563,unknown,macOS 13,unpatched,False,guest,0
ALT-001564,laptop,Android 13,unpatched,True,student,3
ALT-001565,laptop,Unknown,unpatched,False,guest,2
ALT-001566,laptop,Android 13,fully_patched,False,guest,3
ALT-001567,unknown,unknown,unknown,,unknown,
ALT-001568,smartphone,Windows 10,unpatched,False,guest,1
ALT-001569,smartphone,Ubuntu 22.04,partially_patched,False,guest,3
ALT-001570,server,iOS 16,partially_patched,True,lab_admin,5
ALT-001571,server,Windows 10,fully_patched,True,faculty,3
ALT-001572,smartphone,Ubuntu 22.04,partially_patched,False,guest,2
ALT-001573,tablet,Ubuntu 22.04,fully_patched,True,student,1
ALT-001574,unknown,iOS 16,fully_patched,False,guest,2
ALT-001575,server,Windows 11,fully_patched,True,lab_admin,0
ALT-001576,tablet,Windows 10,partially_patched,True,student,1
ALT-001577,laptop,Ubuntu 22.04,unpatched,True,student,2
ALT-001578,laptop,iOS 16,fully_patched,True,faculty,1
ALT-001579,laptop,iOS 16,fully_patched,True,student,4
ALT-001580,smartphone,iOS 16,fully_patched,False,guest,0
ALT-001581,laptop,Windows 10,fully_patched,False,guest,2
ALT-001582,smartphone,Unknown,fully_patched,True,student,4
ALT-001583,tablet,macOS 13,fully_patched,True,student,1
ALT-001584,unknown,macOS 13,fully_patched,False,guest,3
ALT-001585,smartphone,Android 13,partially_patched,False,guest,4
ALT-001586,laptop,Android 13,fully_patched,False,guest,1
ALT-001587,unknown,Ubuntu 22.04,unpatched,False,guest,0
ALT-001588,unknown,unknown,unknown,,unknown,
ALT-001589,laptop,iOS 16,partially_patched,True,student,4
ALT-001590,smartphone,Windows 11,fully_patched,False,guest,1
ALT-001591,smartphone,Unknown,unknown,False,guest,5
ALT-001592,laptop,Windows 11,unpatched,False,guest,2
ALT-001593,laptop,Unknown,unpatched,False,guest,4
ALT-001594,smartphone,Android 13,fully_patched,True,student,3
ALT-001595,smartphone,Android 13,partially_patched,False,guest,3
ALT-001596,unknown,Unknown,fully_patched,False,guest,4
ALT-001597,smartphone,Android 13,fully_patched,False,guest,5
ALT-001598,smartphone,iOS 16,fully_patched,False,guest,1
ALT-001599,server,Windows 10,fully_patched,True,faculty,5
ALT-001600,laptop,Windows 10,partially_patched,True,student,2
ALT-001601,laptop,Unknown,partially_patched,False,guest,0
ALT-001602,smartphone,Android 13,fully_patched,False,guest,0
ALT-001603,smartphone,iOS 16,unpatched,True,student,0
ALT-001604,smartphone,Ubuntu 22.04,partially_patched,False,guest,0
ALT-001605,unknown,Windows 11,fully_patched,False,guest,0
ALT-001606,laptop,Android 13,fully_patched,True,student,4
ALT-001607,unknown,unknown,unknown,,unknown,
ALT-001608,laptop,Ubuntu 22.04,fully_patched,True,student,4
ALT-001609,tablet,Windows 11,partially_patched,True,student,4
ALT-001610,laptop,Windows 11,fully_patched,True,student,1
ALT-001611,laptop,Ubuntu 22.04,unpatched,True,faculty,2
ALT-001612,workstation,Windows 10,fully_patched,True,lab_admin,5
ALT-001613,tablet,Windows 11,fully_patched,True,student,2
ALT-001614,unknown,iOS 16,fully_patched,False,guest,4
ALT-001615,unknown,unknown,unknown,,unknown,
ALT-001616,laptop,iOS 16,fully_patched,True,student,3
ALT-001617,unknown,Windows 10,partially_patched,False,guest,3
ALT-001618,smartphone,macOS 13,fully_patched,True,student,3
ALT-001619,unknown,macOS 13,partially_patched,False,guest,4
ALT-001620,laptop,Ubuntu 22.04,partially_patched,False,guest,0
ALT-001621,laptop,Android 13,partially_patched,False,guest,3
ALT-001622,smartphone,macOS 13,partially_patched,False,guest,0
ALT-001623,laptop,Android 13,partially_patched,False,guest,4
ALT-001624,laptop,Windows 11,partially_patched,True,student,4
ALT-001625,laptop,macOS 13,partially_patched,True,student,0
ALT-001626,tablet,iOS 16,partially_patched,True,student,1
ALT-001627,smartphone,Android 13,fully_patched,False,guest,4
ALT-001628,smartphone,Ubuntu 22.04,unpatched,True,student,4
ALT-001629,workstation,macOS 13,unpatched,True,faculty,4
ALT-001630,smartphone,Windows 10,fully_patched,True,student,1
ALT-001631,laptop,Android 13,fully_patched,True,student,5
ALT-001632,smartphone,Android 13,fully_patched,True,student,1
ALT-001633,laptop,macOS 13,fully_patched,False,guest,4
ALT-001634,tablet,Windows 10,partially_patched,True,student,2
ALT-001635,unknown,macOS 13,unpatched,False,guest,5
ALT-001636,smartphone,macOS 13,partially_patched,False,guest,3
ALT-001637,smartphone,Ubuntu 22.04,unpatched,False,guest,2
ALT-001638,laptop,Ubuntu 22.04,fully_patched,True,student,4
ALT-001639,smartphone,iOS 16,partially_patched,False,guest,2
ALT-001640,unknown,unknown,unknown,,unknown,
ALT-001641,laptop,Ubuntu 22.04,fully_patched,False,guest,1
ALT-001642,laptop,Windows 11,fully_patched,True,student,0
ALT-001643,laptop,Unknown,unknown,True,student,5
ALT-001644,smartphone,Android 13,fully_patched,True,student,2
ALT-001645,laptop,Windows 10,fully_patched,False,guest,5
ALT-001646,smartphone,Unknown,unpatched,False,guest,5
ALT-001647,smartphone,Windows 11,partially_patched,False,guest,2
ALT-001648,smartphone,Windows 11,unpatched,True,student,3
ALT-001649,smartphone,Android 13,unpatched,True,student,1
ALT-001650,server,Ubuntu 22.04,fully_patched,True,lab_admin,0
ALT-001651,tablet,Unknown,partially_patched,True,student,3
ALT-001652,smartphone,macOS 13,unpatched,False,guest,5
ALT-001653,smartphone,Ubuntu 22.04,partially_patched,True,student,3
ALT-001654,smartphone,Unknown,fully_patched,True,student,5
ALT-001655,smartphone,iOS 16,partially_patched,True,guest,0
ALT-001656,laptop,macOS 13,fully_patched,False,guest,4
ALT-001657,tablet,Unknown,partially_patched,True,student,2
ALT-001658,laptop,Unknown,fully_patched,True,lab_admin,1
ALT-001659,laptop,Ubuntu 22.04,fully_patched,True,student,1
ALT-001660,unknown,unknown,unknown,,unknown,
ALT-001661,unknown,macOS 13,fully_patched,False,guest,2
ALT-001662,laptop,Unknown,partially_patched,False,guest,4
ALT-001663,smartphone,macOS 13,fully_patched,False,guest,5
ALT-001664,laptop,Unknown,partially_patched,False,guest,2
ALT-001665,tablet,iOS 16,fully_patched,True,student,5
ALT-001666,tablet,Ubuntu 22.04,fully_patched,True,student,2
ALT-001667,laptop,Ubuntu 22.04,fully_patched,True,student,0
ALT-001668,unknown,unknown,unknown,,unknown,
ALT-001669,laptop,Android 13,unpatched,True,lab_admin,5
ALT-001670,laptop,macOS 13,unknown,True,student,5
ALT-001671,tablet,iOS 16,fully_patched,True,student,1
ALT-001672,unknown,Android 13,unpatched,False,guest,0
ALT-001673,laptop,Windows 11,unknown,True,student,3
ALT-001674,tablet,Ubuntu 22.04,unpatched,True,student,2
ALT-001675,unknown,Windows 10,fully_patched,False,guest,3
ALT-001676,unknown,unknown,unknown,,unknown,
ALT-001677,smartphone,Android 13,fully_patched,True,student,5
ALT-001678,unknown,iOS 16,fully_patched,False,guest,2
ALT-001679,smartphone,macOS 13,partially_patched,False,guest,5
ALT-001680,laptop,iOS 16,partially_patched,True,student,0
ALT-001681,laptop,Unknown,fully_patched,False,guest,0
ALT-001682,smartphone,Android 13,partially_patched,False,guest,2
ALT-001683,laptop,Ubuntu 22.04,fully_patched,False,guest,4
ALT-001684,unknown,unknown,unknown,,unknown,
ALT-001685,unknown,unknown,unknown,,unknown,
ALT-001686,server,Ubuntu 22.04,unpatched,True,faculty,4
ALT-001687,unknown,Unknown,unpatched,False,guest,1
ALT-001688,laptop,Windows 10,unpatched,True,faculty,3
ALT-001689,laptop,Ubuntu 22.04,unpatched,True,student,4
ALT-001690,raspberry_pi,Android 13,fully_patched,True,lab_admin,0
ALT-001691,smartphone,Android 13,partially_patched,True,student,2
ALT-001692,smartphone,iOS 16,partially_patched,False,guest,4
ALT-001693,laptop,Windows 10,partially_patched,True,student,2
ALT-001694,laptop,Windows 11,fully_patched,True,lab_admin,1
ALT-001695,laptop,Windows 11,fully_patched,False,guest,3
ALT-001696,tablet,Unknown,partially_patched,True,student,4
ALT-001697,raspberry_pi,Windows 11,partially_patched,True,faculty,3
ALT-001698,smartphone,Windows 11,fully_patched,True,student,1
ALT-001699,unknown,Windows 10,fully_patched,False,guest,4
ALT-001700,laptop,Android 13,fully_patched,True,student,2
ALT-001701,smartphone,Windows 11,fully_patched,False,guest,3
ALT-001702,smartphone,Android 13,fully_patched,False,guest,4
ALT-001703,tablet,Windows 10,unpatched,True,student,0
ALT-001704,server,Windows 10,partially_patched,True,faculty,5
ALT-001705,unknown,Windows 10,unpatched,False,guest,1
ALT-001706,laptop,macOS 13,fully_patched,False,guest,5
ALT-001707,server,Windows 10,unpatched,True,faculty,5
ALT-001708,unknown,unknown,unknown,,unknown,
ALT-001709,laptop,Windows 11,partially_patched,False,guest,3
ALT-001710,workstation,Windows 11,partially_patched,True,faculty,0
ALT-001711,raspberry_pi,Unknown,partially_patched,True,faculty,1
ALT-001712,laptop,Android 13,partially_patched,True,student,4
ALT-001713,laptop,macOS 13,unpatched,True,student,1
ALT-001714,laptop,Android 13,fully_patched,False,guest,5
ALT-001715,tablet,Windows 10,fully_patched,True,student,0
ALT-001716,unknown,macOS 13,fully_patched,False,guest,5
ALT-001717,laptop,Unknown,fully_patched,False,guest,5
ALT-001718,smartphone,macOS 13,fully_patched,True,student,0
ALT-001719,raspberry_pi,Windows 10,unpatched,True,lab_admin,5
ALT-001720,smartphone,Unknown,unpatched,False,guest,1
ALT-001721,laptop,Windows 10,unpatched,False,guest,2
ALT-001722,smartphone,Windows 11,fully_patched,False,guest,4
ALT-001723,laptop,Windows 10,partially_patched,True,student,0
ALT-001724,smartphone,Android 13,partially_patched,True,student,4
ALT-001725,server,macOS 13,partially_patched,True,faculty,0
ALT-001726,laptop,Windows 11,fully_patched,True,student,3
ALT-001727,unknown,Windows 11,unknown,False,guest,2
ALT-001728,laptop,Windows 10,fully_patched,True,student,0
ALT-001729,laptop,Android 13,fully_patched,False,guest,4
ALT-001730,smartphone,Windows 11,partially_patched,False,guest,3
ALT-001731,tablet,macOS 13,fully_patched,True,student,1
ALT-001732,smartphone,Ubuntu 22.04,fully_patched,False,guest,3
ALT-001733,smartphone,macOS 13,unknown,True,student,4
ALT-001734,raspberry_pi,Ubuntu 22.04,fully_patched,True,faculty,5
ALT-001735,unknown,unknown,unknown,,unknown,
ALT-001736,laptop,Windows 10,fully_patched,True,guest,1
ALT-001737,tablet,Android 13,partially_patched,True,student,2
ALT-001738,laptop,Unknown,unknown,True,student,3
ALT-001739,server,macOS 13,partially_patched,True,lab_admin,2
ALT-001740,laptop,Windows 11,partially_patched,False,guest,4
ALT-001741,raspberry_pi,iOS 16,unknown,True,lab_admin,3
ALT-001742,smartphone,Unknown,partially_patched,False,guest,5
ALT-001743,laptop,Ubuntu 22.04,unpatched,True,student,2
ALT-001744,laptop,Android 13,fully_patched,True,student,3
ALT-001745,laptop,Windows 11,fully_patched,True,student,3
ALT-001746,workstation,Windows 10,fully_patched,True,lab_admin,2
ALT-001747,workstation,Windows 10,fully_patched,True,faculty,5
ALT-001748,laptop,Windows 11,fully_patched,True,faculty,2
ALT-001749,unknown,Android 13,unpatched,False,guest,1
ALT-001750,unknown,unknown,unknown,,unknown,
ALT-001751,laptop,iOS 16,fully_patched,False,guest,1
ALT-001752,smartphone,macOS 13,fully_patched,True,student,3
ALT-001753,workstation,iOS 16,partially_patched,True,faculty,2
ALT-001754,laptop,Android 13,partially_patched,False,guest,0
ALT-001755,laptop,Windows 11,partially_patched,False,guest,2
ALT-001756,workstation,Unknown,fully_patched,True,lab_admin,2
ALT-001757,unknown,Ubuntu 22.04,partially_patched,False,guest,3
ALT-001758,laptop,macOS 13,unknown,False,guest,4
ALT-001759,workstation,Android 13,unpatched,True,faculty,5
ALT-001760,laptop,Android 13,fully_patched,True,student,4
ALT-001761,unknown,unknown,unknown,,unknown,
ALT-001762,laptop,Windows 10,partially_patched,True,guest,0
ALT-001763,smartphone,Ubuntu 22.04,partially_patched,True,student,1
ALT-001764,laptop,iOS 16,partially_patched,False,guest,5
ALT-001765,tablet,Ubuntu 22.04,fully_patched,True,student,3
ALT-001766,tablet,iOS 16,fully_patched,True,student,1
ALT-001767,laptop,macOS 13,fully_patched,False,guest,5
ALT-001768,workstation,Unknown,partially_patched,True,lab_admin,2
ALT-001769,laptop,iOS 16,fully_patched,False,guest,0
ALT-001770,unknown,unknown,unknown,,unknown,
ALT-001771,laptop,Android 13,fully_patched,True,student,1
ALT-001772,laptop,Android 13,fully_patched,True,student,1
ALT-001773,unknown,unknown,unknown,,unknown,
ALT-001774,laptop,Android 13,fully_patched,True,student,4
ALT-001775,tablet,Android 13,fully_patched,True,student,2
ALT-001776,unknown,unknown,unknown,,unknown,
ALT-001777,unknown,unknown,unknown,,unknown,
ALT-001778,unknown,unknown,unknown,,unknown,
ALT-001779,server,Windows 10,fully_patched,True,faculty,4
ALT-001780,laptop,Android 13,partially_patched,True,guest,1
ALT-001781,tablet,Windows 10,partially_patched,True,student,1
ALT-001782,tablet,Windows 10,fully_patched,True,student,0
ALT-001783,unknown,Windows 10,unpatched,False,guest,1
ALT-001784,unknown,Windows 10,fully_patched,False,guest,5
ALT-001785,laptop,macOS 13,fully_patched,False,guest,1
ALT-001786,laptop,iOS 16,unknown,True,student,1
ALT-001787,laptop,Windows 10,unpatched,False,guest,3
ALT-001788,smartphone,iOS 16,partially_patched,True,student,2
ALT-001789,unknown,unknown,unknown,,unknown,
ALT-001790,laptop,Unknown,fully_patched,False,guest,1
ALT-001791,server,Windows 10,partially_patched,True,lab_admin,2
ALT-001792,unknown,Windows 10,partially_patched,False,guest,1
ALT-001793,unknown,Unknown,unpatched,False,guest,1
ALT-001794,unknown,iOS 16,fully_patched,False,guest,4
ALT-001795,unknown,unknown,unknown,,unknown,
ALT-001796,laptop,Android 13,fully_patched,False,guest,2
ALT-001797,tablet,iOS 16,fully_patched,True,student,1
ALT-001798,unknown,unknown,unknown,,unknown,
ALT-001799,tablet,Ubuntu 22.04,fully_patched,True,student,4
ALT-001800,workstation,macOS 13,fully_patched,True,lab_admin,3
ALT-001801,unknown,Windows 11,fully_patched,False,guest,3
ALT-001802,laptop,iOS 16,partially_patched,True,student,1
ALT-001803,laptop,iOS 16,partially_patched,False,guest,5
ALT-001804,smartphone,Unknown,fully_patched,True,student,0
ALT-001805,laptop,Android 13,partially_patched,False,guest,1
ALT-001806,unknown,Android 13,fully_patched,False,guest,3
ALT-001807,tablet,Windows 10,fully_patched,True,student,0
ALT-001808,smartphone,macOS 13,fully_patched,False,guest,0
ALT-001809,smartphone,iOS 16,fully_patched,False,guest,5
ALT-001810,server,Android 13,partially_patched,True,lab_admin,4
ALT-001811,unknown,Ubuntu 22.04,partially_patched,False,guest,2
ALT-001812,unknown,unknown,unknown,,unknown,
ALT-001813,workstation,Windows 11,fully_patched,True,faculty,2
ALT-001814,unknown,unknown,unknown,,unknown,
ALT-001815,unknown,Ubuntu 22.04,unpatched,False,guest,2
ALT-001816,unknown,unknown,unknown,,unknown,
ALT-001817,laptop,iOS 16,partially_patched,True,lab_admin,2
ALT-001818,laptop,Ubuntu 22.04,fully_patched,False,guest,2
ALT-001819,unknown,Unknown,partially_patched,False,guest,5
ALT-001820,workstation,Ubuntu 22.04,fully_patched,True,faculty,0
ALT-001821,tablet,Android 13,partially_patched,True,student,4
ALT-001822,tablet,Windows 11,fully_patched,True,student,1
ALT-001823,unknown,iOS 16,fully_patched,False,guest,5
ALT-001824,laptop,macOS 13,fully_patched,False,guest,2
ALT-001825,tablet,iOS 16,fully_patched,True,student,3
ALT-001826,laptop,Windows 10,fully_patched,True,student,5
ALT-001827,unknown,unknown,unknown,,unknown,
ALT-001828,unknown,Unknown,fully_patched,False,guest,0
ALT-001829,tablet,Windows 10,partially_patched,True,student,0
ALT-001830,smartphone,Ubuntu 22.04,fully_patched,False,guest,1
ALT-001831,smartphone,Ubuntu 22.04,unpatched,True,student,1
ALT-001832,laptop,Android 13,partially_patched,False,guest,3
ALT-001833,laptop,macOS 13,partially_patched,True,student,0
ALT-001834,laptop,Unknown,unknown,True,student,0
ALT-001835,laptop,Ubuntu 22.04,fully_patched,False,guest,4
ALT-001836,laptop,Windows 11,fully_patched,False,guest,1
ALT-001837,smartphone,macOS 13,partially_patched,False,guest,5
ALT-001838,laptop,Ubuntu 22.04,fully_patched,False,guest,2
ALT-001839,smartphone,Unknown,fully_patched,False,guest,4
ALT-001840,laptop,Windows 11,unpatched,False,guest,5
ALT-001841,unknown,unknown,unknown,,unknown,
ALT-001842,tablet,Ubuntu 22.04,partially_patched,True,student,5
ALT-001843,laptop,Windows 11,fully_patched,False,guest,5
ALT-001844,unknown,unknown,unknown,,unknown,
ALT-001845,tablet,Ubuntu 22.04,partially_patched,True,student,1
ALT-001846,unknown,unknown,unknown,,unknown,
ALT-001847,tablet,Android 13,partially_patched,False,guest,0
ALT-001848,smartphone,Windows 11,partially_patched,True,student,0
ALT-001849,laptop,Windows 10,fully_patched,False,guest,2
ALT-001850,smartphone,Unknown,unpatched,False,guest,5
ALT-001851,smartphone,Windows 10,fully_patched,False,guest,1
ALT-001852,smartphone,Windows 10,partially_patched,False,guest,1
ALT-001853,tablet,Ubuntu 22.04,fully_patched,True,student,5
ALT-001854,laptop,iOS 16,fully_patched,True,faculty,3
ALT-001855,laptop,Windows 10,partially_patched,True,student,5
ALT-001856,laptop,Windows 10,unknown,True,student,4
ALT-001857,laptop,Windows 11,fully_patched,False,guest,2
ALT-001858,smartphone,iOS 16,unpatched,True,student,0
ALT-001859,unknown,unknown,unknown,,unknown,
ALT-001860,unknown,unknown,unknown,,unknown,
ALT-001861,unknown,Windows 11,partially_patched,False,guest,4
ALT-001862,unknown,Windows 11,fully_patched,False,guest,3
ALT-001863,smartphone,iOS 16,fully_patched,True,student,4
ALT-001864,smartphone,Ubuntu 22.04,fully_patched,False,guest,5
ALT-001865,smartphone,Android 13,fully_patched,False,guest,3
ALT-001866,tablet,iOS 16,fully_patched,True,student,3
ALT-001867,tablet,Android 13,fully_patched,True,student,4
ALT-001868,smartphone,Windows 10,fully_patched,True,student,3
ALT-001869,server,Windows 10,fully_patched,True,lab_admin,3
ALT-001870,laptop,Android 13,unpatched,False,guest,0
ALT-001871,laptop,iOS 16,partially_patched,False,guest,5
ALT-001872,unknown,Windows 10,fully_patched,False,guest,3
ALT-001873,laptop,Unknown,fully_patched,False,guest,2
ALT-001874,smartphone,Ubuntu 22.04,fully_patched,False,guest,4
ALT-001875,unknown,unknown,unknown,,unknown,
ALT-001876,laptop,Windows 11,unpatched,False,guest,4
ALT-001877,laptop,Ubuntu 22.04,partially_patched,False,guest,4
ALT-001878,smartphone,Windows 10,fully_patched,False,guest,1
ALT-001879,unknown,unknown,unknown,,unknown,
ALT-001880,smartphone,Windows 11,fully_patched,False,guest,5
ALT-001881,unknown,macOS 13,fully_patched,False,guest,1
ALT-001882,smartphone,Unknown,fully_patched,True,student,4
ALT-001883,smartphone,macOS 13,fully_patched,False,guest,1
ALT-001884,tablet,Windows 11,partially_patched,True,student,2
ALT-001885,tablet,Ubuntu 22.04,fully_patched,True,student,1
ALT-001886,smartphone,Windows 10,fully_patched,False,guest,3
ALT-001887,unknown,macOS 13,partially_patched,False,guest,1
ALT-001888,workstation,Android 13,fully_patched,True,lab_admin,4
ALT-001889,laptop,macOS 13,partially_patched,False,guest,3
ALT-001890,tablet,iOS 16,partially_patched,True,student,5
ALT-001891,laptop,Android 13,fully_patched,True,student,0
ALT-001892,laptop,Windows 11,fully_patched,True,student,5
ALT-001893,laptop,iOS 16,fully_patched,True,student,4
ALT-001894,unknown,unknown,unknown,,unknown,
ALT-001895,laptop,Ubuntu 22.04,partially_patched,True,student,2
ALT-001896,unknown,unknown,unknown,,unknown,
ALT-001897,tablet,Windows 10,partially_patched,True,student,1
ALT-001898,smartphone,iOS 16,partially_patched,True,student,2
ALT-001899,unknown,unknown,unknown,,unknown,
ALT-001900,laptop,Windows 11,partially_patched,False,guest,2
ALT-001901,laptop,Windows 11,unpatched,False,guest,4
ALT-001902,smartphone,Ubuntu 22.04,unpatched,False,guest,3
ALT-001903,smartphone,macOS 13,fully_patched,False,guest,4
ALT-001904,laptop,Windows 11,fully_patched,False,guest,2
ALT-001905,smartphone,Windows 11,fully_patched,True,student,2
ALT-001906,laptop,Windows 11,partially_patched,True,student,1
ALT-001907,tablet,Unknown,unpatched,True,student,5
ALT-001908,laptop,Android 13,partially_patched,False,guest,2
ALT-001909,laptop,iOS 16,fully_patched,True,student,4
ALT-001910,unknown,unknown,unknown,,unknown,
ALT-001911,unknown,macOS 13,fully_patched,False,guest,5
ALT-001912,tablet,Ubuntu 22.04,partially_patched,True,student,3
ALT-001913,laptop,macOS 13,partially_patched,True,student,5
ALT-001914,workstation,Windows 10,fully_patched,True,faculty,1
ALT-001915,unknown,macOS 13,fully_patched,False,guest,3
ALT-001916,workstation,macOS 13,fully_patched,True,faculty,0
ALT-001917,smartphone,Windows 11,partially_patched,False,guest,4
ALT-001918,unknown,iOS 16,fully_patched,False,guest,3
ALT-001919,tablet,Windows 10,partially_patched,True,student,0
ALT-001920,smartphone,macOS 13,fully_patched,True,student,3
ALT-001921,laptop,Windows 11,fully_patched,False,guest,0
ALT-001922,smartphone,Windows 10,fully_patched,True,student,4
ALT-001923,smartphone,Windows 11,unpatched,True,student,3
ALT-001924,smartphone,Android 13,partially_patched,False,guest,4
ALT-001925,unknown,iOS 16,partially_patched,False,guest,0
ALT-001926,smartphone,macOS 13,fully_patched,True,student,0
ALT-001927,laptop,iOS 16,partially_patched,False,guest,1
ALT-001928,tablet,Android 13,fully_patched,True,student,0
ALT-001929,smartphone,Windows 11,unknown,True,student,5
ALT-001930,laptop,Unknown,fully_patched,True,student,2
ALT-001931,smartphone,Unknown,unpatched,False,guest,2
ALT-001932,smartphone,Windows 11,fully_patched,False,guest,3
ALT-001933,smartphone,Windows 11,fully_patched,True,student,0
ALT-001934,laptop,macOS 13,partially_patched,True,student,5
ALT-001935,laptop,macOS 13,fully_patched,False,guest,1
ALT-001936,laptop,Unknown,unpatched,False,guest,5
ALT-001937,laptop,macOS 13,partially_patched,False,guest,3
ALT-001938,smartphone,Ubuntu 22.04,unpatched,True,student,2
ALT-001939,unknown,unknown,unknown,,unknown,
ALT-001940,smartphone,Windows 11,fully_patched,False,guest,4
ALT-001941,laptop,iOS 16,unpatched,False,guest,2
ALT-001942,unknown,Windows 11,fully_patched,False,guest,0
ALT-001943,tablet,iOS 16,partially_patched,True,student,0
ALT-001944,tablet,Unknown,unpatched,True,student,5
ALT-001945,tablet,Ubuntu 22.04,fully_patched,True,student,0
ALT-001946,smartphone,iOS 16,fully_patched,True,student,5
ALT-001947,workstation,Ubuntu 22.04,partially_patched,True,faculty,4
ALT-001948,laptop,Android 13,fully_patched,True,lab_admin,5
ALT-001949,tablet,Windows 10,fully_patched,True,student,5
ALT-001950,unknown,Windows 11,unpatched,False,guest,3
ALT-001951,laptop,macOS 13,unpatched,False,guest,4
ALT-001952,tablet,macOS 13,unpatched,True,student,0
ALT-001953,tablet,Windows 10,partially_patched,True,student,3
ALT-001954,unknown,unknown,unknown,,unknown,
ALT-001955,unknown,Ubuntu 22.04,fully_patched,False,guest,1
ALT-001956,laptop,Android 13,unpatched,False,guest,5
ALT-001957,laptop,Windows 11,fully_patched,False,guest,2
ALT-001958,unknown,macOS 13,partially_patched,False,guest,5
ALT-001959,unknown,Windows 11,partially_patched,False,guest,0
ALT-001960,smartphone,iOS 16,fully_patched,False,guest,2
ALT-001961,smartphone,Ubuntu 22.04,partially_patched,True,student,5
ALT-001962,tablet,Android 13,fully_patched,False,guest,0
ALT-001963,smartphone,macOS 13,fully_patched,True,student,5
ALT-001964,laptop,Unknown,fully_patched,True,student,3
ALT-001965,smartphone,Unknown,partially_patched,True,student,5
ALT-001966,laptop,Windows 10,fully_patched,True,lab_admin,0
ALT-001967,smartphone,macOS 13,unpatched,False,guest,0
ALT-001968,unknown,unknown,unknown,,unknown,
ALT-001969,unknown,Unknown,partially_patched,False,guest,2
ALT-001970,unknown,unknown,unknown,,unknown,
ALT-001971,laptop,macOS 13,unpatched,False,guest,4
ALT-001972,smartphone,Windows 11,fully_patched,False,guest,1
ALT-001973,tablet,Windows 10,fully_patched,True,student,4
ALT-001974,laptop,Android 13,partially_patched,False,guest,5
ALT-001975,workstation,Windows 11,fully_patched,True,lab_admin,1
ALT-001976,tablet,iOS 16,unpatched,True,student,4
ALT-001977,unknown,unknown,unknown,,unknown,
ALT-001978,smartphone,Unknown,unpatched,False,guest,4
ALT-001979,tablet,Windows 11,fully_patched,True,student,3
ALT-001980,smartphone,Android 13,fully_patched,False,guest,3
ALT-001981,laptop,Android 13,partially_patched,False,guest,0
ALT-001982,smartphone,Ubuntu 22.04,fully_patched,True,student,2
ALT-001983,tablet,Android 13,fully_patched,True,student,5
ALT-001984,unknown,unknown,unknown,,unknown,
ALT-001985,smartphone,Ubuntu 22.04,fully_patched,True,student,4
ALT-001986,smartphone,macOS 13,fully_patched,False,guest,0
ALT-001987,smartphone,Android 13,unpatched,False,guest,3
ALT-001988,unknown,unknown,unknown,,unknown,
ALT-001989,smartphone,Unknown,fully_patched,True,student,2
ALT-001990,unknown,unknown,unknown,,unknown,
ALT-001991,laptop,iOS 16,fully_patched,True,student,2
ALT-001992,laptop,Windows 10,fully_patched,False,guest,1
ALT-001993,laptop,Android 13,fully_patched,True,student,5
ALT-001994,smartphone,Android 13,fully_patched,True,student,2
ALT-001995,laptop,Windows 10,fully_patched,False,guest,4
ALT-001996,unknown,Ubuntu 22.04,partially_patched,False,guest,1
ALT-001997,unknown,macOS 13,partially_patched,False,guest,2
ALT-001998,unknown,macOS 13,unpatched,False,guest,4
ALT-001999,smartphone,Windows 11,partially_patched,True,student,1
ALT-002000,workstation,Windows 11,fully_patched,True,lab_admin,2
ALT-002001,smartphone,macOS 13,fully_patched,True,student,4
ALT-002002,tablet,macOS 13,fully_patched,True,student,1
ALT-002003,laptop,Windows 10,partially_patched,False,guest,4
ALT-002004,raspberry_pi,macOS 13,fully_patched,True,lab_admin,5
ALT-002005,unknown,unknown,unknown,,unknown,
ALT-002006,unknown,unknown,unknown,,unknown,
ALT-002007,laptop,Ubuntu 22.04,fully_patched,True,student,2
ALT-002008,smartphone,Windows 10,fully_patched,True,student,4
ALT-002009,unknown,Windows 11,partially_patched,False,guest,5
ALT-002010,smartphone,Windows 11,fully_patched,True,student,0
ALT-002011,workstation,Windows 10,fully_patched,True,lab_admin,4
ALT-002012,smartphone,Windows 11,fully_patched,False,guest,2
ALT-002013,workstation,iOS 16,fully_patched,True,faculty,5
ALT-002014,laptop,iOS 16,partially_patched,False,guest,2
ALT-002015,unknown,iOS 16,fully_patched,False,guest,5
ALT-002016,laptop,iOS 16,partially_patched,False,guest,2
ALT-002017,unknown,Unknown,unpatched,False,guest,0
ALT-002018,smartphone,iOS 16,fully_patched,False,guest,1
ALT-002019,smartphone,Ubuntu 22.04,fully_patched,True,student,4
ALT-002020,laptop,Unknown,unpatched,False,guest,0
ALT-002021,smartphone,Ubuntu 22.04,partially_patched,True,student,4
ALT-002022,tablet,Windows 11,fully_patched,True,student,4
ALT-002023,unknown,unknown,unknown,,unknown,
ALT-002024,tablet,Windows 10,partially_patched,True,student,1
ALT-002025,laptop,Windows 11,unpatched,False,guest,2
ALT-002026,tablet,Ubuntu 22.04,fully_patched,True,student,2
ALT-002027,laptop,macOS 13,partially_patched,True,student,0
ALT-002028,unknown,unknown,unknown,,unknown,
ALT-002029,smartphone,Ubuntu 22.04,partially_patched,False,guest,4
ALT-002030,tablet,Windows 11,unpatched,True,student,2
ALT-002031,laptop,iOS 16,fully_patched,True,faculty,1
ALT-002032,smartphone,Ubuntu 22.04,fully_patched,True,student,3
ALT-002033,smartphone,Unknown,partially_patched,False,guest,4
ALT-002034,tablet,Android 13,fully_patched,True,student,3
ALT-002035,laptop,Windows 10,partially_patched,False,guest,5
ALT-002036,smartphone,macOS 13,partially_patched,False,guest,0
ALT-002037,raspberry_pi,iOS 16,fully_patched,True,faculty,1
ALT-002038,unknown,Windows 10,fully_patched,False,guest,5
ALT-002039,laptop,Windows 10,partially_patched,False,guest,4
ALT-002040,workstation,Ubuntu 22.04,fully_patched,True,faculty,0
ALT-002041,server,iOS 16,partially_patched,True,faculty,5
ALT-002042,laptop,Android 13,fully_patched,False,guest,5
ALT-002043,laptop,Ubuntu 22.04,partially_patched,False,guest,1
ALT-002044,unknown,unknown,unknown,,unknown,
ALT-002045,workstation,iOS 16,partially_patched,True,lab_admin,4
ALT-002046,laptop,Windows 11,fully_patched,False,guest,1
ALT-002047,unknown,Ubuntu 22.04,fully_patched,False,guest,5
ALT-002048,laptop,Windows 10,fully_patched,False,guest,3
ALT-002049,workstation,Unknown,fully_patched,True,faculty,2
ALT-002050,tablet,macOS 13,fully_patched,True,student,0
ALT-002051,smartphone,Windows 10,unpatched,False,guest,3
ALT-002052,unknown,macOS 13,partially_patched,False,guest,0
ALT-002053,smartphone,Windows 10,unknown,True,student,4
ALT-002054,unknown,unknown,unknown,,unknown,
ALT-002055,unknown,unknown,unknown,,unknown,
ALT-002056,tablet,Android 13,partially_patched,True,guest,0
ALT-002057,tablet,Unknown,unpatched,True,student,5
ALT-002058,laptop,Windows 11,unpatched,False,guest,1
ALT-002059,laptop,Android 13,fully_patched,True,student,0
ALT-002060,laptop,Windows 10,partially_patched,True,student,0
ALT-002061,smartphone,Windows 10,unpatched,False,guest,3
ALT-002062,laptop,Unknown,partially_patched,True,student,4
ALT-002063,unknown,Android 13,fully_patched,False,guest,3
ALT-002064,smartphone,iOS 16,fully_patched,True,student,0
ALT-002065,tablet,Ubuntu 22.04,fully_patched,True,student,3
ALT-002066,smartphone,Unknown,fully_patched,False,guest,2
ALT-002067,unknown,iOS 16,partially_patched,False,guest,2
ALT-002068,smartphone,macOS 13,partially_patched,True,student,0
ALT-002069,laptop,Android 13,fully_patched,False,guest,3
ALT-002070,laptop,Windows 10,fully_patched,False,guest,0
ALT-002071,laptop,Android 13,unpatched,False,guest,0
ALT-002072,laptop,Windows 11,fully_patched,True,student,3
ALT-002073,smartphone,Unknown,partially_patched,False,guest,1
ALT-002074,workstation,macOS 13,fully_patched,True,faculty,3
ALT-002075,tablet,iOS 16,fully_patched,True,student,4
ALT-002076,unknown,unknown,unknown,,unknown,
ALT-002077,tablet,macOS 13,partially_patched,True,student,5
ALT-002078,smartphone,Windows 10,unpatched,True,student,2
ALT-002079,smartphone,Ubuntu 22.04,fully_patched,False,guest,4
ALT-002080,laptop,Ubuntu 22.04,partially_patched,True,student,3
ALT-002081,smartphone,macOS 13,partially_patched,False,guest,1
ALT-002082,unknown,unknown,unknown,,unknown,
ALT-002083,laptop,Android 13,unpatched,True,faculty,1
ALT-002084,workstation,Android 13,fully_patched,True,faculty,0
ALT-002085,tablet,Unknown,unpatched,True,student,2
ALT-002086,laptop,Ubuntu 22.04,partially_patched,True,student,5
ALT-002087,tablet,Windows 10,partially_patched,True,student,5
ALT-002088,laptop,Windows 10,partially_patched,True,student,0
ALT-002089,unknown,Windows 10,fully_patched,False,guest,0
ALT-002090,laptop,Android 13,fully_patched,False,guest,3
ALT-002091,laptop,iOS 16,fully_patched,False,guest,1
ALT-002092,smartphone,Unknown,unpatched,False,guest,0
ALT-002093,tablet,Windows 10,fully_patched,False,guest,0
ALT-002094,server,iOS 16,fully_patched,True,faculty,3
ALT-002095,unknown,macOS 13,unpatched,False,guest,5
ALT-002096,unknown,unknown,unknown,,unknown,
ALT-002097,unknown,Windows 10,fully_patched,False,guest,1
ALT-002098,smartphone,Windows 11,partially_patched,True,student,2
ALT-002099,unknown,Windows 10,partially_patched,False,guest,0
ALT-002100,smartphone,iOS 16,partially_patched,False,guest,2
ALT-002101,unknown,unknown,unknown,,unknown,
ALT-002102,smartphone,Unknown,unpatched,False,guest,3
ALT-002103,laptop,Windows 10,unpatched,False,guest,3
ALT-002104,smartphone,Android 13,fully_patched,True,student,0
ALT-002105,laptop,iOS 16,unknown,False,guest,2
ALT-002106,laptop,Ubuntu 22.04,fully_patched,True,student,0
ALT-002107,laptop,Android 13,partially_patched,False,guest,5
ALT-002108,smartphone,Windows 10,partially_patched,True,student,1
ALT-002109,laptop,Ubuntu 22.04,unpatched,True,student,1
ALT-002110,smartphone,Windows 10,fully_patched,False,guest,4
ALT-002111,tablet,macOS 13,fully_patched,True,student,0
ALT-002112,unknown,unknown,unknown,,unknown,
ALT-002113,smartphone,Windows 10,partially_patched,False,guest,3
ALT-002114,smartphone,Ubuntu 22.04,fully_patched,False,guest,2
ALT-002115,tablet,iOS 16,fully_patched,True,student,4
ALT-002116,smartphone,Android 13,fully_patched,False,guest,3
ALT-002117,smartphone,Android 13,fully_patched,False,guest,2
ALT-002118,smartphone,iOS 16,partially_patched,True,student,4
ALT-002119,unknown,unknown,unknown,,unknown,
ALT-002120,server,Windows 11,fully_patched,True,faculty,4
ALT-002121,laptop,macOS 13,partially_patched,True,lab_admin,3
ALT-002122,laptop,Ubuntu 22.04,partially_patched,False,guest,2
ALT-002123,laptop,Unknown,unpatched,True,student,1
ALT-002124,laptop,Ubuntu 22.04,partially_patched,False,guest,0
ALT-002125,laptop,iOS 16,partially_patched,True,student,5
ALT-002126,smartphone,Android 13,partially_patched,True,student,5
ALT-002127,smartphone,Android 13,partially_patched,False,guest,0
ALT-002128,laptop,iOS 16,unpatched,False,guest,3
ALT-002129,laptop,Android 13,partially_patched,False,guest,0
ALT-002130,laptop,Ubuntu 22.04,unknown,True,student,5
ALT-002131,unknown,iOS 16,fully_patched,False,guest,0
ALT-002132,laptop,Unknown,fully_patched,True,student,3
ALT-002133,unknown,unknown,unknown,,unknown,
ALT-002134,unknown,unknown,unknown,,unknown,
ALT-002135,laptop,iOS 16,unpatched,False,guest,2
ALT-002136,tablet,Unknown,partially_patched,True,student,3
ALT-002137,smartphone,macOS 13,unpatched,True,student,2
ALT-002138,laptop,iOS 16,unknown,False,guest,2
ALT-002139,smartphone,Windows 10,fully_patched,False,guest,4
ALT-002140,tablet,Windows 10,fully_patched,True,student,1
ALT-002141,unknown,Windows 10,unpatched,False,guest,4
ALT-002142,laptop,Ubuntu 22.04,fully_patched,False,guest,4
ALT-002143,smartphone,macOS 13,fully_patched,True,student,1
ALT-002144,smartphone,Ubuntu 22.04,fully_patched,False,guest,2
ALT-002145,laptop,iOS 16,fully_patched,False,guest,5
ALT-002146,unknown,Android 13,fully_patched,False,guest,2
ALT-002147,tablet,Unknown,unknown,True,student,4
ALT-002148,smartphone,Android 13,fully_patched,False,guest,3
ALT-002149,unknown,unknown,unknown,,unknown,
ALT-002150,laptop,macOS 13,unpatched,False,guest,2
ALT-002151,unknown,Windows 11,partially_patched,False,guest,1
ALT-002152,smartphone,Android 13,fully_patched,True,student,4
ALT-002153,smartphone,iOS 16,partially_patched,False,guest,3
ALT-002154,smartphone,iOS 16,unpatched,True,student,2
ALT-002155,laptop,iOS 16,fully_patched,True,student,2
ALT-002156,unknown,iOS 16,fully_patched,False,guest,3
ALT-002157,laptop,iOS 16,fully_patched,True,lab_admin,4
ALT-002158,smartphone,Windows 10,partially_patched,True,student,3
ALT-002159,laptop,Windows 11,fully_patched,True,faculty,4
ALT-002160,unknown,unknown,unknown,,unknown,
ALT-002161,tablet,Windows 11,unpatched,True,student,2
ALT-002162,smartphone,Ubuntu 22.04,fully_patched,True,student,2
ALT-002163,laptop,Android 13,fully_patched,True,student,2
ALT-002164,laptop,Ubuntu 22.04,fully_patched,False,guest,4
ALT-002165,laptop,Android 13,fully_patched,False,guest,0
ALT-002166,raspberry_pi,Windows 10,unknown,True,lab_admin,0
ALT-002167,unknown,unknown,unknown,,unknown,
ALT-002168,laptop,macOS 13,unpatched,False,guest,3
ALT-002169,unknown,unknown,unknown,,unknown,
ALT-002170,tablet,iOS 16,fully_patched,True,student,5
ALT-002171,unknown,unknown,unknown,,unknown,
ALT-002172,unknown,macOS 13,partially_patched,False,guest,5
ALT-002173,workstation,macOS 13,fully_patched,True,faculty,0
ALT-002174,smartphone,macOS 13,partially_patched,False,guest,1
ALT-002175,laptop,Ubuntu 22.04,unpatched,True,student,2
ALT-002176,laptop,iOS 16,fully_patched,True,student,0
ALT-002177,unknown,Android 13,fully_patched,False,guest,2
ALT-002178,smartphone,Ubuntu 22.04,unpatched,False,guest,1
ALT-002179,raspberry_pi,Unknown,fully_patched,True,faculty,0
ALT-002180,laptop,macOS 13,partially_patched,True,student,2
ALT-002181,unknown,Windows 11,fully_patched,False,guest,3
ALT-002182,unknown,unknown,unknown,,unknown,
ALT-002183,laptop,iOS 16,fully_patched,True,student,1
ALT-002184,unknown,unknown,unknown,,unknown,
ALT-002185,unknown,unknown,unknown,,unknown,
ALT-002186,laptop,Unknown,unknown,True,student,4
ALT-002187,tablet,iOS 16,fully_patched,True,student,2
ALT-002188,laptop,Android 13,partially_patched,False,guest,1
ALT-002189,laptop,Android 13,fully_patched,True,faculty,0
ALT-002190,laptop,macOS 13,partially_patched,True,student,0
ALT-002191,laptop,Windows 10,partially_patched,False,guest,3
ALT-002192,smartphone,Unknown,partially_patched,False,guest,1
ALT-002193,smartphone,iOS 16,fully_patched,True,guest,0
ALT-002194,smartphone,iOS 16,partially_patched,True,student,2
ALT-002195,unknown,Unknown,partially_patched,False,guest,0
ALT-002196,laptop,Ubuntu 22.04,unknown,False,guest,3
ALT-002197,unknown,Android 13,fully_patched,False,guest,4
ALT-002198,workstation,Windows 10,fully_patched,True,faculty,1
ALT-002199,unknown,Windows 11,fully_patched,False,guest,4
ALT-002200,laptop,Windows 10,partially_patched,True,guest,0
ALT-002201,laptop,Windows 10,fully_patched,False,guest,0
ALT-002202,smartphone,Windows 11,fully_patched,False,guest,4
ALT-002203,unknown,unknown,unknown,,unknown,
ALT-002204,laptop,macOS 13,fully_patched,True,student,0
ALT-002205,smartphone,Windows 11,partially_patched,True,student,4
ALT-002206,laptop,Windows 11,fully_patched,True,guest,0
ALT-002207,unknown,Android 13,unpatched,False,guest,0
ALT-002208,laptop,Ubuntu 22.04,unpatched,True,student,0
ALT-002209,workstation,macOS 13,fully_patched,True,faculty,3
ALT-002210,smartphone,Unknown,partially_patched,True,student,3
ALT-002211,laptop,iOS 16,unpatched,True,student,2
ALT-002212,tablet,Windows 10,fully_patched,True,student,2
ALT-002213,smartphone,Windows 11,fully_patched,False,guest,5
ALT-002214,smartphone,Windows 10,partially_patched,True,student,1
ALT-002215,smartphone,Ubuntu 22.04,fully_patched,True,student,2
ALT-002216,smartphone,Ubuntu 22.04,fully_patched,False,guest,3
ALT-002217,tablet,macOS 13,unknown,True,student,5
ALT-002218,smartphone,Windows 10,fully_patched,True,student,5
ALT-002219,unknown,Android 13,fully_patched,False,guest,5
ALT-002220,smartphone,iOS 16,partially_patched,False,guest,4
ALT-002221,laptop,macOS 13,partially_patched,True,student,4
ALT-002222,tablet,macOS 13,partially_patched,True,student,3
ALT-002223,laptop,Unknown,fully_patched,True,student,1
ALT-002224,tablet,Android 13,unpatched,True,student,4
ALT-002225,raspberry_pi,macOS 13,fully_patched,True,faculty,2
ALT-002226,tablet,iOS 16,unpatched,True,student,0
ALT-002227,workstation,Unknown,partially_patched,True,lab_admin,4
ALT-002228,laptop,Windows 10,fully_patched,False,guest,3
ALT-002229,smartphone,Android 13,fully_patched,False,guest,0
ALT-002230,unknown,iOS 16,partially_patched,False,guest,4
ALT-002231,smartphone,iOS 16,fully_patched,True,student,2
ALT-002232,unknown,Ubuntu 22.04,fully_patched,False,guest,5
ALT-002233,smartphone,Windows 10,unpatched,False,guest,5
ALT-002234,unknown,unknown,unknown,,unknown,
ALT-002235,smartphone,macOS 13,fully_patched,False,guest,2
ALT-002236,unknown,Windows 11,fully_patched,False,guest,0
ALT-002237,unknown,unknown,unknown,,unknown,
ALT-002238,laptop,Unknown,partially_patched,False,guest,4
ALT-002239,laptop,Android 13,fully_patched,False,guest,2
ALT-002240,laptop,macOS 13,fully_patched,True,student,3
ALT-002241,unknown,unknown,unknown,,unknown,
ALT-002242,laptop,Windows 11,unpatched,False,guest,4
ALT-002243,laptop,Windows 10,partially_patched,True,student,5
ALT-002244,smartphone,Windows 10,fully_patched,True,student,5
ALT-002245,smartphone,Ubuntu 22.04,fully_patched,True,student,4
ALT-002246,laptop,macOS 13,partially_patched,False,guest,5
ALT-002247,laptop,iOS 16,fully_patched,False,guest,0
ALT-002248,workstation,Unknown,unpatched,True,faculty,5
ALT-002249,smartphone,macOS 13,partially_patched,False,guest,4
ALT-002250,unknown,Android 13,partially_patched,False,guest,4
ALT-002251,smartphone,Android 13,fully_patched,False,guest,2
ALT-002252,tablet,Unknown,fully_patched,True,student,3
ALT-002253,smartphone,Windows 11,fully_patched,False,guest,3
ALT-002254,unknown,unknown,unknown,,unknown,
ALT-002255,unknown,Android 13,fully_patched,False,guest,5
ALT-002256,laptop,Unknown,fully_patched,True,student,5
ALT-002257,laptop,Windows 11,fully_patched,True,lab_admin,2
ALT-002258,laptop,Android 13,unknown,False,guest,4
ALT-002259,smartphone,Unknown,fully_patched,False,guest,2
ALT-002260,laptop,Unknown,fully_patched,False,guest,3
ALT-002261,laptop,Windows 10,unpatched,False,guest,0
ALT-002262,tablet,Windows 11,fully_patched,True,student,4
ALT-002263,tablet,Windows 10,unpatched,True,student,1
ALT-002264,smartphone,Android 13,fully_patched,True,student,1
ALT-002265,laptop,Unknown,fully_patched,False,guest,3
ALT-002266,laptop,Unknown,partially_patched,True,faculty,1
ALT-002267,unknown,Unknown,fully_patched,False,guest,0
ALT-002268,raspberry_pi,Android 13,unpatched,True,lab_admin,3
ALT-002269,unknown,unknown,unknown,,unknown,
ALT-002270,laptop,Windows 10,partially_patched,False,guest,3
ALT-002271,unknown,macOS 13,fully_patched,False,guest,0
ALT-002272,smartphone,Ubuntu 22.04,partially_patched,False,guest,0
ALT-002273,unknown,unknown,unknown,,unknown,
ALT-002274,laptop,Unknown,unknown,True,student,2
ALT-002275,workstation,Windows 10,fully_patched,True,lab_admin,4
ALT-002276,laptop,Windows 11,unknown,True,student,1
ALT-002277,unknown,Android 13,partially_patched,False,guest,1
ALT-002278,workstation,Windows 11,fully_patched,True,lab_admin,0
ALT-002279,laptop,macOS 13,partially_patched,True,student,4
ALT-002280,laptop,iOS 16,unpatched,True,student,1
ALT-002281,smartphone,iOS 16,partially_patched,False,guest,1
ALT-002282,laptop,macOS 13,partially_patched,False,guest,5
ALT-002283,laptop,iOS 16,fully_patched,True,student,0
ALT-002284,smartphone,Android 13,fully_patched,False,guest,4
ALT-002285,unknown,Windows 10,partially_patched,False,guest,3
ALT-002286,server,Windows 10,unpatched,True,lab_admin,2
ALT-002287,smartphone,Windows 11,fully_patched,True,student,1
ALT-002288,smartphone,Unknown,unpatched,False,guest,4
ALT-002289,unknown,unknown,unknown,,unknown,
ALT-002290,unknown,macOS 13,unpatched,False,guest,2
ALT-002291,smartphone,Unknown,fully_patched,False,guest,4
ALT-002292,tablet,macOS 13,partially_patched,True,student,5
ALT-002293,laptop,Ubuntu 22.04,fully_patched,True,student,4
ALT-002294,unknown,unknown,unknown,,unknown,
ALT-002295,smartphone,Android 13,unpatched,True,student,1
ALT-002296,smartphone,macOS 13,unknown,False,guest,4
ALT-002297,smartphone,Windows 10,partially_patched,True,guest,0
ALT-002298,raspberry_pi,Unknown,partially_patched,True,faculty,4
ALT-002299,smartphone,iOS 16,partially_patched,True,student,0
ALT-002300,laptop,Windows 10,unpatched,True,student,0
ALT-002301,laptop,Windows 11,fully_patched,False,guest,2
ALT-002302,raspberry_pi,Windows 10,unknown,True,lab_admin,4
ALT-002303,tablet,Android 13,fully_patched,True,student,1
ALT-002304,unknown,unknown,unknown,,unknown,
ALT-002305,unknown,unknown,unknown,,unknown,
ALT-002306,unknown,Unknown,partially_patched,False,guest,4
ALT-002307,smartphone,macOS 13,fully_patched,True,student,0
ALT-002308,smartphone,iOS 16,fully_patched,False,guest,1
ALT-002309,smartphone,Unknown,partially_patched,False,guest,2
ALT-002310,unknown,Windows 10,partially_patched,False,guest,1
ALT-002311,smartphone,Unknown,partially_patched,True,student,3
ALT-002312,smartphone,macOS 13,fully_patched,False,guest,3
ALT-002313,raspberry_pi,Ubuntu 22.04,fully_patched,True,lab_admin,4
ALT-002314,tablet,macOS 13,fully_patched,True,student,0
ALT-002315,tablet,Android 13,unpatched,True,student,1
ALT-002316,workstation,Ubuntu 22.04,fully_patched,True,faculty,5
ALT-002317,unknown,unknown,unknown,,unknown,
ALT-002318,smartphone,iOS 16,partially_patched,False,guest,2
ALT-002319,laptop,Unknown,unknown,False,guest,5
ALT-002320,laptop,macOS 13,unpatched,False,guest,5
ALT-002321,laptop,macOS 13,unpatched,False,guest,1
ALT-002322,smartphone,Windows 10,fully_patched,True,student,0
ALT-002323,smartphone,Windows 10,partially_patched,True,student,0
ALT-002324,laptop,Android 13,fully_patched,False,guest,2
ALT-002325,laptop,iOS 16,partially_patched,False,guest,5
ALT-002326,raspberry_pi,Unknown,fully_patched,True,faculty,1
ALT-002327,raspberry_pi,Windows 10,unknown,True,lab_admin,4
ALT-002328,laptop,Windows 11,fully_patched,True,faculty,3
ALT-002329,workstation,iOS 16,unknown,True,faculty,1
ALT-002330,laptop,Ubuntu 22.04,partially_patched,False,guest,3
ALT-002331,tablet,Windows 11,fully_patched,True,student,3
ALT-002332,unknown,Unknown,fully_patched,False,guest,3
ALT-002333,laptop,Windows 10,partially_patched,False,guest,5
ALT-002334,unknown,unknown,unknown,,unknown,
ALT-002335,smartphone,Ubuntu 22.04,unpatched,True,student,5
ALT-002336,laptop,Unknown,fully_patched,False,guest,0
ALT-002337,laptop,macOS 13,fully_patched,True,student,2
ALT-002338,tablet,Android 13,unpatched,True,student,0
ALT-002339,laptop,Windows 11,partially_patched,True,student,0
ALT-002340,unknown,Android 13,unknown,False,guest,0
ALT-002341,smartphone,Ubuntu 22.04,fully_patched,False,guest,0
ALT-002342,laptop,iOS 16,unpatched,False,guest,1
ALT-002343,unknown,unknown,unknown,,unknown,
ALT-002344,smartphone,Windows 11,unknown,False,guest,2
ALT-002345,smartphone,Windows 10,fully_patched,False,guest,2
ALT-002346,unknown,unknown,unknown,,unknown,
ALT-002347,unknown,unknown,unknown,,unknown,
ALT-002348,unknown,iOS 16,partially_patched,False,guest,4
ALT-002349,smartphone,Ubuntu 22.04,fully_patched,False,guest,3
ALT-002350,unknown,macOS 13,partially_patched,False,guest,2
ALT-002351,smartphone,Android 13,partially_patched,False,guest,2
ALT-002352,unknown,Unknown,unpatched,False,guest,5
ALT-002353,laptop,macOS 13,fully_patched,True,student,2
ALT-002354,server,Windows 11,fully_patched,True,lab_admin,3
ALT-002355,smartphone,iOS 16,partially_patched,True,student,4
ALT-002356,unknown,Windows 11,unpatched,False,guest,0
ALT-002357,laptop,Android 13,partially_patched,True,student,1
ALT-002358,smartphone,Windows 11,unpatched,False,guest,3
ALT-002359,laptop,Android 13,partially_patched,True,student,0
ALT-002360,laptop,Windows 11,unknown,False,guest,4
ALT-002361,workstation,iOS 16,fully_patched,True,faculty,5
ALT-002362,workstation,Ubuntu 22.04,fully_patched,True,faculty,3
ALT-002363,tablet,Ubuntu 22.04,partially_patched,True,student,3
ALT-002364,unknown,unknown,unknown,,unknown,
ALT-002365,smartphone,Unknown,fully_patched,True,student,5
ALT-002366,server,iOS 16,fully_patched,True,lab_admin,4
ALT-002367,laptop,Windows 10,fully_patched,True,student,3
ALT-002368,tablet,Windows 11,partially_patched,True,student,1
ALT-002369,laptop,Windows 10,fully_patched,True,student,2
ALT-002370,unknown,Windows 10,fully_patched,False,guest,2
ALT-002371,unknown,Windows 10,fully_patched,False,guest,5
ALT-002372,laptop,Ubuntu 22.04,partially_patched,True,student,0
ALT-002373,raspberry_pi,iOS 16,fully_patched,True,faculty,3
ALT-002374,laptop,Windows 11,unpatched,True,student,4
ALT-002375,unknown,Unknown,fully_patched,False,guest,1
ALT-002376,smartphone,Ubuntu 22.04,fully_patched,True,student,0
ALT-002377,smartphone,Windows 10,fully_patched,False,guest,3
ALT-002378,unknown,macOS 13,partially_patched,False,guest,0
ALT-002379,unknown,macOS 13,fully_patched,False,guest,0
ALT-002380,laptop,iOS 16,fully_patched,False,guest,0
ALT-002381,unknown,unknown,unknown,,unknown,
ALT-002382,laptop,macOS 13,partially_patched,False,guest,2
ALT-002383,unknown,unknown,unknown,,unknown,
ALT-002384,laptop,iOS 16,fully_patched,True,student,5
ALT-002385,laptop,iOS 16,unpatched,False,guest,3
ALT-002386,unknown,Unknown,unknown,False,guest,4
ALT-002387,unknown,Android 13,fully_patched,False,guest,5
ALT-002388,smartphone,Windows 11,fully_patched,False,guest,1
ALT-002389,tablet,Windows 11,partially_patched,True,student,3
ALT-002390,unknown,iOS 16,unpatched,False,guest,3
ALT-002391,smartphone,Android 13,fully_patched,True,student,1
ALT-002392,laptop,Windows 11,partially_patched,True,guest,0
ALT-002393,workstation,iOS 16,partially_patched,True,lab_admin,5
ALT-002394,unknown,unknown,unknown,,unknown,
ALT-002395,unknown,unknown,unknown,,unknown,
ALT-002396,unknown,unknown,unknown,,unknown,
ALT-002397,unknown,unknown,unknown,,unknown,
ALT-002398,laptop,macOS 13,fully_patched,True,student,0
ALT-002399,unknown,Unknown,fully_patched,False,guest,0
ALT-002400,laptop,Unknown,partially_patched,False,guest,4
ALT-002401,laptop,Unknown,partially_patched,True,student,1
ALT-002402,unknown,unknown,unknown,,unknown,
ALT-002403,unknown,unknown,unknown,,unknown,
ALT-002404,unknown,iOS 16,partially_patched,False,guest,2
ALT-002405,laptop,iOS 16,fully_patched,True,student,2
ALT-002406,laptop,Windows 10,partially_patched,False,guest,1
ALT-002407,smartphone,iOS 16,partially_patched,True,student,0
ALT-002408,laptop,macOS 13,fully_patched,False,guest,1
ALT-002409,smartphone,Unknown,fully_patched,True,student,4
ALT-002410,unknown,Windows 11,fully_patched,False,guest,0
ALT-002411,workstation,macOS 13,unknown,True,faculty,2
ALT-002412,smartphone,Android 13,fully_patched,False,guest,4
ALT-002413,smartphone,Windows 10,partially_patched,False,guest,0
ALT-002414,unknown,Ubuntu 22.04,partially_patched,False,guest,4
ALT-002415,laptop,Windows 10,fully_patched,True,student,0
ALT-002416,smartphone,Unknown,partially_patched,False,guest,4
ALT-002417,smartphone,macOS 13,unknown,True,student,4
ALT-002418,smartphone,Windows 10,fully_patched,True,student,2
ALT-002419,unknown,unknown,unknown,,unknown,
ALT-002420,raspberry_pi,Android 13,unpatched,True,faculty,3
ALT-002421,laptop,Windows 11,fully_patched,True,student,1
ALT-002422,laptop,Android 13,partially_patched,True,student,3
ALT-002423,tablet,macOS 13,unpatched,True,student,0
ALT-002424,smartphone,Unknown,fully_patched,False,guest,2
ALT-002425,unknown,Unknown,fully_patched,False,guest,1
ALT-002426,laptop,Android 13,fully_patched,True,faculty,2
ALT-002427,smartphone,Unknown,fully_patched,True,student,1
ALT-002428,laptop,macOS 13,unpatched,False,guest,0
ALT-002429,unknown,unknown,unknown,,unknown,
ALT-002430,unknown,Windows 11,partially_patched,False,guest,2
ALT-002431,unknown,iOS 16,unknown,False,guest,5
ALT-002432,tablet,macOS 13,unpatched,True,student,3
ALT-002433,tablet,Windows 10,fully_patched,True,student,4
ALT-002434,laptop,Android 13,fully_patched,True,lab_admin,0
ALT-002435,smartphone,Android 13,fully_patched,False,guest,1
ALT-002436,raspberry_pi,Ubuntu 22.04,fully_patched,True,lab_admin,1
ALT-002437,laptop,Android 13,unpatched,False,guest,4
ALT-002438,laptop,iOS 16,fully_patched,False,guest,5
ALT-002439,unknown,Windows 11,fully_patched,False,guest,2
ALT-002440,smartphone,Windows 11,fully_patched,False,guest,2
ALT-002441,smartphone,Ubuntu 22.04,fully_patched,False,guest,0
ALT-002442,tablet,Android 13,fully_patched,True,student,4
ALT-002443,laptop,Windows 11,partially_patched,True,student,1
ALT-002444,unknown,unknown,unknown,,unknown,
ALT-002445,workstation,Android 13,fully_patched,True,lab_admin,3
ALT-002446,laptop,Windows 11,partially_patched,True,student,0
ALT-002447,smartphone,iOS 16,fully_patched,False,guest,2
ALT-002448,smartphone,Windows 11,partially_patched,False,guest,3
ALT-002449,workstation,Android 13,fully_patched,True,faculty,1
ALT-002450,laptop,Windows 11,fully_patched,True,student,0
ALT-002451,smartphone,iOS 16,fully_patched,False,guest,1
ALT-002452,laptop,Windows 11,partially_patched,True,student,3
ALT-002453,workstation,macOS 13,partially_patched,True,lab_admin,2
ALT-002454,unknown,Windows 10,partially_patched,False,guest,1
ALT-002455,smartphone,Unknown,fully_patched,False,guest,3
ALT-002456,laptop,macOS 13,unpatched,False,guest,0
ALT-002457,unknown,Windows 11,fully_patched,False,guest,3
ALT-002458,workstation,Windows 11,partially_patched,True,lab_admin,4
ALT-002459,laptop,iOS 16,unknown,False,guest,5
ALT-002460,laptop,Unknown,partially_patched,True,student,2
ALT-002461,tablet,Windows 10,partially_patched,True,student,3
ALT-002462,laptop,Unknown,fully_patched,True,student,4
ALT-002463,smartphone,Windows 10,fully_patched,False,guest,0
ALT-002464,unknown,unknown,unknown,,unknown,
ALT-002465,unknown,Unknown,fully_patched,False,guest,2
ALT-002466,smartphone,iOS 16,fully_patched,True,student,1
ALT-002467,laptop,Unknown,partially_patched,False,guest,3
ALT-002468,unknown,Windows 11,unknown,False,guest,0
ALT-002469,unknown,iOS 16,fully_patched,False,guest,4
ALT-002470,smartphone,iOS 16,fully_patched,False,guest,1
ALT-002471,smartphone,Windows 11,partially_patched,False,guest,0
ALT-002472,smartphone,Unknown,fully_patched,False,guest,2
ALT-002473,laptop,macOS 13,partially_patched,True,student,0
ALT-002474,smartphone,Android 13,fully_patched,True,student,0
ALT-002475,unknown,Windows 10,partially_patched,False,guest,0
ALT-002476,laptop,macOS 13,partially_patched,False,guest,5
ALT-002477,smartphone,macOS 13,fully_patched,True,student,2
ALT-002478,tablet,Windows 11,unpatched,True,student,4
ALT-002479,tablet,Unknown,fully_patched,True,student,3
ALT-002480,tablet,Unknown,fully_patched,True,student,4
ALT-002481,workstation,Windows 11,fully_patched,True,lab_admin,0
ALT-002482,workstation,macOS 13,partially_patched,True,faculty,0
ALT-002483,unknown,Windows 11,fully_patched,False,guest,3
ALT-002484,unknown,macOS 13,fully_patched,False,guest,5
ALT-002485,laptop,Unknown,partially_patched,False,guest,5
ALT-002486,laptop,Android 13,partially_patched,False,guest,1
ALT-002487,laptop,Ubuntu 22.04,partially_patched,True,student,4
ALT-002488,laptop,Windows 11,fully_patched,False,guest,5
ALT-002489,tablet,iOS 16,fully_patched,True,student,4
ALT-002490,server,Ubuntu 22.04,unpatched,True,faculty,1
ALT-002491,laptop,macOS 13,fully_patched,False,guest,3
ALT-002492,smartphone,iOS 16,fully_patched,True,student,1
ALT-002493,workstation,Windows 10,fully_patched,True,faculty,2
ALT-002494,server,Ubuntu 22.04,partially_patched,True,lab_admin,3
ALT-002495,tablet,macOS 13,partially_patched,True,student,1
ALT-002496,laptop,Android 13,fully_patched,True,guest,1
ALT-002497,unknown,unknown,unknown,,unknown,
ALT-002498,unknown,iOS 16,partially_patched,False,guest,2
ALT-002499,unknown,iOS 16,fully_patched,False,guest,0
ALT-002500,unknown,Windows 11,partially_patched,False,guest,1
ALT-002501,unknown,macOS 13,partially_patched,False,guest,0
ALT-002502,unknown,Android 13,unpatched,False,guest,1
ALT-002503,laptop,Unknown,partially_patched,False,guest,2
ALT-002504,smartphone,Android 13,fully_patched,False,guest,5
ALT-002505,laptop,iOS 16,partially_patched,False,guest,1
ALT-002506,tablet,iOS 16,fully_patched,True,student,2
ALT-002507,laptop,Windows 11,fully_patched,True,student,5
ALT-002508,unknown,unknown,unknown,,unknown,
ALT-002509,laptop,macOS 13,fully_patched,True,student,1
ALT-002510,smartphone,iOS 16,partially_patched,True,student,3
ALT-002511,laptop,Unknown,fully_patched,True,faculty,0
ALT-002512,smartphone,Windows 11,partially_patched,True,student,1
ALT-002513,laptop,macOS 13,fully_patched,True,lab_admin,4
ALT-002514,smartphone,Ubuntu 22.04,fully_patched,False,guest,1
ALT-002515,laptop,Unknown,fully_patched,False,guest,0
ALT-002516,smartphone,Windows 10,fully_patched,False,guest,3
ALT-002517,smartphone,Windows 10,partially_patched,True,guest,0
ALT-002518,laptop,Unknown,partially_patched,True,student,3
ALT-002519,smartphone,Unknown,fully_patched,True,student,1
ALT-002520,unknown,Unknown,fully_patched,False,guest,0
ALT-002521,tablet,Unknown,fully_patched,True,student,5
ALT-002522,smartphone,Windows 10,unknown,True,student,4
ALT-002523,smartphone,macOS 13,partially_patched,False,guest,3
ALT-002524,tablet,Windows 11,fully_patched,True,student,1
ALT-002525,raspberry_pi,macOS 13,fully_patched,True,faculty,4
ALT-002526,tablet,Unknown,fully_patched,True,student,4
ALT-002527,laptop,Unknown,partially_patched,False,guest,4
ALT-002528,laptop,iOS 16,fully_patched,False,guest,0
ALT-002529,unknown,Windows 10,fully_patched,False,guest,4
ALT-002530,smartphone,Unknown,fully_patched,True,student,1
ALT-002531,smartphone,Windows 11,fully_patched,False,guest,0
ALT-002532,smartphone,macOS 13,unpatched,False,guest,2
ALT-002533,laptop,Windows 11,fully_patched,False,guest,0
ALT-002534,unknown,Windows 11,partially_patched,False,guest,1
ALT-002535,tablet,Ubuntu 22.04,fully_patched,True,student,0
ALT-002536,smartphone,Android 13,fully_patched,True,student,2
ALT-002537,laptop,Windows 11,fully_patched,False,guest,3
ALT-002538,laptop,Android 13,fully_patched,True,student,0
ALT-002539,smartphone,Unknown,fully_patched,False,guest,0
ALT-002540,smartphone,Windows 10,fully_patched,False,guest,3
ALT-002541,laptop,Ubuntu 22.04,fully_patched,True,student,1
ALT-002542,smartphone,iOS 16,fully_patched,False,guest,3
ALT-002543,smartphone,macOS 13,partially_patched,True,student,2
ALT-002544,unknown,Ubuntu 22.04,fully_patched,False,guest,5
ALT-002545,unknown,Android 13,partially_patched,False,guest,5
ALT-002546,laptop,macOS 13,unpatched,False,guest,5
ALT-002547,laptop,iOS 16,fully_patched,False,guest,0
ALT-002548,raspberry_pi,Unknown,fully_patched,True,faculty,0
ALT-002549,laptop,Android 13,fully_patched,False,guest,5
ALT-002550,laptop,Ubuntu 22.04,unpatched,True,student,0
ALT-002551,laptop,Unknown,partially_patched,False,guest,4
ALT-002552,unknown,Ubuntu 22.04,unpatched,False,guest,5
ALT-002553,unknown,iOS 16,partially_patched,False,guest,0
ALT-002554,laptop,Windows 10,fully_patched,False,guest,5
ALT-002555,tablet,Windows 11,unpatched,True,student,1
ALT-002556,smartphone,Windows 10,partially_patched,False,guest,4
ALT-002557,laptop,macOS 13,partially_patched,False,guest,3
ALT-002558,laptop,Ubuntu 22.04,unpatched,False,guest,0
ALT-002559,smartphone,Android 13,fully_patched,False,guest,4
ALT-002560,unknown,Android 13,partially_patched,False,guest,3
ALT-002561,smartphone,macOS 13,partially_patched,False,guest,4
ALT-002562,unknown,Ubuntu 22.04,unpatched,False,guest,1
ALT-002563,smartphone,Windows 10,fully_patched,True,student,4
ALT-002564,unknown,unknown,unknown,,unknown,
ALT-002565,smartphone,Android 13,partially_patched,False,guest,1
ALT-002566,laptop,macOS 13,partially_patched,True,student,1
ALT-002567,smartphone,iOS 16,fully_patched,True,student,5
ALT-002568,smartphone,Windows 11,fully_patched,False,guest,3
ALT-002569,unknown,Windows 10,fully_patched,False,guest,2
ALT-002570,laptop,Ubuntu 22.04,fully_patched,False,guest,3
ALT-002571,laptop,iOS 16,fully_patched,True,guest,0
ALT-002572,laptop,Windows 10,unpatched,True,student,3
ALT-002573,unknown,Unknown,partially_patched,False,guest,5
ALT-002574,raspberry_pi,macOS 13,unpatched,True,faculty,5
ALT-002575,smartphone,iOS 16,partially_patched,True,student,3
ALT-002576,laptop,macOS 13,partially_patched,False,guest,2
ALT-002577,unknown,iOS 16,fully_patched,False,guest,4
ALT-002578,unknown,Windows 11,fully_patched,False,guest,0
ALT-002579,unknown,Ubuntu 22.04,partially_patched,False,guest,2
ALT-002580,unknown,Windows 11,fully_patched,False,guest,0
ALT-002581,smartphone,Android 13,fully_patched,False,guest,2
ALT-002582,laptop,macOS 13,partially_patched,True,student,2
ALT-002583,laptop,iOS 16,fully_patched,True,student,4
ALT-002584,unknown,Unknown,partially_patched,False,guest,2
ALT-002585,unknown,Windows 10,fully_patched,False,guest,4
ALT-002586,unknown,Android 13,fully_patched,False,guest,5
ALT-002587,laptop,Ubuntu 22.04,unknown,True,student,1
ALT-002588,laptop,Windows 11,fully_patched,False,guest,1
ALT-002589,tablet,iOS 16,fully_patched,True,student,2
ALT-002590,smartphone,Ubuntu 22.04,unknown,False,guest,3
ALT-002591,unknown,Windows 10,fully_patched,False,guest,3
ALT-002592,laptop,Windows 11,unpatched,False,guest,4
ALT-002593,tablet,Windows 11,partially_patched,True,student,0
ALT-002594,laptop,Windows 10,unpatched,False,guest,4
ALT-002595,unknown,Android 13,partially_patched,False,guest,4
ALT-002596,unknown,Unknown,partially_patched,False,guest,5
ALT-002597,smartphone,Windows 10,fully_patched,True,guest,0
ALT-002598,laptop,Unknown,fully_patched,True,student,4
ALT-002599,smartphone,Unknown,unpatched,True,student,0
ALT-002600,laptop,Windows 11,fully_patched,False,guest,3
ALT-002601,laptop,Windows 10,partially_patched,True,lab_admin,1
ALT-002602,unknown,unknown,unknown,,unknown,
ALT-002603,unknown,unknown,unknown,,unknown,
ALT-002604,laptop,Windows 11,fully_patched,True,student,2
ALT-002605,smartphone,Android 13,partially_patched,False,guest,0
ALT-002606,laptop,macOS 13,partially_patched,True,student,0
ALT-002607,unknown,macOS 13,fully_patched,False,guest,2
ALT-002608,laptop,Unknown,fully_patched,True,student,5
ALT-002609,unknown,Windows 10,partially_patched,False,guest,0
ALT-002610,server,Ubuntu 22.04,fully_patched,True,lab_admin,0
ALT-002611,smartphone,Ubuntu 22.04,partially_patched,False,guest,0
ALT-002612,unknown,Unknown,partially_patched,False,guest,2
ALT-002613,laptop,iOS 16,fully_patched,False,guest,3
ALT-002614,tablet,Windows 11,fully_patched,True,student,3
ALT-002615,raspberry_pi,macOS 13,fully_patched,True,faculty,4
ALT-002616,smartphone,Unknown,partially_patched,True,student,1
ALT-002617,unknown,Windows 10,fully_patched,False,guest,2
ALT-002618,workstation,Ubuntu 22.04,unpatched,True,lab_admin,5
ALT-002619,workstation,Unknown,partially_patched,True,faculty,3
ALT-002620,laptop,Android 13,partially_patched,False,guest,3
ALT-002621,server,Ubuntu 22.04,fully_patched,True,lab_admin,5
ALT-002622,unknown,unknown,unknown,,unknown,
ALT-002623,unknown,Windows 10,unknown,False,guest,5
ALT-002624,laptop,Unknown,unpatched,True,student,0
ALT-002625,workstation,Windows 11,unpatched,True,lab_admin,3
ALT-002626,laptop,Android 13,partially_patched,False,guest,3
ALT-002627,unknown,unknown,unknown,,unknown,
ALT-002628,smartphone,Ubuntu 22.04,unpatched,True,student,0
ALT-002629,smartphone,macOS 13,unknown,False,guest,0
ALT-002630,smartphone,Ubuntu 22.04,unpatched,True,student,0
ALT-002631,unknown,unknown,unknown,,unknown,
ALT-002632,laptop,Ubuntu 22.04,fully_patched,True,student,2
ALT-002633,tablet,Windows 10,unpatched,True,student,0
ALT-002634,laptop,iOS 16,partially_patched,True,student,3
ALT-002635,laptop,iOS 16,fully_patched,False,guest,0
ALT-002636,workstation,Windows 10,fully_patched,True,lab_admin,0
ALT-002637,laptop,macOS 13,unpatched,True,student,5
ALT-002638,laptop,Ubuntu 22.04,partially_patched,False,guest,3
ALT-002639,tablet,Ubuntu 22.04,partially_patched,True,student,1
ALT-002640,tablet,macOS 13,unknown,True,student,4
ALT-002641,workstation,Ubuntu 22.04,fully_patched,True,lab_admin,0
ALT-002642,unknown,unknown,unknown,,unknown,
ALT-002643,smartphone,Ubuntu 22.04,unpatched,False,guest,0
ALT-002644,workstation,Android 13,fully_patched,True,faculty,4
ALT-002645,smartphone,iOS 16,partially_patched,True,student,1
ALT-002646,unknown,unknown,unknown,,unknown,
ALT-002647,unknown,Android 13,fully_patched,False,guest,1
ALT-002648,unknown,unknown,unknown,,unknown,
ALT-002649,laptop,Windows 11,fully_patched,False,guest,4
ALT-002650,laptop,Windows 11,partially_patched,False,guest,4
ALT-002651,unknown,Ubuntu 22.04,fully_patched,False,guest,0
ALT-002652,unknown,Android 13,partially_patched,False,guest,5
ALT-002653,tablet,iOS 16,partially_patched,True,student,1
ALT-002654,smartphone,iOS 16,fully_patched,False,guest,0
ALT-002655,laptop,macOS 13,fully_patched,False,guest,2
ALT-002656,workstation,Windows 10,partially_patched,True,faculty,3
ALT-002657,unknown,unknown,unknown,,unknown,
ALT-002658,tablet,Android 13,fully_patched,True,student,3
ALT-002659,laptop,Ubuntu 22.04,fully_patched,False,guest,5
ALT-002660,workstation,Windows 11,unpatched,True,lab_admin,1
ALT-002661,laptop,Windows 11,fully_patched,True,lab_admin,3
ALT-002662,laptop,Windows 11,partially_patched,False,guest,4
ALT-002663,laptop,iOS 16,fully_patched,True,student,5
ALT-002664,server,Windows 10,fully_patched,True,faculty,3
ALT-002665,laptop,macOS 13,fully_patched,True,student,0
ALT-002666,laptop,Unknown,partially_patched,True,student,1
ALT-002667,laptop,Ubuntu 22.04,unknown,False,guest,0
ALT-002668,smartphone,Android 13,fully_patched,True,student,1
ALT-002669,laptop,macOS 13,unpatched,True,student,5
ALT-002670,laptop,Windows 10,unpatched,True,student,2
ALT-002671,unknown,unknown,unknown,,unknown,
ALT-002672,unknown,unknown,unknown,,unknown,
ALT-002673,laptop,iOS 16,fully_patched,False,guest,4
ALT-002674,raspberry_pi,Unknown,fully_patched,True,faculty,2
ALT-002675,tablet,macOS 13,unpatched,True,student,0
ALT-002676,unknown,unknown,unknown,,unknown,
ALT-002677,server,Android 13,fully_patched,True,faculty,1
ALT-002678,smartphone,Ubuntu 22.04,fully_patched,True,student,1
ALT-002679,laptop,Android 13,partially_patched,True,lab_admin,4
ALT-002680,tablet,Unknown,fully_patched,True,student,0
ALT-002681,smartphone,Windows 10,fully_patched,False,guest,3
ALT-002682,laptop,Ubuntu 22.04,fully_patched,True,student,1
ALT-002683,smartphone,Ubuntu 22.04,partially_patched,False,guest,0
ALT-002684,unknown,macOS 13,fully_patched,False,guest,1
ALT-002685,laptop,Unknown,fully_patched,True,student,4
ALT-002686,unknown,iOS 16,partially_patched,False,guest,0
ALT-002687,smartphone,macOS 13,fully_patched,True,student,2
ALT-002688,smartphone,iOS 16,unpatched,False,guest,4
ALT-002689,laptop,iOS 16,fully_patched,True,guest,1
ALT-002690,smartphone,iOS 16,fully_patched,True,student,1
ALT-002691,laptop,Ubuntu 22.04,fully_patched,True,student,0
ALT-002692,unknown,macOS 13,partially_patched,False,guest,3
ALT-002693,workstation,Windows 11,fully_patched,True,lab_admin,1
ALT-002694,tablet,Windows 11,partially_patched,True,student,3
ALT-002695,laptop,Android 13,partially_patched,False,guest,1
ALT-002696,server,Unknown,fully_patched,True,faculty,4
ALT-002697,smartphone,iOS 16,fully_patched,False,guest,4
ALT-002698,laptop,Windows 10,fully_patched,False,guest,2
ALT-002699,smartphone,macOS 13,fully_patched,False,guest,0
ALT-002700,unknown,unknown,unknown,,unknown,
ALT-002701,server,Windows 10,partially_patched,True,faculty,2
ALT-002702,laptop,Ubuntu 22.04,fully_patched,True,student,4
ALT-002703,laptop,Android 13,partially_patched,False,guest,3
ALT-002704,laptop,Android 13,unknown,False,guest,5
ALT-002705,smartphone,Windows 10,fully_patched,False,guest,4
ALT-002706,laptop,Windows 11,unpatched,True,student,2
ALT-002707,server,Ubuntu 22.04,fully_patched,True,faculty,3
ALT-002708,unknown,unknown,unknown,,unknown,
ALT-002709,laptop,Ubuntu 22.04,fully_patched,True,student,4
ALT-002710,laptop,Unknown,unpatched,True,student,0
ALT-002711,laptop,macOS 13,fully_patched,True,guest,0
ALT-002712,workstation,Unknown,fully_patched,True,lab_admin,5
ALT-002713,unknown,unknown,unknown,,unknown,
ALT-002714,unknown,unknown,unknown,,unknown,
ALT-002715,tablet,iOS 16,partially_patched,True,student,2
ALT-002716,laptop,Windows 11,partially_patched,True,student,3
ALT-002717,laptop,Windows 11,fully_patched,False,guest,0
ALT-002718,unknown,Unknown,partially_patched,False,guest,3
ALT-002719,server,Ubuntu 22.04,partially_patched,True,lab_admin,4
ALT-002720,tablet,Windows 11,fully_patched,True,student,3
ALT-002721,smartphone,Android 13,fully_patched,True,student,2
ALT-002722,laptop,Ubuntu 22.04,unknown,True,student,0
ALT-002723,smartphone,Ubuntu 22.04,partially_patched,True,student,5
ALT-002724,tablet,iOS 16,unpatched,True,student,5
ALT-002725,laptop,Windows 11,unknown,False,guest,1
ALT-002726,smartphone,Windows 11,partially_patched,True,student,3
ALT-002727,workstation,Windows 11,fully_patched,True,lab_admin,2
ALT-002728,tablet,Windows 11,fully_patched,True,student,4
ALT-002729,tablet,macOS 13,unknown,True,student,1
ALT-002730,raspberry_pi,Android 13,unpatched,True,faculty,1
ALT-002731,workstation,Unknown,fully_patched,True,lab_admin,4
ALT-002732,smartphone,Windows 11,fully_patched,False,guest,3
ALT-002733,unknown,unknown,unknown,,unknown,
ALT-002734,unknown,unknown,unknown,,unknown,
ALT-002735,unknown,unknown,unknown,,unknown,
ALT-002736,tablet,Ubuntu 22.04,partially_patched,True,student,5
ALT-002737,tablet,Windows 11,fully_patched,True,student,3
ALT-002738,unknown,unknown,unknown,,unknown,
ALT-002739,unknown,Unknown,unpatched,False,guest,0
ALT-002740,laptop,Windows 10,partially_patched,False,guest,3
ALT-002741,laptop,iOS 16,partially_patched,False,guest,1
ALT-002742,laptop,Windows 11,partially_patched,True,guest,0
ALT-002743,smartphone,Windows 11,fully_patched,False,guest,2
ALT-002744,unknown,unknown,unknown,,unknown,
ALT-002745,laptop,Unknown,unpatched,True,student,1
ALT-002746,unknown,Windows 10,fully_patched,False,guest,5
ALT-002747,raspberry_pi,Ubuntu 22.04,fully_patched,True,lab_admin,2
ALT-002748,unknown,macOS 13,fully_patched,False,guest,4
ALT-002749,smartphone,iOS 16,partially_patched,True,student,1
ALT-002750,smartphone,Windows 11,fully_patched,True,student,1
ALT-002751,unknown,unknown,unknown,,unknown,
ALT-002752,unknown,Windows 11,partially_patched,False,guest,5
ALT-002753,unknown,unknown,unknown,,unknown,
ALT-002754,laptop,macOS 13,partially_patched,True,student,2
ALT-002755,unknown,unknown,unknown,,unknown,
ALT-002756,unknown,Windows 11,partially_patched,False,guest,5
ALT-002757,unknown,iOS 16,fully_patched,False,guest,3
ALT-002758,unknown,Ubuntu 22.04,fully_patched,False,guest,5
ALT-002759,workstation,Ubuntu 22.04,fully_patched,True,lab_admin,5
ALT-002760,smartphone,Windows 10,fully_patched,True,guest,0
ALT-002761,unknown,unknown,unknown,,unknown,
ALT-002762,unknown,unknown,unknown,,unknown,
ALT-002763,smartphone,Windows 10,fully_patched,False,guest,5
ALT-002764,tablet,Ubuntu 22.04,fully_patched,True,student,5
ALT-002765,smartphone,Windows 10,unpatched,False,guest,2
ALT-002766,laptop,macOS 13,partially_patched,False,guest,3
ALT-002767,laptop,iOS 16,partially_patched,True,student,1
ALT-002768,unknown,Windows 11,fully_patched,False,guest,1
ALT-002769,workstation,Windows 11,partially_patched,True,faculty,2
ALT-002770,smartphone,iOS 16,fully_patched,False,guest,0
ALT-002771,smartphone,Windows 11,fully_patched,True,student,2
ALT-002772,tablet,Unknown,fully_patched,True,student,5
ALT-002773,tablet,Windows 11,partially_patched,True,student,4
ALT-002774,unknown,unknown,unknown,,unknown,
ALT-002775,smartphone,iOS 16,partially_patched,True,student,0
ALT-002776,unknown,macOS 13,unpatched,False,guest,2
ALT-002777,workstation,Windows 10,unpatched,True,lab_admin,5
ALT-002778,tablet,macOS 13,partially_patched,True,student,0
ALT-002779,workstation,macOS 13,fully_patched,True,faculty,2
ALT-002780,smartphone,Windows 11,partially_patched,True,student,5
ALT-002781,laptop,Windows 10,partially_patched,True,student,0
ALT-002782,laptop,Ubuntu 22.04,partially_patched,True,student,4
ALT-002783,laptop,iOS 16,partially_patched,False,guest,5
ALT-002784,laptop,Unknown,fully_patched,False,guest,5
ALT-002785,smartphone,Windows 11,fully_patched,False,guest,1
ALT-002786,raspberry_pi,Windows 11,unpatched,True,faculty,5
ALT-002787,workstation,Unknown,fully_patched,True,lab_admin,0
ALT-002788,unknown,unknown,unknown,,unknown,
ALT-002789,unknown,iOS 16,partially_patched,False,guest,5
ALT-002790,raspberry_pi,Windows 10,fully_patched,True,lab_admin,1
ALT-002791,smartphone,Android 13,fully_patched,False,guest,3
ALT-002792,tablet,iOS 16,fully_patched,True,student,3
ALT-002793,unknown,unknown,unknown,,unknown,
ALT-002794,tablet,iOS 16,fully_patched,True,student,5
ALT-002795,workstation,Ubuntu 22.04,partially_patched,True,lab_admin,1
ALT-002796,unknown,unknown,unknown,,unknown,
ALT-002797,laptop,iOS 16,fully_patched,True,student,1
ALT-002798,smartphone,Windows 10,fully_patched,True,student,5
ALT-002799,laptop,Unknown,fully_patched,False,guest,1
ALT-002800,workstation,Ubuntu 22.04,fully_patched,True,lab_admin,4
ALT-002801,unknown,macOS 13,partially_patched,False,guest,2
ALT-002802,tablet,macOS 13,partially_patched,True,student,3
ALT-002803,smartphone,Windows 11,partially_patched,False,guest,0
ALT-002804,unknown,iOS 16,fully_patched,False,guest,5
ALT-002805,smartphone,Android 13,unpatched,False,guest,0
ALT-002806,unknown,Android 13,fully_patched,False,guest,2
ALT-002807,smartphone,Android 13,partially_patched,True,student,2
ALT-002808,smartphone,Windows 11,unknown,False,guest,5
ALT-002809,laptop,Windows 11,partially_patched,False,guest,0
ALT-002810,tablet,Windows 10,unpatched,True,student,3
ALT-002811,workstation,Windows 11,fully_patched,True,lab_admin,0
ALT-002812,laptop,Ubuntu 22.04,partially_patched,False,guest,1
ALT-002813,unknown,unknown,unknown,,unknown,
ALT-002814,laptop,Android 13,fully_patched,False,guest,3
ALT-002815,unknown,unknown,unknown,,unknown,
ALT-002816,workstation,Unknown,fully_patched,True,lab_admin,1
ALT-002817,laptop,Windows 11,fully_patched,False,guest,0
ALT-002818,smartphone,macOS 13,fully_patched,False,guest,4
ALT-002819,unknown,macOS 13,fully_patched,False,guest,0
ALT-002820,laptop,Windows 11,fully_patched,True,student,0
ALT-002821,laptop,Unknown,partially_patched,False,guest,2
ALT-002822,server,Unknown,partially_patched,True,faculty,1
ALT-002823,tablet,Android 13,fully_patched,True,student,4
ALT-002824,laptop,Android 13,unpatched,False,guest,2
ALT-002825,smartphone,Windows 10,unpatched,True,student,2
ALT-002826,unknown,unknown,unknown,,unknown,
ALT-002827,laptop,Windows 10,unpatched,True,student,1
ALT-002828,laptop,Windows 10,fully_patched,True,student,0
ALT-002829,unknown,Windows 10,fully_patched,False,guest,5
ALT-002830,tablet,iOS 16,fully_patched,True,student,5
ALT-002831,unknown,unknown,unknown,,unknown,
ALT-002832,unknown,unknown,unknown,,unknown,
ALT-002833,unknown,macOS 13,fully_patched,False,guest,4
ALT-002834,smartphone,macOS 13,unpatched,False,guest,5
ALT-002835,unknown,unknown,unknown,,unknown,
ALT-002836,smartphone,macOS 13,fully_patched,True,student,4
ALT-002837,unknown,unknown,unknown,,unknown,
ALT-002838,laptop,macOS 13,fully_patched,False,guest,1
ALT-002839,laptop,iOS 16,fully_patched,False,guest,4
ALT-002840,smartphone,Android 13,unknown,False,guest,0
ALT-002841,unknown,Windows 10,fully_patched,False,guest,3
ALT-002842,laptop,macOS 13,unpatched,True,student,2
ALT-002843,unknown,Windows 10,partially_patched,False,guest,3
ALT-002844,unknown,Windows 11,partially_patched,False,guest,5
ALT-002845,smartphone,Android 13,partially_patched,False,guest,5
ALT-002846,laptop,Windows 10,partially_patched,True,faculty,5
ALT-002847,unknown,iOS 16,partially_patched,False,guest,5
ALT-002848,laptop,iOS 16,partially_patched,True,student,2
ALT-002849,unknown,Unknown,fully_patched,False,guest,5
ALT-002850,unknown,macOS 13,fully_patched,False,guest,2
ALT-002851,unknown,unknown,unknown,,unknown,
ALT-002852,laptop,Android 13,partially_patched,True,guest,0
ALT-002853,laptop,Windows 10,partially_patched,True,student,2
ALT-002854,laptop,Windows 10,fully_patched,False,guest,4
ALT-002855,smartphone,macOS 13,fully_patched,True,student,3
ALT-002856,unknown,unknown,unknown,,unknown,
ALT-002857,workstation,Windows 11,partially_patched,True,lab_admin,0
ALT-002858,smartphone,iOS 16,unknown,True,student,0
ALT-002859,workstation,macOS 13,fully_patched,True,lab_admin,3
ALT-002860,unknown,Windows 11,partially_patched,False,guest,0
ALT-002861,tablet,Android 13,partially_patched,True,student,4
ALT-002862,smartphone,macOS 13,fully_patched,False,guest,1
ALT-002863,laptop,Android 13,partially_patched,True,student,3
ALT-002864,unknown,unknown,unknown,,unknown,
ALT-002865,laptop,Windows 10,partially_patched,False,guest,5
ALT-002866,tablet,Windows 10,partially_patched,False,guest,0
ALT-002867,smartphone,macOS 13,partially_patched,False,guest,0
ALT-002868,unknown,unknown,unknown,,unknown,
ALT-002869,laptop,Android 13,partially_patched,False,guest,3
ALT-002870,unknown,unknown,unknown,,unknown,
ALT-002871,laptop,Ubuntu 22.04,fully_patched,True,student,3
ALT-002872,smartphone,Unknown,unpatched,False,guest,0
ALT-002873,smartphone,Windows 11,fully_patched,False,guest,0
ALT-002874,tablet,macOS 13,partially_patched,True,student,4
ALT-002875,unknown,unknown,unknown,,unknown,
ALT-002876,unknown,unknown,unknown,,unknown,
ALT-002877,laptop,Android 13,partially_patched,False,guest,3
ALT-002878,smartphone,iOS 16,partially_patched,True,student,1
ALT-002879,laptop,iOS 16,fully_patched,False,guest,0
ALT-002880,laptop,Windows 10,partially_patched,False,guest,0
ALT-002881,laptop,iOS 16,partially_patched,False,guest,4
ALT-002882,tablet,macOS 13,fully_patched,True,student,4
ALT-002883,laptop,macOS 13,fully_patched,True,student,5
ALT-002884,unknown,iOS 16,partially_patched,False,guest,5
ALT-002885,smartphone,iOS 16,fully_patched,True,student,5
ALT-002886,laptop,macOS 13,fully_patched,True,student,4
ALT-002887,laptop,Ubuntu 22.04,partially_patched,False,guest,1
ALT-002888,tablet,Windows 10,partially_patched,True,student,2
ALT-002889,laptop,macOS 13,fully_patched,False,guest,0
ALT-002890,unknown,Android 13,unpatched,False,guest,4
ALT-002891,unknown,Ubuntu 22.04,partially_patched,False,guest,2
ALT-002892,laptop,Windows 11,fully_patched,True,student,3
ALT-002893,raspberry_pi,macOS 13,unpatched,True,faculty,4
ALT-002894,laptop,iOS 16,fully_patched,True,student,5
ALT-002895,tablet,Ubuntu 22.04,unknown,True,student,0
ALT-002896,smartphone,Unknown,unpatched,True,student,4
ALT-002897,laptop,iOS 16,unpatched,True,student,5
ALT-002898,smartphone,macOS 13,fully_patched,False,guest,2
ALT-002899,smartphone,Unknown,fully_patched,False,guest,2
ALT-002900,laptop,Ubuntu 22.04,fully_patched,True,student,4
ALT-002901,laptop,Android 13,fully_patched,True,student,0
ALT-002902,unknown,Android 13,partially_patched,False,guest,4
ALT-002903,smartphone,Unknown,fully_patched,False,guest,0
ALT-002904,smartphone,Windows 10,fully_patched,True,student,0
ALT-002905,laptop,iOS 16,fully_patched,True,guest,0
ALT-002906,smartphone,iOS 16,unpatched,True,student,4
ALT-002907,laptop,Ubuntu 22.04,partially_patched,False,guest,1
ALT-002908,smartphone,macOS 13,fully_patched,True,student,1
ALT-002909,smartphone,Unknown,unknown,False,guest,4
ALT-002910,laptop,Unknown,partially_patched,False,guest,2
ALT-002911,smartphone,Unknown,partially_patched,False,guest,1
ALT-002912,unknown,Ubuntu 22.04,partially_patched,False,guest,0
ALT-002913,smartphone,Windows 10,fully_patched,True,student,3
ALT-002914,workstation,Windows 11,fully_patched,True,lab_admin,1
ALT-002915,laptop,Android 13,fully_patched,False,guest,2
ALT-002916,smartphone,Windows 10,fully_patched,True,guest,0
ALT-002917,laptop,Windows 11,fully_patched,False,guest,5
ALT-002918,laptop,Android 13,fully_patched,False,guest,0
ALT-002919,unknown,unknown,unknown,,unknown,
ALT-002920,laptop,Windows 11,partially_patched,False,guest,4
ALT-002921,unknown,macOS 13,unpatched,False,guest,0
ALT-002922,unknown,unknown,unknown,,unknown,
ALT-002923,laptop,Windows 10,partially_patched,False,guest,4
ALT-002924,laptop,Unknown,partially_patched,True,lab_admin,5
ALT-002925,laptop,Ubuntu 22.04,fully_patched,False,guest,1
ALT-002926,smartphone,Windows 10,partially_patched,False,guest,5
ALT-002927,smartphone,Ubuntu 22.04,fully_patched,True,student,5
ALT-002928,unknown,iOS 16,partially_patched,False,guest,0
ALT-002929,laptop,Ubuntu 22.04,fully_patched,False,guest,5
ALT-002930,unknown,unknown,unknown,,unknown,
ALT-002931,laptop,Windows 11,partially_patched,True,faculty,5
ALT-002932,smartphone,Unknown,fully_patched,False,guest,0
ALT-002933,unknown,Windows 11,fully_patched,False,guest,2
ALT-002934,smartphone,Unknown,unpatched,True,student,0
ALT-002935,unknown,Windows 10,fully_patched,False,guest,0
ALT-002936,tablet,iOS 16,unpatched,True,student,2
ALT-002937,laptop,Windows 11,fully_patched,False,guest,0
ALT-002938,laptop,Android 13,fully_patched,False,guest,3
ALT-002939,tablet,iOS 16,partially_patched,True,student,3
ALT-002940,server,Ubuntu 22.04,fully_patched,True,faculty,0
ALT-002941,laptop,Windows 10,partially_patched,False,guest,3
ALT-002942,unknown,Ubuntu 22.04,fully_patched,False,guest,0
ALT-002943,smartphone,iOS 16,partially_patched,False,guest,1
ALT-002944,laptop,Windows 11,partially_patched,True,student,0
ALT-002945,tablet,Ubuntu 22.04,fully_patched,True,student,0
ALT-002946,smartphone,Unknown,unpatched,True,student,4
ALT-002947,laptop,Windows 11,fully_patched,True,student,2
ALT-002948,laptop,Windows 10,fully_patched,False,guest,0
ALT-002949,laptop,Unknown,partially_patched,False,guest,3
ALT-002950,tablet,Windows 10,fully_patched,True,student,4
ALT-002951,laptop,Unknown,unpatched,True,student,3
ALT-002952,tablet,Ubuntu 22.04,unpatched,True,student,0
ALT-002953,tablet,Android 13,unknown,True,student,5
ALT-002954,tablet,Unknown,partially_patched,True,student,2
ALT-002955,laptop,Android 13,fully_patched,True,student,0
ALT-002956,laptop,Ubuntu 22.04,partially_patched,True,student,1
ALT-002957,laptop,iOS 16,partially_patched,True,guest,0
ALT-002958,laptop,Ubuntu 22.04,partially_patched,True,student,4
ALT-002959,raspberry_pi,Android 13,unknown,True,faculty,4
ALT-002960,unknown,unknown,unknown,,unknown,
ALT-002961,laptop,Windows 10,partially_patched,True,student,1
ALT-002962,laptop,Windows 11,fully_patched,False,guest,5
ALT-002963,tablet,Windows 11,partially_patched,True,student,3
ALT-002964,unknown,macOS 13,fully_patched,False,guest,1
ALT-002965,smartphone,Windows 11,partially_patched,True,student,0
ALT-002966,laptop,Windows 11,partially_patched,False,guest,4
ALT-002967,workstation,Ubuntu 22.04,fully_patched,True,lab_admin,0
ALT-002968,unknown,unknown,unknown,,unknown,
ALT-002969,workstation,macOS 13,fully_patched,True,faculty,0
ALT-002970,smartphone,Windows 10,unknown,False,guest,4
ALT-002971,server,Windows 10,fully_patched,True,lab_admin,4
ALT-002972,smartphone,Ubuntu 22.04,fully_patched,True,student,0
ALT-002973,unknown,unknown,unknown,,unknown,
ALT-002974,workstation,Unknown,fully_patched,True,faculty,5
ALT-002975,unknown,Windows 10,fully_patched,False,guest,4
ALT-002976,workstation,Android 13,partially_patched,True,faculty,0
ALT-002977,tablet,Windows 10,partially_patched,True,student,1
ALT-002978,tablet,Windows 11,fully_patched,True,student,3
ALT-002979,laptop,Android 13,fully_patched,False,guest,4
ALT-002980,workstation,Windows 11,partially_patched,True,lab_admin,4
ALT-002981,smartphone,Unknown,fully_patched,True,student,1
ALT-002982,smartphone,Android 13,partially_patched,False,guest,2
ALT-002983,raspberry_pi,Windows 11,fully_patched,True,lab_admin,0
ALT-002984,laptop,Windows 11,partially_patched,True,student,1
ALT-002985,unknown,unknown,unknown,,unknown,
ALT-002986,smartphone,macOS 13,partially_patched,False,guest,1
ALT-002987,tablet,Windows 10,partially_patched,True,student,0
ALT-002988,unknown,Ubuntu 22.04,partially_patched,False,guest,4
ALT-002989,smartphone,Unknown,fully_patched,False,guest,3
ALT-002990,laptop,Windows 10,unpatched,True,student,4
ALT-002991,smartphone,macOS 13,unpatched,False,guest,4
ALT-002992,smartphone,Ubuntu 22.04,fully_patched,False,guest,5
ALT-002993,server,Windows 10,unpatched,True,lab_admin,0
ALT-002994,unknown,unknown,unknown,,unknown,
ALT-002995,unknown,unknown,unknown,,unknown,
ALT-002996,smartphone,macOS 13,fully_patched,True,student,5
ALT-002997,smartphone,Ubuntu 22.04,unpatched,False,guest,0
ALT-002998,server,Unknown,fully_patched,True,lab_admin,4
ALT-002999,unknown,Windows 10,partially_patched,False,guest,1
ALT-003000,unknown,Unknown,fully_patched,False,guest,5
ALT-003001,unknown,unknown,unknown,,unknown,
ALT-003002,laptop,Android 13,fully_patched,False,guest,0
ALT-003003,laptop,Android 13,partially_patched,False,guest,2
ALT-003004,laptop,Ubuntu 22.04,unpatched,False,guest,3
ALT-003005,smartphone,Windows 10,fully_patched,False,guest,3
ALT-003006,smartphone,iOS 16,partially_patched,True,student,3
ALT-003007,laptop,Windows 11,fully_patched,True,student,3
ALT-003008,laptop,Ubuntu 22.04,fully_patched,False,guest,0
ALT-003009,laptop,Ubuntu 22.04,unpatched,True,student,1
ALT-003010,unknown,unknown,unknown,,unknown,
ALT-003011,unknown,unknown,unknown,,unknown,
ALT-003012,laptop,macOS 13,unknown,True,student,3
ALT-003013,smartphone,Android 13,fully_patched,False,guest,3
ALT-003014,smartphone,Windows 10,fully_patched,False,guest,0
ALT-003015,tablet,Windows 11,fully_patched,True,student,1
ALT-003016,laptop,iOS 16,partially_patched,False,guest,2
ALT-003017,smartphone,iOS 16,partially_patched,False,guest,2
ALT-003018,workstation,Unknown,fully_patched,True,lab_admin,2
ALT-003019,tablet,Windows 11,partially_patched,True,student,2
ALT-003020,laptop,Ubuntu 22.04,unknown,False,guest,3
ALT-003021,smartphone,Windows 11,fully_patched,False,guest,0
ALT-003022,unknown,unknown,unknown,,unknown,
ALT-003023,laptop,Windows 11,fully_patched,True,student,4
ALT-003024,unknown,Windows 10,fully_patched,False,guest,4
ALT-003025,laptop,Ubuntu 22.04,unpatched,True,student,5
ALT-003026,raspberry_pi,Unknown,unpatched,True,lab_admin,3
ALT-003027,workstation,Windows 11,fully_patched,True,faculty,0
ALT-003028,unknown,unknown,unknown,,unknown,
ALT-003029,unknown,unknown,unknown,,unknown,
ALT-003030,smartphone,iOS 16,fully_patched,True,student,4
ALT-003031,smartphone,Windows 11,partially_patched,True,student,0
ALT-003032,laptop,Android 13,partially_patched,True,student,1
ALT-003033,raspberry_pi,Unknown,fully_patched,True,faculty,5
ALT-003034,unknown,iOS 16,fully_patched,False,guest,0
ALT-003035,laptop,macOS 13,partially_patched,False,guest,2
ALT-003036,smartphone,Windows 11,fully_patched,False,guest,5
ALT-003037,smartphone,Android 13,fully_patched,True,student,0
ALT-003038,laptop,Windows 11,partially_patched,True,student,4
ALT-003039,laptop,macOS 13,fully_patched,False,guest,1
ALT-003040,laptop,Windows 11,fully_patched,True,student,5
ALT-003041,smartphone,macOS 13,fully_patched,True,student,2
ALT-003042,tablet,Windows 10,partially_patched,True,student,4
ALT-003043,laptop,iOS 16,fully_patched,False,guest,4
ALT-003044,smartphone,Windows 10,fully_patched,False,guest,0
ALT-003045,unknown,iOS 16,fully_patched,False,guest,1
ALT-003046,smartphone,macOS 13,fully_patched,True,student,0
ALT-003047,unknown,Windows 11,unpatched,False,guest,4
ALT-003048,workstation,iOS 16,partially_patched,True,lab_admin,3
ALT-003049,unknown,unknown,unknown,,unknown,
ALT-003050,workstation,Unknown,unpatched,True,lab_admin,2
ALT-003051,laptop,macOS 13,unpatched,False,guest,3
ALT-003052,laptop,Windows 10,partially_patched,True,lab_admin,3
ALT-003053,unknown,unknown,unknown,,unknown,
ALT-003054,laptop,Android 13,partially_patched,True,faculty,3
ALT-003055,unknown,Ubuntu 22.04,fully_patched,False,guest,2
ALT-003056,unknown,unknown,unknown,,unknown,
ALT-003057,laptop,Ubuntu 22.04,partially_patched,False,guest,0
ALT-003058,smartphone,macOS 13,unknown,False,guest,5
ALT-003059,laptop,Unknown,fully_patched,False,guest,2
ALT-003060,smartphone,Windows 11,unpatched,False,guest,4
ALT-003061,smartphone,Unknown,unknown,False,guest,0
ALT-003062,unknown,Android 13,fully_patched,False,guest,4
ALT-003063,smartphone,Windows 10,partially_patched,False,guest,5
ALT-003064,unknown,unknown,unknown,,unknown,
ALT-003065,unknown,iOS 16,unknown,False,guest,5
ALT-003066,server,Ubuntu 22.04,unpatched,True,lab_admin,0
ALT-003067,smartphone,iOS 16,unpatched,True,student,0
ALT-003068,laptop,iOS 16,fully_patched,True,lab_admin,1
ALT-003069,laptop,Unknown,unpatched,True,student,4
ALT-003070,smartphone,Windows 11,partially_patched,False,guest,4
ALT-003071,unknown,Ubuntu 22.04,fully_patched,False,guest,5
ALT-003072,server,Ubuntu 22.04,unpatched,True,faculty,3
ALT-003073,smartphone,macOS 13,partially_patched,False,guest,4
ALT-003074,laptop,Windows 11,fully_patched,False,guest,3
ALT-003075,smartphone,Windows 11,partially_patched,False,guest,0
ALT-003076,smartphone,Windows 10,partially_patched,False,guest,3
ALT-003077,smartphone,iOS 16,fully_patched,False,guest,0
ALT-003078,smartphone,iOS 16,unpatched,False,guest,4
ALT-003079,unknown,Android 13,fully_patched,False,guest,1
ALT-003080,smartphone,iOS 16,partially_patched,False,guest,3
ALT-003081,unknown,unknown,unknown,,unknown,
ALT-003082,laptop,Windows 11,unpatched,False,guest,5
ALT-003083,laptop,Windows 11,fully_patched,False,guest,5
ALT-003084,unknown,unknown,unknown,,unknown,
ALT-003085,laptop,macOS 13,unknown,True,lab_admin,5
ALT-003086,laptop,Windows 10,unknown,True,student,4
ALT-003087,unknown,unknown,unknown,,unknown,
ALT-003088,smartphone,Windows 11,unpatched,True,student,4
ALT-003089,laptop,Windows 10,fully_patched,True,student,5
ALT-003090,unknown,Windows 11,fully_patched,False,guest,2
ALT-003091,laptop,macOS 13,partially_patched,False,guest,5
ALT-003092,smartphone,Android 13,partially_patched,True,student,2
ALT-003093,laptop,Ubuntu 22.04,partially_patched,True,student,4
ALT-003094,unknown,unknown,unknown,,unknown,
ALT-003095,smartphone,Windows 10,fully_patched,False,guest,0
ALT-003096,tablet,Ubuntu 22.04,unpatched,True,student,2
ALT-003097,tablet,iOS 16,unpatched,True,student,1
ALT-003098,tablet,Windows 10,partially_patched,True,student,4
ALT-003099,tablet,macOS 13,fully_patched,True,student,0
ALT-003100,smartphone,Windows 11,fully_patched,False,guest,2
ALT-003101,smartphone,Unknown,fully_patched,True,student,4
ALT-003102,unknown,Windows 11,fully_patched,False,guest,2
ALT-003103,smartphone,macOS 13,partially_patched,True,student,1
ALT-003104,smartphone,Android 13,unknown,False,guest,1
ALT-003105,laptop,Unknown,partially_patched,False,guest,1
ALT-003106,laptop,Windows 11,unpatched,False,guest,5
ALT-003107,laptop,Unknown,unpatched,False,guest,0
ALT-003108,smartphone,iOS 16,partially_patched,False,guest,3
ALT-003109,smartphone,Windows 10,partially_patched,True,guest,0
ALT-003110,laptop,Windows 11,unpatched,True,faculty,3
ALT-003111,unknown,macOS 13,partially_patched,False,guest,2
ALT-003112,workstation,Android 13,partially_patched,True,lab_admin,3
ALT-003113,unknown,Windows 10,fully_patched,False,guest,3
ALT-003114,laptop,Windows 10,partially_patched,False,guest,1
ALT-003115,smartphone,macOS 13,fully_patched,False,guest,4
ALT-003116,smartphone,macOS 13,fully_patched,False,guest,5
ALT-003117,smartphone,iOS 16,partially_patched,True,student,1
ALT-003118,server,macOS 13,partially_patched,True,faculty,4
ALT-003119,tablet,Android 13,partially_patched,False,guest,1
ALT-003120,laptop,iOS 16,partially_patched,True,guest,1
ALT-003121,unknown,unknown,unknown,,unknown,
ALT-003122,laptop,macOS 13,fully_patched,False,guest,5
ALT-003123,smartphone,Ubuntu 22.04,unpatched,False,guest,4
ALT-003124,laptop,Windows 10,unknown,True,lab_admin,1
ALT-003125,smartphone,macOS 13,partially_patched,True,student,4
ALT-003126,laptop,Windows 10,fully_patched,True,student,0
ALT-003127,laptop,Unknown,fully_patched,False,guest,5
ALT-003128,unknown,unknown,unknown,,unknown,
ALT-003129,laptop,macOS 13,unpatched,True,student,5
ALT-003130,unknown,Windows 10,partially_patched,False,guest,4
ALT-003131,smartphone,iOS 16,fully_patched,False,guest,4
ALT-003132,smartphone,Windows 11,fully_patched,False,guest,3
ALT-003133,smartphone,Windows 11,unpatched,False,guest,3
ALT-003134,laptop,Windows 10,partially_patched,False,guest,3
ALT-003135,laptop,Unknown,fully_patched,False,guest,4
ALT-003136,smartphone,iOS 16,partially_patched,False,guest,1
ALT-003137,smartphone,Ubuntu 22.04,fully_patched,False,guest,0
ALT-003138,laptop,macOS 13,fully_patched,True,student,2
ALT-003139,smartphone,Android 13,fully_patched,False,guest,3
ALT-003140,laptop,Android 13,fully_patched,True,student,3
ALT-003141,laptop,Android 13,partially_patched,True,student,0
ALT-003142,smartphone,Windows 10,unpatched,False,guest,4
ALT-003143,unknown,macOS 13,fully_patched,False,guest,0
ALT-003144,unknown,Android 13,fully_patched,False,guest,1
ALT-003145,laptop,macOS 13,partially_patched,True,lab_admin,3
ALT-003146,unknown,unknown,unknown,,unknown,
ALT-003147,laptop,Windows 10,partially_patched,False,guest,4
ALT-003148,unknown,Android 13,fully_patched,False,guest,5
ALT-003149,laptop,macOS 13,partially_patched,True,student,1
ALT-003150,smartphone,Ubuntu 22.04,fully_patched,True,student,0
ALT-003151,laptop,Windows 11,fully_patched,True,student,0
ALT-003152,smartphone,macOS 13,unpatched,False,guest,5
ALT-003153,smartphone,Android 13,unpatched,False,guest,1
ALT-003154,smartphone,Unknown,fully_patched,True,student,5
ALT-003155,smartphone,Windows 10,fully_patched,False,guest,1
ALT-003156,workstation,Windows 11,partially_patched,True,lab_admin,4
ALT-003157,server,Android 13,fully_patched,True,lab_admin,4
ALT-003158,laptop,Ubuntu 22.04,fully_patched,False,guest,0
ALT-003159,unknown,unknown,unknown,,unknown,
ALT-003160,smartphone,Windows 11,unpatched,False,guest,2
ALT-003161,tablet,macOS 13,unknown,True,student,3
ALT-003162,smartphone,Unknown,fully_patched,True,student,2
ALT-003163,laptop,macOS 13,unknown,False,guest,2
ALT-003164,laptop,Windows 11,partially_patched,False,guest,5
ALT-003165,laptop,Android 13,fully_patched,True,student,3
ALT-003166,laptop,Windows 10,fully_patched,True,faculty,1
ALT-003167,unknown,macOS 13,fully_patched,False,guest,5
ALT-003168,server,macOS 13,partially_patched,True,faculty,2
ALT-003169,laptop,Windows 10,fully_patched,False,guest,1
ALT-003170,unknown,Windows 10,fully_patched,False,guest,3
ALT-003171,tablet,Unknown,fully_patched,True,student,1
ALT-003172,smartphone,Android 13,partially_patched,False,guest,4
ALT-003173,smartphone,Unknown,fully_patched,False,guest,5
ALT-003174,smartphone,Windows 11,partially_patched,False,guest,4
ALT-003175,tablet,iOS 16,unknown,True,student,1
ALT-003176,laptop,Windows 11,partially_patched,True,student,1
ALT-003177,smartphone,Windows 10,unknown,False,guest,5
ALT-003178,unknown,Windows 10,unpatched,False,guest,4
ALT-003179,smartphone,macOS 13,fully_patched,True,student,0
ALT-003180,smartphone,macOS 13,fully_patched,True,student,4
ALT-003181,smartphone,Windows 10,fully_patched,True,student,0
ALT-003182,unknown,iOS 16,partially_patched,False,guest,0
ALT-003183,workstation,Windows 10,unpatched,True,lab_admin,5
ALT-003184,server,Android 13,partially_patched,True,faculty,3
ALT-003185,smartphone,Windows 10,fully_patched,False,guest,1
ALT-003186,laptop,Ubuntu 22.04,fully_patched,True,student,0
ALT-003187,unknown,unknown,unknown,,unknown,
ALT-003188,laptop,macOS 13,partially_patched,False,guest,3
ALT-003189,unknown,unknown,unknown,,unknown,
ALT-003190,unknown,Android 13,partially_patched,False,guest,2
ALT-003191,smartphone,Ubuntu 22.04,unknown,True,student,4
ALT-003192,smartphone,iOS 16,partially_patched,False,guest,1
ALT-003193,unknown,Ubuntu 22.04,fully_patched,False,guest,2
ALT-003194,smartphone,Ubuntu 22.04,partially_patched,True,student,5
ALT-003195,smartphone,iOS 16,partially_patched,False,guest,3
ALT-003196,smartphone,macOS 13,partially_patched,False,guest,3
ALT-003197,smartphone,Android 13,fully_patched,False,guest,1
ALT-003198,unknown,unknown,unknown,,unknown,
ALT-003199,workstation,Ubuntu 22.04,fully_patched,True,lab_admin,5
ALT-003200,workstation,Unknown,fully_patched,True,lab_admin,2
ALT-003201,laptop,macOS 13,fully_patched,True,student,4
ALT-003202,laptop,Windows 10,fully_patched,True,guest,0
ALT-003203,laptop,macOS 13,unpatched,True,student,1
ALT-003204,unknown,iOS 16,partially_patched,False,guest,2
ALT-003205,unknown,unknown,unknown,,unknown,
ALT-003206,laptop,iOS 16,unpatched,True,student,2
ALT-003207,laptop,Windows 11,partially_patched,True,student,1
ALT-003208,smartphone,Unknown,fully_patched,False,guest,3
ALT-003209,unknown,Ubuntu 22.04,partially_patched,False,guest,2
ALT-003210,workstation,iOS 16,unpatched,True,lab_admin,1
ALT-003211,tablet,Android 13,partially_patched,True,student,2
ALT-003212,laptop,macOS 13,fully_patched,False,guest,1
ALT-003213,workstation,Windows 10,partially_patched,True,lab_admin,5
ALT-003214,unknown,Ubuntu 22.04,partially_patched,False,guest,4
ALT-003215,laptop,Unknown,unpatched,False,guest,0
ALT-003216,unknown,unknown,unknown,,unknown,
ALT-003217,unknown,Android 13,fully_patched,False,guest,5
ALT-003218,tablet,Unknown,partially_patched,True,student,4
ALT-003219,laptop,macOS 13,unpatched,True,student,0
ALT-003220,laptop,Unknown,fully_patched,True,faculty,1
ALT-003221,laptop,Ubuntu 22.04,unpatched,False,guest,2
ALT-003222,smartphone,iOS 16,partially_patched,False,guest,1
ALT-003223,laptop,Ubuntu 22.04,fully_patched,True,student,4
ALT-003224,laptop,macOS 13,partially_patched,True,student,1
ALT-003225,laptop,Android 13,fully_patched,True,lab_admin,3
ALT-003226,unknown,unknown,unknown,,unknown,
ALT-003227,unknown,macOS 13,fully_patched,False,guest,5
ALT-003228,laptop,macOS 13,fully_patched,True,student,5
ALT-003229,smartphone,Android 13,fully_patched,True,student,1
ALT-003230,smartphone,Unknown,fully_patched,False,guest,2
ALT-003231,unknown,Unknown,partially_patched,False,guest,1
ALT-003232,unknown,unknown,unknown,,unknown,
ALT-003233,unknown,Unknown,fully_patched,False,guest,1
ALT-003234,unknown,unknown,unknown,,unknown,
ALT-003235,unknown,unknown,unknown,,unknown,
ALT-003236,smartphone,Unknown,partially_patched,False,guest,4
ALT-003237,unknown,Unknown,fully_patched,False,guest,4
ALT-003238,smartphone,Windows 10,partially_patched,False,guest,5
ALT-003239,tablet,Windows 10,partially_patched,True,student,4
ALT-003240,tablet,Windows 10,fully_patched,True,student,3
ALT-003241,smartphone,iOS 16,unpatched,False,guest,2
ALT-003242,smartphone,macOS 13,fully_patched,False,guest,2
ALT-003243,tablet,Android 13,fully_patched,True,student,0
ALT-003244,smartphone,Unknown,fully_patched,False,guest,4
ALT-003245,smartphone,Unknown,fully_patched,True,student,0
ALT-003246,unknown,unknown,unknown,,unknown,
ALT-003247,laptop,iOS 16,partially_patched,False,guest,1
ALT-003248,unknown,Ubuntu 22.04,fully_patched,False,guest,5
ALT-003249,laptop,Unknown,unpatched,True,student,1
ALT-003250,laptop,macOS 13,fully_patched,False,guest,5
ALT-003251,smartphone,Unknown,unpatched,False,guest,5
ALT-003252,smartphone,macOS 13,fully_patched,False,guest,3
ALT-003253,tablet,Ubuntu 22.04,partially_patched,True,student,1
ALT-003254,unknown,unknown,unknown,,unknown,
ALT-003255,unknown,Unknown,unpatched,False,guest,4
ALT-003256,workstation,Android 13,fully_patched,True,lab_admin,5
ALT-003257,laptop,iOS 16,partially_patched,True,student,0
ALT-003258,unknown,iOS 16,partially_patched,False,guest,1
ALT-003259,unknown,unknown,unknown,,unknown,
ALT-003260,laptop,iOS 16,unpatched,True,student,0
ALT-003261,laptop,macOS 13,fully_patched,False,guest,0
ALT-003262,tablet,macOS 13,fully_patched,True,student,3
ALT-003263,unknown,unknown,unknown,,unknown,
ALT-003264,unknown,Ubuntu 22.04,unpatched,False,guest,2
ALT-003265,laptop,Windows 11,fully_patched,False,guest,1
ALT-003266,smartphone,Android 13,fully_patched,True,student,5
ALT-003267,laptop,iOS 16,fully_patched,True,student,4
ALT-003268,smartphone,Windows 11,unpatched,False,guest,4
ALT-003269,smartphone,Android 13,partially_patched,True,student,1
ALT-003270,workstation,Ubuntu 22.04,partially_patched,True,lab_admin,4
ALT-003271,smartphone,macOS 13,unpatched,True,student,5
ALT-003272,unknown,Android 13,fully_patched,False,guest,2
ALT-003273,unknown,unknown,unknown,,unknown,
ALT-003274,unknown,Unknown,partially_patched,False,guest,2
ALT-003275,laptop,Ubuntu 22.04,unknown,False,guest,0
ALT-003276,laptop,macOS 13,partially_patched,False,guest,0
ALT-003277,tablet,Windows 10,fully_patched,True,student,4
ALT-003278,tablet,Windows 11,fully_patched,True,student,3
ALT-003279,tablet,macOS 13,fully_patched,True,student,1
ALT-003280,laptop,Ubuntu 22.04,fully_patched,False,guest,2
ALT-003281,smartphone,macOS 13,fully_patched,True,student,1
ALT-003282,smartphone,Ubuntu 22.04,partially_patched,True,student,3
ALT-003283,laptop,macOS 13,unpatched,True,student,5
ALT-003284,laptop,Android 13,partially_patched,False,guest,4
ALT-003285,tablet,Android 13,fully_patched,True,student,5
ALT-003286,unknown,unknown,unknown,,unknown,
ALT-003287,tablet,Ubuntu 22.04,fully_patched,True,student,5
ALT-003288,laptop,Ubuntu 22.04,fully_patched,True,student,2
ALT-003289,unknown,macOS 13,partially_patched,False,guest,2
ALT-003290,smartphone,Windows 10,fully_patched,False,guest,0
ALT-003291,unknown,unknown,unknown,,unknown,
ALT-003292,unknown,unknown,unknown,,unknown,
ALT-003293,laptop,Windows 10,fully_patched,False,guest,5
ALT-003294,smartphone,Unknown,partially_patched,True,student,2
ALT-003295,unknown,unknown,unknown,,unknown,
ALT-003296,laptop,Windows 10,fully_patched,True,student,3
ALT-003297,laptop,Android 13,fully_patched,True,student,2
ALT-003298,smartphone,macOS 13,unknown,False,guest,3
ALT-003299,smartphone,macOS 13,fully_patched,True,student,1
ALT-003300,tablet,Android 13,unpatched,True,student,5
ALT-003301,smartphone,Android 13,fully_patched,True,student,3
ALT-003302,unknown,Android 13,unpatched,False,guest,1
ALT-003303,tablet,Windows 11,fully_patched,True,student,0
ALT-003304,tablet,Unknown,fully_patched,True,student,1
ALT-003305,unknown,macOS 13,partially_patched,False,guest,5
ALT-003306,unknown,iOS 16,partially_patched,False,guest,4
ALT-003307,smartphone,macOS 13,fully_patched,True,student,3
ALT-003308,tablet,Ubuntu 22.04,unpatched,True,student,3
ALT-003309,unknown,macOS 13,fully_patched,False,guest,3
ALT-003310,laptop,Windows 11,fully_patched,True,student,1
ALT-003311,unknown,unknown,unknown,,unknown,
ALT-003312,smartphone,iOS 16,fully_patched,True,student,0
ALT-003313,laptop,Android 13,fully_patched,False,guest,1
ALT-003314,laptop,Windows 11,fully_patched,True,student,3
ALT-003315,smartphone,macOS 13,fully_patched,False,guest,3
ALT-003316,smartphone,Android 13,partially_patched,True,student,0
ALT-003317,unknown,unknown,unknown,,unknown,
ALT-003318,unknown,unknown,unknown,,unknown,
ALT-003319,smartphone,Android 13,fully_patched,True,student,2
ALT-003320,unknown,Windows 10,fully_patched,False,guest,1
ALT-003321,laptop,iOS 16,partially_patched,True,student,4
ALT-003322,laptop,Android 13,partially_patched,True,student,0
ALT-003323,laptop,Ubuntu 22.04,partially_patched,False,guest,2
ALT-003324,laptop,Windows 10,partially_patched,False,guest,0
ALT-003325,smartphone,Unknown,fully_patched,False,guest,5
ALT-003326,laptop,macOS 13,unpatched,True,student,5
ALT-003327,server,Ubuntu 22.04,partially_patched,True,faculty,3
ALT-003328,tablet,Ubuntu 22.04,unpatched,True,student,3
ALT-003329,tablet,iOS 16,partially_patched,True,student,2
ALT-003330,tablet,iOS 16,fully_patched,True,student,1
ALT-003331,smartphone,Windows 10,partially_patched,False,guest,1
ALT-003332,laptop,Unknown,partially_patched,False,guest,2
ALT-003333,smartphone,iOS 16,unknown,False,guest,1
ALT-003334,workstation,Windows 10,unpatched,True,lab_admin,5
ALT-003335,laptop,Android 13,unpatched,True,student,2
ALT-003336,smartphone,macOS 13,unknown,False,guest,5
ALT-003337,smartphone,macOS 13,fully_patched,False,guest,5
ALT-003338,smartphone,Ubuntu 22.04,partially_patched,True,student,1
ALT-003339,laptop,iOS 16,fully_patched,False,guest,5
ALT-003340,smartphone,Unknown,fully_patched,False,guest,5
ALT-003341,laptop,macOS 13,partially_patched,True,student,0
ALT-003342,smartphone,macOS 13,fully_patched,True,student,4
ALT-003343,laptop,Windows 11,partially_patched,False,guest,2
ALT-003344,unknown,unknown,unknown,,unknown,
ALT-003345,unknown,Windows 10,unknown,False,guest,3
ALT-003346,smartphone,Unknown,fully_patched,False,guest,0
ALT-003347,smartphone,Windows 10,fully_patched,False,guest,5
ALT-003348,smartphone,Android 13,partially_patched,False,guest,3
ALT-003349,laptop,iOS 16,fully_patched,False,guest,3
ALT-003350,smartphone,Windows 11,unpatched,False,guest,2
ALT-003351,tablet,Android 13,fully_patched,True,guest,1
ALT-003352,laptop,iOS 16,fully_patched,False,guest,5
ALT-003353,unknown,unknown,unknown,,unknown,
ALT-003354,unknown,unknown,unknown,,unknown,
ALT-003355,unknown,unknown,unknown,,unknown,
ALT-003356,smartphone,Ubuntu 22.04,partially_patched,False,guest,4
ALT-003357,smartphone,Windows 11,unpatched,False,guest,2
ALT-003358,smartphone,iOS 16,unpatched,False,guest,0
ALT-003359,smartphone,Windows 11,partially_patched,False,guest,1
ALT-003360,smartphone,Windows 11,unknown,True,student,3
ALT-003361,smartphone,Android 13,unpatched,False,guest,2
ALT-003362,smartphone,Ubuntu 22.04,partially_patched,False,guest,2
ALT-003363,unknown,unknown,unknown,,unknown,
ALT-003364,laptop,iOS 16,fully_patched,False,guest,5
ALT-003365,laptop,Ubuntu 22.04,unpatched,False,guest,0
ALT-003366,unknown,Android 13,fully_patched,False,guest,2
ALT-003367,unknown,unknown,unknown,,unknown,
ALT-003368,laptop,macOS 13,partially_patched,False,guest,5
ALT-003369,laptop,macOS 13,unpatched,True,student,5
ALT-003370,smartphone,Windows 10,fully_patched,False,guest,5
ALT-003371,laptop,Windows 10,fully_patched,True,student,0
ALT-003372,laptop,macOS 13,fully_patched,True,student,1
ALT-003373,unknown,unknown,unknown,,unknown,
ALT-003374,tablet,Unknown,fully_patched,True,student,3
ALT-003375,laptop,macOS 13,partially_patched,False,guest,2
ALT-003376,laptop,Windows 11,partially_patched,True,student,4
ALT-003377,laptop,Windows 10,partially_patched,True,student,4
ALT-003378,unknown,unknown,unknown,,unknown,
ALT-003379,smartphone,Windows 11,fully_patched,False,guest,3
ALT-003380,unknown,unknown,unknown,,unknown,
ALT-003381,smartphone,Windows 11,fully_patched,False,guest,3
ALT-003382,workstation,Ubuntu 22.04,fully_patched,True,faculty,5
ALT-003383,unknown,Unknown,fully_patched,False,guest,0
ALT-003384,unknown,unknown,unknown,,unknown,
ALT-003385,unknown,Windows 11,fully_patched,False,guest,0
ALT-003386,smartphone,Unknown,partially_patched,True,student,0
ALT-003387,tablet,macOS 13,unpatched,True,student,5
ALT-003388,workstation,Ubuntu 22.04,partially_patched,True,faculty,0
ALT-003389,unknown,Unknown,partially_patched,False,guest,3
ALT-003390,laptop,macOS 13,unpatched,False,guest,0
ALT-003391,smartphone,Android 13,fully_patched,True,student,5
ALT-003392,unknown,Android 13,partially_patched,False,guest,1
ALT-003393,unknown,iOS 16,fully_patched,False,guest,0
ALT-003394,workstation,Windows 11,unknown,True,faculty,3
ALT-003395,smartphone,iOS 16,fully_patched,False,guest,2
ALT-003396,smartphone,macOS 13,partially_patched,True,student,3
ALT-003397,smartphone,macOS 13,fully_patched,False,guest,5
ALT-003398,laptop,Unknown,partially_patched,False,guest,5
ALT-003399,tablet,Windows 10,partially_patched,True,student,3
ALT-003400,laptop,Ubuntu 22.04,partially_patched,False,guest,1
ALT-003401,laptop,Android 13,fully_patched,False,guest,2
ALT-003402,workstation,Ubuntu 22.04,partially_patched,True,faculty,4
ALT-003403,smartphone,Unknown,partially_patched,False,guest,2
ALT-003404,laptop,Ubuntu 22.04,fully_patched,False,guest,1
ALT-003405,unknown,iOS 16,fully_patched,False,guest,1
ALT-003406,unknown,unknown,unknown,,unknown,
ALT-003407,unknown,Windows 10,partially_patched,False,guest,3
ALT-003408,tablet,macOS 13,fully_patched,True,student,5
ALT-003409,laptop,Windows 10,fully_patched,True,student,3
ALT-003410,unknown,macOS 13,fully_patched,False,guest,2
ALT-003411,smartphone,Ubuntu 22.04,partially_patched,False,guest,3
ALT-003412,unknown,macOS 13,unpatched,False,guest,4
ALT-003413,laptop,Android 13,fully_patched,True,faculty,2
ALT-003414,smartphone,Android 13,fully_patched,False,guest,5
ALT-003415,unknown,iOS 16,fully_patched,False,guest,3
ALT-003416,smartphone,iOS 16,partially_patched,False,guest,5
ALT-003417,laptop,iOS 16,fully_patched,True,student,2
ALT-003418,laptop,Android 13,fully_patched,True,lab_admin,4
ALT-003419,laptop,iOS 16,fully_patched,False,guest,1
ALT-003420,laptop,Windows 11,fully_patched,False,guest,4
ALT-003421,raspberry_pi,iOS 16,fully_patched,True,lab_admin,2
ALT-003422,laptop,macOS 13,partially_patched,True,student,4
ALT-003423,laptop,Ubuntu 22.04,partially_patched,False,guest,2
ALT-003424,unknown,iOS 16,fully_patched,False,guest,1
ALT-003425,workstation,Unknown,partially_patched,True,lab_admin,5
ALT-003426,laptop,Unknown,partially_patched,True,student,4
ALT-003427,tablet,Android 13,partially_patched,True,student,4
ALT-003428,smartphone,macOS 13,fully_patched,False,guest,1
ALT-003429,unknown,Ubuntu 22.04,partially_patched,False,guest,1
ALT-003430,laptop,Windows 11,partially_patched,False,guest,4
ALT-003431,smartphone,Windows 10,partially_patched,True,student,4
ALT-003432,tablet,Android 13,partially_patched,False,guest,1
ALT-003433,workstation,Windows 10,fully_patched,True,faculty,1
ALT-003434,unknown,iOS 16,fully_patched,False,guest,2
ALT-003435,tablet,Windows 10,fully_patched,True,student,4
ALT-003436,smartphone,iOS 16,fully_patched,True,guest,1
ALT-003437,laptop,Windows 11,partially_patched,False,guest,3
ALT-003438,raspberry_pi,Unknown,fully_patched,True,lab_admin,3
ALT-003439,tablet,Android 13,fully_patched,True,student,4
ALT-003440,raspberry_pi,Windows 10,unpatched,True,lab_admin,3
ALT-003441,laptop,Windows 10,partially_patched,True,student,3
ALT-003442,smartphone,iOS 16,fully_patched,False,guest,4
ALT-003443,unknown,macOS 13,fully_patched,False,guest,0
ALT-003444,unknown,Unknown,fully_patched,False,guest,5
ALT-003445,unknown,unknown,unknown,,unknown,
ALT-003446,smartphone,iOS 16,fully_patched,False,guest,4
ALT-003447,tablet,Windows 10,fully_patched,True,student,3
ALT-003448,server,macOS 13,fully_patched,True,faculty,1
ALT-003449,smartphone,Unknown,partially_patched,True,student,3
ALT-003450,smartphone,macOS 13,partially_patched,False,guest,5
ALT-003451,smartphone,iOS 16,unpatched,True,student,2
ALT-003452,unknown,unknown,unknown,,unknown,
ALT-003453,laptop,macOS 13,partially_patched,False,guest,1
ALT-003454,unknown,Unknown,fully_patched,False,guest,2
ALT-003455,smartphone,Ubuntu 22.04,fully_patched,True,student,2
ALT-003456,unknown,unknown,unknown,,unknown,
ALT-003457,laptop,Windows 11,fully_patched,False,guest,0
ALT-003458,laptop,Ubuntu 22.04,partially_patched,True,student,3
ALT-003459,unknown,unknown,unknown,,unknown,
ALT-003460,tablet,Windows 11,fully_patched,True,student,3
ALT-003461,laptop,Ubuntu 22.04,fully_patched,True,student,5
ALT-003462,workstation,macOS 13,partially_patched,True,faculty,1
ALT-003463,smartphone,Android 13,partially_patched,True,student,3
ALT-003464,laptop,iOS 16,partially_patched,False,guest,2
ALT-003465,laptop,Ubuntu 22.04,fully_patched,False,guest,0
ALT-003466,smartphone,iOS 16,fully_patched,True,student,1
ALT-003467,smartphone,Windows 11,fully_patched,False,guest,4
ALT-003468,unknown,iOS 16,fully_patched,False,guest,2
ALT-003469,smartphone,Android 13,unpatched,False,guest,1
ALT-003470,tablet,macOS 13,partially_patched,True,student,4
ALT-003471,unknown,Android 13,unpatched,False,guest,2
ALT-003472,laptop,Android 13,fully_patched,True,student,5
ALT-003473,smartphone,macOS 13,partially_patched,True,student,3
ALT-003474,tablet,Android 13,partially_patched,True,student,1
ALT-003475,tablet,iOS 16,fully_patched,True,student,3
ALT-003476,unknown,Unknown,partially_patched,False,guest,5
ALT-003477,laptop,Unknown,fully_patched,False,guest,2
ALT-003478,unknown,Windows 11,unpatched,False,guest,3
ALT-003479,laptop,macOS 13,fully_patched,True,student,1
ALT-003480,unknown,macOS 13,partially_patched,False,guest,3
ALT-003481,laptop,iOS 16,unpatched,True,student,0
ALT-003482,smartphone,macOS 13,fully_patched,True,student,3
ALT-003483,tablet,Ubuntu 22.04,unpatched,True,student,4
ALT-003484,smartphone,Ubuntu 22.04,unpatched,True,student,0
ALT-003485,smartphone,Windows 11,unpatched,False,guest,5
ALT-003486,laptop,Android 13,partially_patched,True,student,5
ALT-003487,unknown,unknown,unknown,,unknown,
ALT-003488,tablet,Unknown,partially_patched,True,student,0
ALT-003489,workstation,macOS 13,fully_patched,True,faculty,2
ALT-003490,laptop,Android 13,fully_patched,False,guest,5
ALT-003491,smartphone,Android 13,fully_patched,False,guest,3
ALT-003492,laptop,Ubuntu 22.04,fully_patched,False,guest,3
ALT-003493,smartphone,Windows 11,fully_patched,False,guest,5
ALT-003494,unknown,unknown,unknown,,unknown,
ALT-003495,unknown,unknown,unknown,,unknown,
ALT-003496,smartphone,Windows 10,partially_patched,False,guest,3
ALT-003497,smartphone,Windows 11,partially_patched,True,student,2
ALT-003498,laptop,Windows 10,partially_patched,True,student,4
ALT-003499,smartphone,Windows 10,partially_patched,True,student,5
ALT-003500,smartphone,Unknown,unpatched,True,student,1
ALT-003501,laptop,Windows 11,fully_patched,False,guest,5
ALT-003502,smartphone,Unknown,fully_patched,False,guest,1
ALT-003503,unknown,macOS 13,partially_patched,False,guest,3
ALT-003504,unknown,Unknown,fully_patched,False,guest,1
ALT-003505,unknown,macOS 13,fully_patched,False,guest,5
ALT-003506,tablet,Ubuntu 22.04,fully_patched,True,student,0
ALT-003507,laptop,Android 13,partially_patched,True,lab_admin,2
ALT-003508,workstation,iOS 16,fully_patched,True,lab_admin,4
ALT-003509,server,Windows 11,fully_patched,True,lab_admin,5
ALT-003510,laptop,Ubuntu 22.04,fully_patched,False,guest,0
ALT-003511,server,macOS 13,unpatched,True,lab_admin,1
ALT-003512,laptop,iOS 16,unpatched,True,student,4
ALT-003513,laptop,Android 13,partially_patched,False,guest,3
ALT-003514,unknown,unknown,unknown,,unknown,
ALT-003515,unknown,Unknown,fully_patched,False,guest,4
ALT-003516,unknown,iOS 16,fully_patched,False,guest,0
ALT-003517,raspberry_pi,iOS 16,partially_patched,True,lab_admin,3
ALT-003518,smartphone,Windows 11,fully_patched,False,guest,1
ALT-003519,smartphone,Windows 11,partially_patched,False,guest,3
ALT-003520,laptop,iOS 16,partially_patched,True,guest,0
ALT-003521,tablet,Windows 10,fully_patched,True,student,4
ALT-003522,unknown,Ubuntu 22.04,fully_patched,False,guest,4
ALT-003523,smartphone,Ubuntu 22.04,partially_patched,True,student,5
ALT-003524,unknown,iOS 16,fully_patched,False,guest,0
ALT-003525,unknown,iOS 16,fully_patched,False,guest,1
ALT-003526,workstation,Windows 10,unknown,True,faculty,1
ALT-003527,unknown,macOS 13,unpatched,False,guest,1
ALT-003528,laptop,Android 13,unpatched,False,guest,3
ALT-003529,tablet,iOS 16,fully_patched,True,student,5
ALT-003530,smartphone,macOS 13,fully_patched,True,student,3
ALT-003531,smartphone,macOS 13,partially_patched,True,student,3
ALT-003532,server,Windows 11,fully_patched,True,lab_admin,0
ALT-003533,unknown,unknown,unknown,,unknown,
ALT-003534,smartphone,Android 13,partially_patched,True,guest,0
ALT-003535,laptop,Ubuntu 22.04,unpatched,True,student,1
ALT-003536,smartphone,macOS 13,partially_patched,True,student,3
ALT-003537,tablet,Android 13,fully_patched,True,student,0
ALT-003538,smartphone,Ubuntu 22.04,unpatched,True,student,2
ALT-003539,smartphone,Ubuntu 22.04,unknown,True,student,4
ALT-003540,laptop,Windows 11,partially_patched,False,guest,2
ALT-003541,raspberry_pi,Android 13,fully_patched,True,faculty,3
ALT-003542,smartphone,iOS 16,partially_patched,False,guest,2
ALT-003543,laptop,Unknown,unpatched,True,faculty,5
ALT-003544,smartphone,Windows 11,fully_patched,True,student,1
ALT-003545,laptop,macOS 13,partially_patched,True,student,0
ALT-003546,laptop,Windows 10,fully_patched,True,student,5
ALT-003547,smartphone,iOS 16,partially_patched,True,student,0
ALT-003548,unknown,unknown,unknown,,unknown,
ALT-003549,smartphone,Android 13,partially_patched,False,guest,2
ALT-003550,smartphone,Android 13,partially_patched,False,guest,2
ALT-003551,laptop,iOS 16,fully_patched,False,guest,1
ALT-003552,smartphone,Android 13,fully_patched,True,student,3
ALT-003553,laptop,Unknown,fully_patched,True,student,3
ALT-003554,smartphone,Unknown,unpatched,True,student,3
ALT-003555,smartphone,Windows 11,unpatched,True,student,0
ALT-003556,laptop,iOS 16,unknown,False,guest,1
ALT-003557,workstation,macOS 13,partially_patched,True,lab_admin,5
ALT-003558,unknown,iOS 16,fully_patched,False,guest,3
ALT-003559,smartphone,Ubuntu 22.04,fully_patched,True,student,3
ALT-003560,laptop,Ubuntu 22.04,partially_patched,False,guest,2
ALT-003561,workstation,Windows 10,fully_patched,True,lab_admin,0
ALT-003562,tablet,Windows 10,fully_patched,True,student,2
ALT-003563,laptop,Windows 10,fully_patched,True,student,0
ALT-003564,unknown,unknown,unknown,,unknown,
ALT-003565,unknown,unknown,unknown,,unknown,
ALT-003566,server,Ubuntu 22.04,partially_patched,True,faculty,0
ALT-003567,smartphone,macOS 13,partially_patched,False,guest,0
ALT-003568,smartphone,Unknown,fully_patched,True,student,0
ALT-003569,laptop,Unknown,fully_patched,True,student,2
ALT-003570,unknown,macOS 13,fully_patched,False,guest,2
ALT-003571,laptop,Ubuntu 22.04,unpatched,False,guest,2
ALT-003572,workstation,macOS 13,partially_patched,True,faculty,3
ALT-003573,unknown,unknown,unknown,,unknown,
ALT-003574,smartphone,macOS 13,unpatched,False,guest,1
ALT-003575,laptop,Windows 11,fully_patched,True,student,5
ALT-003576,tablet,Ubuntu 22.04,fully_patched,True,student,0
ALT-003577,laptop,Windows 11,fully_patched,False,guest,0
ALT-003578,unknown,Unknown,fully_patched,False,guest,1
ALT-003579,unknown,Android 13,fully_patched,False,guest,0
ALT-003580,unknown,Unknown,unpatched,False,guest,5
ALT-003581,unknown,unknown,unknown,,unknown,
ALT-003582,laptop,Android 13,fully_patched,False,guest,4
ALT-003583,workstation,Unknown,unknown,True,lab_admin,4
ALT-003584,smartphone,Ubuntu 22.04,partially_patched,False,guest,1
ALT-003585,unknown,unknown,unknown,,unknown,
ALT-003586,laptop,Windows 11,fully_patched,False,guest,4
ALT-003587,smartphone,macOS 13,fully_patched,False,guest,1
ALT-003588,unknown,iOS 16,fully_patched,False,guest,1
ALT-003589,unknown,unknown,unknown,,unknown,
ALT-003590,smartphone,iOS 16,fully_patched,False,guest,0
ALT-003591,unknown,unknown,unknown,,unknown,
ALT-003592,unknown,Windows 10,partially_patched,False,guest,5
ALT-003593,smartphone,Unknown,fully_patched,False,guest,3
ALT-003594,unknown,Unknown,partially_patched,False,guest,0
ALT-003595,tablet,Ubuntu 22.04,fully_patched,True,student,3
ALT-003596,laptop,Windows 10,partially_patched,False,guest,5
ALT-003597,unknown,unknown,unknown,,unknown,
ALT-003598,tablet,Unknown,partially_patched,True,student,1
ALT-003599,smartphone,Ubuntu 22.04,partially_patched,False,guest,1
ALT-003600,raspberry_pi,Ubuntu 22.04,partially_patched,True,faculty,4
ALT-003601,smartphone,macOS 13,unknown,False,guest,2
ALT-003602,smartphone,Ubuntu 22.04,partially_patched,False,guest,2
ALT-003603,tablet,Windows 11,fully_patched,True,student,1
ALT-003604,laptop,Windows 10,fully_patched,False,guest,2
ALT-003605,laptop,macOS 13,partially_patched,False,guest,1
ALT-003606,smartphone,Android 13,unknown,False,guest,3
ALT-003607,laptop,macOS 13,fully_patched,False,guest,0
ALT-003608,unknown,iOS 16,fully_patched,False,guest,4
ALT-003609,laptop,Windows 10,fully_patched,False,guest,4
ALT-003610,tablet,Ubuntu 22.04,fully_patched,True,student,3
ALT-003611,smartphone,Windows 10,partially_patched,True,student,3
ALT-003612,laptop,macOS 13,fully_patched,False,guest,2
ALT-003613,laptop,Unknown,fully_patched,True,student,4
ALT-003614,unknown,macOS 13,unknown,False,guest,2
ALT-003615,unknown,Unknown,unpatched,False,guest,2
ALT-003616,tablet,Windows 10,fully_patched,True,student,3
ALT-003617,smartphone,iOS 16,partially_patched,True,guest,0
ALT-003618,laptop,iOS 16,fully_patched,False,guest,0
ALT-003619,laptop,Unknown,unpatched,False,guest,4
ALT-003620,smartphone,macOS 13,fully_patched,False,guest,1
ALT-003621,laptop,Ubuntu 22.04,fully_patched,False,guest,0
ALT-003622,tablet,Windows 10,partially_patched,True,student,3
ALT-003623,smartphone,Windows 10,fully_patched,True,student,0
ALT-003624,unknown,unknown,unknown,,unknown,
ALT-003625,unknown,Windows 11,fully_patched,False,guest,3
ALT-003626,unknown,macOS 13,partially_patched,False,guest,5
ALT-003627,unknown,iOS 16,unpatched,False,guest,0
ALT-003628,smartphone,iOS 16,fully_patched,False,guest,0
ALT-003629,laptop,Windows 10,partially_patched,False,guest,3
ALT-003630,raspberry_pi,Windows 10,partially_patched,True,lab_admin,0
ALT-003631,tablet,Unknown,fully_patched,True,student,2
ALT-003632,unknown,Windows 11,fully_patched,False,guest,2
ALT-003633,smartphone,Android 13,partially_patched,True,student,4
ALT-003634,smartphone,iOS 16,fully_patched,False,guest,2
ALT-003635,tablet,Unknown,unpatched,True,student,3
ALT-003636,tablet,Windows 11,fully_patched,True,student,0
ALT-003637,unknown,Unknown,unknown,False,guest,1
ALT-003638,smartphone,Windows 11,fully_patched,True,student,1
ALT-003639,laptop,Ubuntu 22.04,partially_patched,True,student,4
ALT-003640,unknown,Windows 10,fully_patched,False,guest,4
ALT-003641,laptop,Windows 10,fully_patched,True,student,4
ALT-003642,unknown,Android 13,partially_patched,False,guest,4
ALT-003643,smartphone,Android 13,fully_patched,True,student,4
ALT-003644,smartphone,iOS 16,partially_patched,False,guest,0
ALT-003645,smartphone,macOS 13,partially_patched,True,student,0
ALT-003646,smartphone,Unknown,fully_patched,False,guest,1
ALT-003647,unknown,Android 13,fully_patched,False,guest,3
ALT-003648,smartphone,iOS 16,partially_patched,False,guest,4
ALT-003649,smartphone,Windows 10,unknown,True,student,2
ALT-003650,smartphone,Windows 11,fully_patched,True,student,3
ALT-003651,laptop,Windows 11,unpatched,False,guest,0
ALT-003652,smartphone,Ubuntu 22.04,fully_patched,False,guest,5
ALT-003653,tablet,Unknown,fully_patched,True,student,0
ALT-003654,smartphone,Windows 11,fully_patched,True,student,5
ALT-003655,unknown,Unknown,unpatched,False,guest,6
ALT-003656,laptop,Ubuntu 22.04,fully_patched,True,lab_admin,3
ALT-003657,workstation,Ubuntu 22.04,partially_patched,True,lab_admin,4
ALT-003658,unknown,unknown,unknown,,unknown,
ALT-003659,smartphone,Ubuntu 22.04,partially_patched,False,guest,0
ALT-003660,smartphone,Ubuntu 22.04,fully_patched,False,guest,4
ALT-003661,unknown,Unknown,fully_patched,False,guest,2
ALT-003662,tablet,Android 13,fully_patched,True,guest,1
ALT-003663,laptop,Windows 11,unpatched,False,guest,1
ALT-003664,server,Unknown,fully_patched,True,lab_admin,4
ALT-003665,unknown,macOS 13,unknown,False,guest,1
ALT-003666,unknown,macOS 13,unpatched,False,guest,1
ALT-003667,laptop,macOS 13,fully_patched,False,guest,4
ALT-003668,tablet,Windows 11,partially_patched,True,student,2
ALT-003669,smartphone,Android 13,partially_patched,True,student,3
ALT-003670,tablet,Ubuntu 22.04,fully_patched,True,student,0
ALT-003671,smartphone,Windows 11,unknown,True,student,1
ALT-003672,unknown,Ubuntu 22.04,unpatched,False,guest,0
ALT-003673,laptop,Windows 11,partially_patched,False,guest,1
ALT-003674,smartphone,Ubuntu 22.04,fully_patched,False,guest,3
ALT-003675,laptop,Windows 11,unpatched,True,student,2
ALT-003676,smartphone,Unknown,fully_patched,True,student,1
ALT-003677,workstation,Windows 10,fully_patched,True,lab_admin,4
ALT-003678,unknown,macOS 13,fully_patched,False,guest,2
ALT-003679,unknown,unknown,unknown,,unknown,
ALT-003680,server,Unknown,partially_patched,True,faculty,4
ALT-003681,unknown,unknown,unknown,,unknown,
ALT-003682,unknown,Unknown,partially_patched,False,guest,1
ALT-003683,laptop,Unknown,partially_patched,True,faculty,1
ALT-003684,laptop,iOS 16,fully_patched,True,student,3
ALT-003685,smartphone,Windows 11,partially_patched,True,student,3
ALT-003686,smartphone,Windows 11,partially_patched,False,guest,0
ALT-003687,laptop,macOS 13,fully_patched,False,guest,1
ALT-003688,laptop,macOS 13,fully_patched,True,student,4
ALT-003689,laptop,Android 13,fully_patched,False,guest,2
ALT-003690,unknown,Android 13,fully_patched,False,guest,4
ALT-003691,unknown,Windows 10,fully_patched,False,guest,0
ALT-003692,smartphone,iOS 16,fully_patched,True,student,2
ALT-003693,unknown,unknown,unknown,,unknown,
ALT-003694,smartphone,Windows 10,fully_patched,False,guest,0
ALT-003695,laptop,Windows 10,fully_patched,True,student,3
ALT-003696,smartphone,Windows 10,fully_patched,False,guest,3
ALT-003697,workstation,Windows 11,unknown,True,faculty,1
ALT-003698,laptop,Windows 11,fully_patched,False,guest,4
ALT-003699,laptop,Windows 11,fully_patched,False,guest,2
ALT-003700,unknown,macOS 13,fully_patched,False,guest,4
ALT-003701,workstation,Windows 11,fully_patched,True,lab_admin,4
ALT-003702,workstation,Ubuntu 22.04,fully_patched,True,faculty,4
ALT-003703,tablet,Windows 10,fully_patched,True,student,0
ALT-003704,raspberry_pi,Windows 10,unpatched,True,lab_admin,4
ALT-003705,smartphone,macOS 13,fully_patched,True,student,1
ALT-003706,laptop,macOS 13,unpatched,False,guest,5
ALT-003707,smartphone,Windows 10,unpatched,True,student,1
ALT-003708,smartphone,Windows 10,fully_patched,False,guest,0
ALT-003709,laptop,Android 13,unknown,True,student,2
ALT-003710,smartphone,iOS 16,fully_patched,False,guest,0
ALT-003711,server,macOS 13,partially_patched,True,lab_admin,3
ALT-003712,smartphone,Unknown,partially_patched,True,student,2
ALT-003713,laptop,Windows 10,unpatched,True,student,1
ALT-003714,unknown,unknown,unknown,,unknown,
ALT-003715,laptop,Ubuntu 22.04,fully_patched,False,guest,2
ALT-003716,unknown,Windows 11,partially_patched,False,guest,4
ALT-003717,workstation,iOS 16,fully_patched,True,lab_admin,2
ALT-003718,laptop,iOS 16,unpatched,False,guest,2
ALT-003719,tablet,Ubuntu 22.04,fully_patched,True,student,5
ALT-003720,smartphone,Android 13,fully_patched,True,student,4
ALT-003721,smartphone,Android 13,partially_patched,True,student,0
ALT-003722,smartphone,macOS 13,partially_patched,False,guest,5
ALT-003723,laptop,Windows 10,fully_patched,True,student,5
ALT-003724,smartphone,iOS 16,partially_patched,False,guest,1
ALT-003725,smartphone,Android 13,unpatched,False,guest,4
ALT-003726,laptop,iOS 16,partially_patched,True,student,2
ALT-003727,unknown,unknown,unknown,,unknown,
ALT-003728,laptop,iOS 16,fully_patched,True,student,3
ALT-003729,unknown,macOS 13,fully_patched,False,guest,2
ALT-003730,smartphone,Android 13,partially_patched,True,student,5
ALT-003731,unknown,Windows 11,unknown,False,guest,3
ALT-003732,tablet,macOS 13,partially_patched,True,student,2
ALT-003733,smartphone,Windows 11,fully_patched,True,student,5
ALT-003734,laptop,macOS 13,fully_patched,False,guest,4
ALT-003735,smartphone,Windows 10,fully_patched,False,guest,1
ALT-003736,smartphone,Ubuntu 22.04,unpatched,False,guest,1
ALT-003737,laptop,iOS 16,fully_patched,False,guest,2
ALT-003738,smartphone,Ubuntu 22.04,fully_patched,True,student,2
ALT-003739,laptop,Ubuntu 22.04,partially_patched,True,student,3
ALT-003740,smartphone,Ubuntu 22.04,partially_patched,False,guest,1
ALT-003741,smartphone,Android 13,unknown,True,student,5
ALT-003742,unknown,unknown,unknown,,unknown,
ALT-003743,smartphone,Windows 10,fully_patched,False,guest,0
ALT-003744,smartphone,Ubuntu 22.04,unpatched,False,guest,2
ALT-003745,smartphone,Windows 10,unpatched,False,guest,1
ALT-003746,unknown,Windows 11,fully_patched,False,guest,1
ALT-003747,workstation,iOS 16,unpatched,True,faculty,3
ALT-003748,smartphone,Windows 11,unpatched,True,student,3
ALT-003749,smartphone,Unknown,partially_patched,False,guest,3
ALT-003750,unknown,unknown,unknown,,unknown,
ALT-003751,laptop,iOS 16,fully_patched,True,student,0
ALT-003752,smartphone,Ubuntu 22.04,partially_patched,True,student,3
ALT-003753,laptop,macOS 13,fully_patched,False,guest,1
ALT-003754,laptop,Unknown,partially_patched,True,student,5
ALT-003755,unknown,macOS 13,fully_patched,False,guest,3
ALT-003756,smartphone,Unknown,fully_patched,False,guest,5
ALT-003757,laptop,macOS 13,unknown,True,student,1
ALT-003758,tablet,Windows 11,fully_patched,True,student,4
ALT-003759,unknown,Windows 10,fully_patched,False,guest,3
ALT-003760,unknown,Android 13,partially_patched,False,guest,0
ALT-003761,laptop,Windows 11,fully_patched,True,student,1
ALT-003762,laptop,Windows 11,fully_patched,True,student,1
ALT-003763,laptop,Android 13,fully_patched,True,student,3
ALT-003764,laptop,macOS 13,unpatched,True,student,3
ALT-003765,smartphone,Windows 11,partially_patched,False,guest,4
ALT-003766,laptop,Android 13,fully_patched,False,guest,0
ALT-003767,tablet,Windows 10,unpatched,True,student,3
ALT-003768,tablet,iOS 16,unpatched,True,student,5
ALT-003769,smartphone,macOS 13,fully_patched,False,guest,3
ALT-003770,laptop,Android 13,partially_patched,True,faculty,2
ALT-003771,laptop,iOS 16,unpatched,True,student,2
ALT-003772,workstation,Windows 10,unknown,True,faculty,1
ALT-003773,tablet,Android 13,partially_patched,True,student,0
ALT-003774,smartphone,Android 13,fully_patched,True,student,2
ALT-003775,laptop,Unknown,unpatched,False,guest,3
ALT-003776,unknown,unknown,unknown,,unknown,
ALT-003777,laptop,Windows 10,unpatched,True,lab_admin,2
ALT-003778,unknown,Android 13,fully_patched,False,guest,2
ALT-003779,tablet,Android 13,fully_patched,True,student,4
ALT-003780,unknown,Windows 11,fully_patched,False,guest,1
ALT-003781,unknown,Ubuntu 22.04,partially_patched,False,guest,0
ALT-003782,laptop,Unknown,fully_patched,True,student,1
ALT-003783,tablet,Android 13,partially_patched,True,guest,0
ALT-003784,unknown,macOS 13,fully_patched,False,guest,4
ALT-003785,workstation,Ubuntu 22.04,fully_patched,True,faculty,0
ALT-003786,tablet,Unknown,unpatched,True,student,2
ALT-003787,unknown,unknown,unknown,,unknown,
ALT-003788,smartphone,Ubuntu 22.04,fully_patched,False,guest,0
ALT-003789,laptop,macOS 13,unpatched,True,student,3
ALT-003790,unknown,iOS 16,fully_patched,False,guest,1
ALT-003791,laptop,Android 13,fully_patched,False,guest,0
ALT-003792,laptop,Windows 11,unknown,True,student,3
ALT-003793,unknown,Windows 11,fully_patched,False,guest,2
ALT-003794,unknown,unknown,unknown,,unknown,
ALT-003795,laptop,Windows 11,partially_patched,False,guest,0
ALT-003796,laptop,Ubuntu 22.04,fully_patched,False,guest,1
ALT-003797,laptop,Windows 10,partially_patched,True,lab_admin,2
ALT-003798,unknown,macOS 13,fully_patched,False,guest,1
ALT-003799,smartphone,Windows 11,unknown,True,student,4
ALT-003800,unknown,unknown,unknown,,unknown,
ALT-003801,laptop,Ubuntu 22.04,partially_patched,True,student,5
ALT-003802,unknown,Unknown,unpatched,False,guest,0
ALT-003803,unknown,Android 13,partially_patched,False,guest,0
ALT-003804,laptop,Unknown,unpatched,False,guest,4
ALT-003805,laptop,macOS 13,fully_patched,True,lab_admin,5
ALT-003806,unknown,Ubuntu 22.04,fully_patched,False,guest,5
ALT-003807,unknown,unknown,unknown,,unknown,
ALT-003808,laptop,iOS 16,fully_patched,False,guest,2
ALT-003809,laptop,iOS 16,partially_patched,True,student,0
ALT-003810,tablet,Android 13,partially_patched,True,student,0
ALT-003811,unknown,Android 13,fully_patched,False,guest,2
ALT-003812,tablet,Android 13,partially_patched,True,student,5
ALT-003813,unknown,unknown,unknown,,unknown,
ALT-003814,smartphone,Windows 11,fully_patched,True,student,5
ALT-003815,smartphone,iOS 16,fully_patched,True,student,4
ALT-003816,smartphone,Windows 11,partially_patched,False,guest,3
ALT-003817,smartphone,Android 13,fully_patched,True,student,5
ALT-003818,tablet,Windows 10,partially_patched,False,guest,1
ALT-003819,smartphone,macOS 13,fully_patched,True,student,5
ALT-003820,laptop,Android 13,fully_patched,False,guest,0
ALT-003821,unknown,Windows 10,partially_patched,False,guest,0
ALT-003822,laptop,iOS 16,partially_patched,False,guest,5
ALT-003823,unknown,Ubuntu 22.04,partially_patched,False,guest,0
ALT-003824,smartphone,iOS 16,fully_patched,False,guest,0
ALT-003825,tablet,Ubuntu 22.04,unpatched,True,student,5
ALT-003826,laptop,Windows 10,partially_patched,False,guest,2
ALT-003827,unknown,Ubuntu 22.04,fully_patched,False,guest,1
ALT-003828,smartphone,Ubuntu 22.04,partially_patched,True,student,2
ALT-003829,unknown,iOS 16,fully_patched,False,guest,4
ALT-003830,unknown,Unknown,fully_patched,False,guest,5
ALT-003831,smartphone,Unknown,fully_patched,True,student,1
ALT-003832,unknown,unknown,unknown,,unknown,
ALT-003833,unknown,Windows 10,fully_patched,False,guest,5
ALT-003834,smartphone,Android 13,fully_patched,False,guest,0
ALT-003835,workstation,iOS 16,partially_patched,True,lab_admin,3
ALT-003836,laptop,Windows 11,partially_patched,False,guest,2
ALT-003837,unknown,Ubuntu 22.04,fully_patched,False,guest,3
ALT-003838,laptop,Windows 10,partially_patched,True,student,1
ALT-003839,laptop,iOS 16,fully_patched,False,guest,2
ALT-003840,unknown,unknown,unknown,,unknown,
ALT-003841,smartphone,macOS 13,fully_patched,False,guest,5
ALT-003842,laptop,Ubuntu 22.04,partially_patched,True,student,2
ALT-003843,tablet,Android 13,fully_patched,True,student,2
ALT-003844,smartphone,macOS 13,unpatched,False,guest,1
ALT-003845,smartphone,Ubuntu 22.04,fully_patched,False,guest,2
ALT-003846,unknown,iOS 16,partially_patched,False,guest,2
ALT-003847,laptop,iOS 16,partially_patched,True,lab_admin,1
ALT-003848,laptop,macOS 13,fully_patched,False,guest,2
ALT-003849,unknown,Unknown,fully_patched,False,guest,4
ALT-003850,smartphone,macOS 13,partially_patched,True,student,2
ALT-003851,laptop,Unknown,fully_patched,False,guest,2
ALT-003852,unknown,unknown,unknown,,unknown,
ALT-003853,smartphone,iOS 16,fully_patched,False,guest,1
ALT-003854,unknown,macOS 13,partially_patched,False,guest,3
ALT-003855,raspberry_pi,iOS 16,partially_patched,True,faculty,5
ALT-003856,smartphone,Windows 11,unknown,True,student,0
ALT-003857,unknown,unknown,unknown,,unknown,
ALT-003858,laptop,Ubuntu 22.04,partially_patched,True,faculty,1
ALT-003859,unknown,unknown,unknown,,unknown,
ALT-003860,smartphone,Windows 10,unpatched,False,guest,4
ALT-003861,tablet,macOS 13,fully_patched,True,student,3
ALT-003862,smartphone,Unknown,partially_patched,False,guest,0
ALT-003863,unknown,macOS 13,partially_patched,False,guest,3
ALT-003864,tablet,Windows 11,partially_patched,True,student,3
ALT-003865,smartphone,iOS 16,fully_patched,True,student,0
ALT-003866,smartphone,Ubuntu 22.04,fully_patched,False,guest,2
ALT-003867,unknown,unknown,unknown,,unknown,
ALT-003868,unknown,unknown,unknown,,unknown,
ALT-003869,workstation,Windows 10,fully_patched,True,faculty,5
ALT-003870,unknown,unknown,unknown,,unknown,
ALT-003871,laptop,Windows 11,fully_patched,False,guest,5
ALT-003872,unknown,Unknown,fully_patched,False,guest,0
ALT-003873,tablet,Windows 11,unpatched,True,student,4
ALT-003874,smartphone,macOS 13,partially_patched,False,guest,5
ALT-003875,server,Windows 11,fully_patched,True,lab_admin,0
ALT-003876,laptop,iOS 16,fully_patched,True,student,1
ALT-003877,laptop,Windows 11,fully_patched,True,student,2
ALT-003878,laptop,macOS 13,fully_patched,False,guest,1
ALT-003879,laptop,Windows 11,partially_patched,True,student,1
ALT-003880,unknown,Android 13,fully_patched,False,guest,3
ALT-003881,unknown,Unknown,partially_patched,False,guest,0
ALT-003882,laptop,Windows 11,unpatched,False,guest,5
ALT-003883,smartphone,Ubuntu 22.04,fully_patched,False,guest,3
ALT-003884,smartphone,iOS 16,unpatched,False,guest,4
ALT-003885,laptop,Android 13,fully_patched,True,student,5
ALT-003886,smartphone,Android 13,fully_patched,False,guest,1
ALT-003887,laptop,Android 13,partially_patched,True,student,5
ALT-003888,unknown,unknown,unknown,,unknown,
ALT-003889,tablet,Android 13,partially_patched,True,student,3
ALT-003890,tablet,Unknown,partially_patched,True,student,2
ALT-003891,unknown,Ubuntu 22.04,fully_patched,False,guest,1
ALT-003892,smartphone,Ubuntu 22.04,fully_patched,True,student,1
ALT-003893,tablet,Unknown,unknown,True,student,1
ALT-003894,laptop,Unknown,partially_patched,False,guest,2
ALT-003895,laptop,Ubuntu 22.04,fully_patched,True,student,1
ALT-003896,tablet,Windows 10,fully_patched,True,student,1
ALT-003897,laptop,Unknown,unknown,True,student,5
ALT-003898,unknown,Android 13,fully_patched,False,guest,5
ALT-003899,raspberry_pi,macOS 13,partially_patched,True,faculty,4
ALT-003900,smartphone,Ubuntu 22.04,fully_patched,True,student,2
ALT-003901,laptop,Windows 10,unpatched,True,student,2
ALT-003902,smartphone,Android 13,partially_patched,False,guest,0
ALT-003903,unknown,iOS 16,unpatched,False,guest,2
ALT-003904,smartphone,iOS 16,unpatched,False,guest,2
ALT-003905,unknown,Ubuntu 22.04,fully_patched,False,guest,2
ALT-003906,tablet,Ubuntu 22.04,partially_patched,True,student,3
ALT-003907,unknown,Windows 11,fully_patched,False,guest,3
ALT-003908,laptop,Windows 11,partially_patched,True,lab_admin,5
ALT-003909,workstation,Ubuntu 22.04,partially_patched,True,lab_admin,2
ALT-003910,laptop,Windows 11,partially_patched,True,student,0
ALT-003911,smartphone,Ubuntu 22.04,fully_patched,True,student,3
ALT-003912,unknown,unknown,unknown,,unknown,
ALT-003913,server,Android 13,fully_patched,True,faculty,2
ALT-003914,smartphone,Ubuntu 22.04,unpatched,False,guest,4
ALT-003915,unknown,iOS 16,unpatched,False,guest,5
ALT-003916,unknown,Ubuntu 22.04,fully_patched,False,guest,3
ALT-003917,unknown,unknown,unknown,,unknown,
ALT-003918,tablet,Windows 11,partially_patched,True,student,5
ALT-003919,workstation,Windows 10,fully_patched,True,faculty,1
ALT-003920,laptop,Windows 11,fully_patched,False,guest,0
ALT-003921,raspberry_pi,Android 13,unpatched,True,faculty,3
ALT-003922,laptop,Unknown,fully_patched,True,student,2
ALT-003923,smartphone,macOS 13,fully_patched,False,guest,0
ALT-003924,laptop,Windows 10,fully_patched,True,student,0
ALT-003925,laptop,Android 13,fully_patched,True,student,2
ALT-003926,unknown,iOS 16,unpatched,False,guest,2
ALT-003927,tablet,iOS 16,fully_patched,True,guest,1
ALT-003928,unknown,unknown,unknown,,unknown,
ALT-003929,laptop,iOS 16,partially_patched,False,guest,1
ALT-003930,laptop,Android 13,fully_patched,False,guest,3
ALT-003931,smartphone,Windows 10,partially_patched,True,student,3
ALT-003932,laptop,Windows 11,fully_patched,False,guest,3
ALT-003933,unknown,unknown,unknown,,unknown,
ALT-003934,unknown,macOS 13,fully_patched,False,guest,1
ALT-003935,laptop,Ubuntu 22.04,partially_patched,False,guest,2
ALT-003936,unknown,Unknown,partially_patched,False,guest,3
ALT-003937,laptop,iOS 16,fully_patched,True,lab_admin,2
ALT-003938,laptop,Android 13,fully_patched,False,guest,5
ALT-003939,smartphone,Ubuntu 22.04,fully_patched,True,student,0
ALT-003940,tablet,Android 13,fully_patched,True,student,2
ALT-003941,laptop,Windows 10,fully_patched,False,guest,0
ALT-003942,smartphone,Android 13,unpatched,False,guest,3
ALT-003943,workstation,Unknown,unpatched,True,lab_admin,4
ALT-003944,smartphone,Unknown,unknown,False,guest,1
ALT-003945,smartphone,macOS 13,fully_patched,True,student,1
ALT-003946,laptop,macOS 13,fully_patched,False,guest,2
ALT-003947,tablet,Windows 10,fully_patched,True,student,4
ALT-003948,smartphone,Windows 11,fully_patched,False,guest,1
ALT-003949,smartphone,Unknown,partially_patched,True,student,2
ALT-003950,unknown,Windows 11,fully_patched,False,guest,3
ALT-003951,unknown,unknown,unknown,,unknown,
ALT-003952,tablet,iOS 16,unknown,True,student,1
ALT-003953,unknown,Android 13,unpatched,False,guest,2
ALT-003954,smartphone,Windows 10,unpatched,False,guest,1
ALT-003955,unknown,unknown,unknown,,unknown,
ALT-003956,unknown,macOS 13,fully_patched,False,guest,2
ALT-003957,unknown,Windows 10,unpatched,False,guest,0
ALT-003958,smartphone,macOS 13,unpatched,False,guest,0
ALT-003959,laptop,Ubuntu 22.04,fully_patched,True,student,3
ALT-003960,smartphone,Ubuntu 22.04,partially_patched,True,student,4
ALT-003961,smartphone,iOS 16,partially_patched,True,student,0
ALT-003962,laptop,Windows 11,partially_patched,True,student,1
ALT-003963,smartphone,iOS 16,partially_patched,False,guest,1
ALT-003964,unknown,unknown,unknown,,unknown,
ALT-003965,unknown,macOS 13,partially_patched,False,guest,5
ALT-003966,laptop,Unknown,fully_patched,False,guest,2
ALT-003967,unknown,unknown,unknown,,unknown,
ALT-003968,tablet,Ubuntu 22.04,fully_patched,True,student,5
ALT-003969,unknown,unknown,unknown,,unknown,
ALT-003970,unknown,Ubuntu 22.04,partially_patched,False,guest,5
ALT-003971,raspberry_pi,Windows 11,fully_patched,True,faculty,1
ALT-003972,unknown,unknown,unknown,,unknown,
ALT-003973,laptop,iOS 16,fully_patched,True,student,3
ALT-003974,smartphone,macOS 13,fully_patched,True,student,0
ALT-003975,laptop,Windows 10,fully_patched,False,guest,5
ALT-003976,laptop,macOS 13,unknown,False,guest,5
ALT-003977,unknown,Windows 11,fully_patched,False,guest,2
ALT-003978,workstation,Ubuntu 22.04,partially_patched,True,lab_admin,1
ALT-003979,unknown,Unknown,fully_patched,False,guest,3
ALT-003980,laptop,Ubuntu 22.04,fully_patched,False,guest,5
ALT-003981,raspberry_pi,Ubuntu 22.04,fully_patched,True,lab_admin,2
ALT-003982,laptop,Windows 10,fully_patched,False,guest,1
ALT-003983,unknown,unknown,unknown,,unknown,
ALT-003984,laptop,Ubuntu 22.04,fully_patched,True,student,2
ALT-003985,tablet,iOS 16,partially_patched,True,student,5
ALT-003986,smartphone,Unknown,partially_patched,True,student,3
ALT-003987,smartphone,Unknown,fully_patched,False,guest,4
ALT-003988,unknown,unknown,unknown,,unknown,
ALT-003989,smartphone,iOS 16,fully_patched,False,guest,2
ALT-003990,smartphone,macOS 13,partially_patched,False,guest,0
ALT-003991,workstation,iOS 16,partially_patched,True,lab_admin,0
ALT-003992,laptop,iOS 16,fully_patched,False,guest,0
ALT-003993,unknown,unknown,unknown,,unknown,
ALT-003994,unknown,macOS 13,fully_patched,False,guest,4
ALT-003995,unknown,iOS 16,unpatched,False,guest,1
ALT-003996,server,Ubuntu 22.04,partially_patched,True,lab_admin,5
ALT-003997,laptop,Android 13,unpatched,True,student,3
ALT-003998,unknown,Windows 10,fully_patched,False,guest,3
ALT-003999,smartphone,Android 13,fully_patched,True,student,2
ALT-004000,laptop,Windows 10,partially_patched,True,student,0
ALT-004001,laptop,Android 13,fully_patched,False,guest,2
ALT-004002,smartphone,Ubuntu 22.04,fully_patched,False,guest,1
ALT-004003,unknown,Ubuntu 22.04,fully_patched,False,guest,2
ALT-004004,tablet,Windows 10,partially_patched,True,student,5
ALT-004005,smartphone,Ubuntu 22.04,unknown,True,student,4
ALT-004006,smartphone,Windows 11,unknown,False,guest,1
ALT-004007,laptop,macOS 13,fully_patched,False,guest,4
ALT-004008,server,iOS 16,unpatched,True,faculty,2
ALT-004009,smartphone,Ubuntu 22.04,fully_patched,False,guest,1
ALT-004010,smartphone,Windows 10,partially_patched,True,student,3
ALT-004011,smartphone,macOS 13,partially_patched,True,student,0
ALT-004012,unknown,unknown,unknown,,unknown,
ALT-004013,smartphone,Unknown,fully_patched,False,guest,3
ALT-004014,unknown,macOS 13,partially_patched,False,guest,5
ALT-004015,smartphone,Ubuntu 22.04,fully_patched,False,guest,2
ALT-004016,workstation,Windows 10,fully_patched,True,lab_admin,4
ALT-004017,laptop,macOS 13,unpatched,False,guest,3
ALT-004018,laptop,macOS 13,partially_patched,True,lab_admin,5
ALT-004019,laptop,macOS 13,unpatched,False,guest,4
ALT-004020,workstation,Windows 11,fully_patched,True,faculty,3
ALT-004021,unknown,Ubuntu 22.04,fully_patched,False,guest,4
ALT-004022,tablet,Windows 11,fully_patched,True,student,3
ALT-004023,raspberry_pi,Ubuntu 22.04,partially_patched,True,faculty,3
ALT-004024,laptop,Unknown,fully_patched,False,guest,2
ALT-004025,laptop,Windows 11,fully_patched,False,guest,0
ALT-004026,unknown,unknown,unknown,,unknown,
ALT-004027,workstation,Windows 10,unpatched,True,faculty,0
ALT-004028,unknown,unknown,unknown,,unknown,
ALT-004029,unknown,Windows 11,unpatched,False,guest,4
ALT-004030,laptop,Unknown,fully_patched,False,guest,4
ALT-004031,laptop,Ubuntu 22.04,fully_patched,False,guest,1
ALT-004032,unknown,Unknown,fully_patched,False,guest,5
ALT-004033,laptop,Ubuntu 22.04,unpatched,True,student,2
ALT-004034,laptop,iOS 16,fully_patched,True,student,4
ALT-004035,laptop,Android 13,unpatched,False,guest,0
ALT-004036,laptop,Windows 10,fully_patched,True,guest,1
ALT-004037,smartphone,Unknown,partially_patched,False,guest,3
ALT-004038,unknown,Windows 10,fully_patched,False,guest,5
ALT-004039,unknown,Windows 11,partially_patched,False,guest,4
ALT-004040,laptop,Windows 11,fully_patched,False,guest,2
ALT-004041,unknown,Unknown,fully_patched,False,guest,0
ALT-004042,laptop,Ubuntu 22.04,fully_patched,True,student,4
ALT-004043,laptop,Ubuntu 22.04,fully_patched,False,guest,2
ALT-004044,laptop,Windows 11,fully_patched,False,guest,5
ALT-004045,laptop,macOS 13,fully_patched,True,student,3
ALT-004046,laptop,Unknown,fully_patched,False,guest,5
ALT-004047,smartphone,Android 13,fully_patched,True,student,0
ALT-004048,smartphone,Unknown,unpatched,True,student,5
ALT-004049,smartphone,Android 13,fully_patched,False,guest,0
ALT-004050,smartphone,macOS 13,fully_patched,False,guest,2
ALT-004051,tablet,Ubuntu 22.04,partially_patched,True,student,3
ALT-004052,laptop,macOS 13,partially_patched,False,guest,5
ALT-004053,laptop,macOS 13,unknown,False,guest,4
ALT-004054,smartphone,Windows 11,fully_patched,True,student,1
ALT-004055,tablet,Unknown,fully_patched,True,student,0
ALT-004056,tablet,Android 13,unpatched,True,student,5
ALT-004057,laptop,Android 13,fully_patched,True,student,1
ALT-004058,tablet,Windows 10,partially_patched,True,student,2
ALT-004059,smartphone,Windows 11,unknown,True,student,1
ALT-004060,unknown,Unknown,fully_patched,False,guest,2
ALT-004061,smartphone,Ubuntu 22.04,partially_patched,False,guest,4
ALT-004062,tablet,Android 13,unpatched,True,student,5
ALT-004063,tablet,Windows 10,partially_patched,False,guest,1
ALT-004064,workstation,Unknown,fully_patched,True,faculty,2
ALT-004065,raspberry_pi,macOS 13,fully_patched,True,lab_admin,4
ALT-004066,smartphone,Android 13,partially_patched,False,guest,5
ALT-004067,laptop,Windows 10,fully_patched,True,student,5
ALT-004068,laptop,macOS 13,fully_patched,True,student,3
ALT-004069,smartphone,iOS 16,unpatched,True,student,4
ALT-004070,tablet,Ubuntu 22.04,partially_patched,True,student,1
ALT-004071,smartphone,Ubuntu 22.04,fully_patched,False,guest,4
ALT-004072,laptop,Unknown,fully_patched,True,lab_admin,0
ALT-004073,smartphone,Windows 10,fully_patched,False,guest,4
ALT-004074,unknown,Android 13,unpatched,False,guest,2
ALT-004075,tablet,macOS 13,fully_patched,True,student,3
ALT-004076,unknown,unknown,unknown,,unknown,
ALT-004077,smartphone,iOS 16,partially_patched,True,student,0
ALT-004078,smartphone,macOS 13,fully_patched,False,guest,1
ALT-004079,smartphone,macOS 13,unpatched,True,student,3
ALT-004080,laptop,iOS 16,fully_patched,False,guest,1
ALT-004081,smartphone,Windows 10,fully_patched,True,student,2
ALT-004082,smartphone,iOS 16,unpatched,False,guest,5
ALT-004083,workstation,Ubuntu 22.04,partially_patched,True,lab_admin,2
ALT-004084,smartphone,Windows 11,partially_patched,True,student,2
ALT-004085,laptop,Ubuntu 22.04,partially_patched,True,faculty,0
ALT-004086,smartphone,Windows 11,fully_patched,False,guest,5
ALT-004087,smartphone,Android 13,unpatched,False,guest,3
ALT-004088,unknown,macOS 13,partially_patched,False,guest,3
ALT-004089,smartphone,Windows 10,fully_patched,False,guest,3
ALT-004090,smartphone,Ubuntu 22.04,partially_patched,True,student,2
ALT-004091,laptop,Unknown,unpatched,False,guest,3
ALT-004092,unknown,unknown,unknown,,unknown,
ALT-004093,laptop,Unknown,fully_patched,True,student,3
ALT-004094,unknown,Windows 10,fully_patched,False,guest,1
ALT-004095,unknown,Ubuntu 22.04,fully_patched,False,guest,1
ALT-004096,laptop,iOS 16,unpatched,True,student,0
ALT-004097,laptop,Android 13,partially_patched,True,lab_admin,3
ALT-004098,server,Android 13,fully_patched,True,faculty,5
ALT-004099,unknown,unknown,unknown,,unknown,
ALT-004100,laptop,Ubuntu 22.04,fully_patched,True,student,2
ALT-004101,smartphone,Ubuntu 22.04,unpatched,False,guest,5
ALT-004102,smartphone,Android 13,fully_patched,False,guest,4
ALT-004103,laptop,Windows 10,partially_patched,False,guest,0
ALT-004104,unknown,Android 13,fully_patched,False,guest,1
ALT-004105,laptop,Windows 11,unpatched,False,guest,0
ALT-004106,raspberry_pi,Android 13,partially_patched,True,lab_admin,3
ALT-004107,laptop,Windows 10,fully_patched,True,guest,0
ALT-004108,tablet,iOS 16,unknown,True,student,3
ALT-004109,laptop,Windows 11,fully_patched,True,student,5
ALT-004110,tablet,Android 13,fully_patched,True,student,4
ALT-004111,laptop,Android 13,partially_patched,False,guest,1
ALT-004112,laptop,Android 13,fully_patched,True,student,5
ALT-004113,tablet,Unknown,fully_patched,True,student,1
ALT-004114,laptop,Android 13,partially_patched,False,guest,3
ALT-004115,tablet,iOS 16,partially_patched,True,student,1
ALT-004116,tablet,Unknown,unpatched,True,student,1
ALT-004117,tablet,Windows 11,unpatched,True,student,2
ALT-004118,unknown,macOS 13,fully_patched,False,guest,2
ALT-004119,smartphone,Android 13,partially_patched,False,guest,2
ALT-004120,laptop,macOS 13,fully_patched,False,guest,4
ALT-004121,unknown,macOS 13,partially_patched,False,guest,5
ALT-004122,laptop,iOS 16,unpatched,False,guest,5
ALT-004123,smartphone,Windows 10,unpatched,True,student,0
ALT-004124,smartphone,iOS 16,partially_patched,True,student,5
ALT-004125,smartphone,Ubuntu 22.04,unknown,False,guest,5
ALT-004126,laptop,Windows 10,partially_patched,True,guest,1
ALT-004127,smartphone,macOS 13,fully_patched,True,student,3
ALT-004128,smartphone,Unknown,fully_patched,False,guest,0
ALT-004129,tablet,Android 13,fully_patched,True,student,0
ALT-004130,laptop,Windows 10,partially_patched,True,student,2
ALT-004131,tablet,Windows 11,fully_patched,True,student,4
ALT-004132,tablet,Android 13,fully_patched,True,student,3
ALT-004133,laptop,Windows 11,unpatched,False,guest,4
ALT-004134,laptop,Ubuntu 22.04,unpatched,False,guest,2
ALT-004135,smartphone,macOS 13,fully_patched,False,guest,4
ALT-004136,unknown,Windows 10,unpatched,False,guest,0
ALT-004137,tablet,Ubuntu 22.04,partially_patched,True,student,5
ALT-004138,laptop,macOS 13,fully_patched,False,guest,1
ALT-004139,unknown,macOS 13,partially_patched,False,guest,4
ALT-004140,unknown,macOS 13,partially_patched,False,guest,0
ALT-004141,unknown,iOS 16,partially_patched,False,guest,2
ALT-004142,smartphone,iOS 16,fully_patched,False,guest,1
ALT-004143,laptop,Android 13,unpatched,True,lab_admin,3
ALT-004144,server,Ubuntu 22.04,fully_patched,True,lab_admin,0
ALT-004145,workstation,macOS 13,unpatched,True,lab_admin,2
ALT-004146,unknown,Ubuntu 22.04,fully_patched,False,guest,1
ALT-004147,laptop,Unknown,partially_patched,False,guest,4
ALT-004148,smartphone,Windows 10,unpatched,False,guest,5
ALT-004149,smartphone,macOS 13,fully_patched,True,student,0
ALT-004150,laptop,Windows 10,partially_patched,True,guest,0
ALT-004151,smartphone,Unknown,fully_patched,False,guest,0
ALT-004152,smartphone,Windows 10,partially_patched,False,guest,1
ALT-004153,laptop,Windows 10,partially_patched,True,guest,1
ALT-004154,unknown,unknown,unknown,,unknown,
ALT-004155,laptop,Windows 11,partially_patched,False,guest,4
ALT-004156,smartphone,Windows 11,fully_patched,False,guest,5
ALT-004157,unknown,unknown,unknown,,unknown,
ALT-004158,laptop,Windows 11,fully_patched,False,guest,3
ALT-004159,unknown,unknown,unknown,,unknown,
ALT-004160,laptop,Ubuntu 22.04,fully_patched,True,student,1
ALT-004161,unknown,macOS 13,unknown,False,guest,3
ALT-004162,smartphone,Android 13,partially_patched,True,student,1
ALT-004163,smartphone,iOS 16,unpatched,True,student,5
ALT-004164,smartphone,Android 13,partially_patched,True,guest,0
ALT-004165,laptop,Windows 10,partially_patched,True,guest,0
ALT-004166,laptop,macOS 13,fully_patched,False,guest,2
ALT-004167,unknown,Windows 10,partially_patched,False,guest,1
ALT-004168,unknown,macOS 13,unpatched,False,guest,1
ALT-004169,smartphone,macOS 13,fully_patched,True,student,1
ALT-004170,unknown,unknown,unknown,,unknown,
ALT-004171,unknown,unknown,unknown,,unknown,
ALT-004172,laptop,Ubuntu 22.04,fully_patched,True,lab_admin,0
ALT-004173,unknown,unknown,unknown,,unknown,
ALT-004174,smartphone,Windows 11,fully_patched,False,guest,2
ALT-004175,raspberry_pi,Windows 10,fully_patched,True,faculty,2
ALT-004176,laptop,Unknown,fully_patched,False,guest,0
ALT-004177,unknown,Unknown,unknown,False,guest,5
ALT-004178,smartphone,macOS 13,unknown,False,guest,2
ALT-004179,unknown,unknown,unknown,,unknown,
ALT-004180,unknown,unknown,unknown,,unknown,
ALT-004181,unknown,unknown,unknown,,unknown,
ALT-004182,smartphone,Windows 10,fully_patched,True,student,2
ALT-004183,tablet,Windows 10,fully_patched,True,student,1
ALT-004184,workstation,Ubuntu 22.04,fully_patched,True,lab_admin,0
ALT-004185,smartphone,iOS 16,partially_patched,False,guest,3
ALT-004186,smartphone,Windows 11,partially_patched,True,student,1
ALT-004187,tablet,iOS 16,fully_patched,True,student,2
ALT-004188,unknown,Ubuntu 22.04,fully_patched,False,guest,5
ALT-004189,smartphone,Ubuntu 22.04,fully_patched,False,guest,1
ALT-004190,server,iOS 16,fully_patched,True,faculty,5
ALT-004191,smartphone,Android 13,partially_patched,True,student,0
ALT-004192,smartphone,Windows 11,fully_patched,False,guest,1
ALT-004193,tablet,iOS 16,partially_patched,True,student,2
ALT-004194,laptop,Windows 11,fully_patched,True,student,4
ALT-004195,laptop,Ubuntu 22.04,partially_patched,True,lab_admin,1
ALT-004196,laptop,Unknown,partially_patched,True,student,5
ALT-004197,workstation,Unknown,fully_patched,True,faculty,5
ALT-004198,workstation,Windows 11,unpatched,True,faculty,0
ALT-004199,smartphone,Windows 11,partially_patched,False,guest,5
ALT-004200,unknown,iOS 16,unpatched,False,guest,4
ALT-004201,laptop,iOS 16,fully_patched,False,guest,5
ALT-004202,tablet,Ubuntu 22.04,fully_patched,True,student,1
ALT-004203,unknown,Windows 11,partially_patched,False,guest,2
ALT-004204,laptop,iOS 16,fully_patched,True,student,5
ALT-004205,smartphone,Windows 11,unpatched,True,student,0
ALT-004206,unknown,unknown,unknown,,unknown,
ALT-004207,smartphone,Unknown,partially_patched,False,guest,1
ALT-004208,smartphone,Windows 10,fully_patched,False,guest,2
ALT-004209,laptop,iOS 16,partially_patched,False,guest,3
ALT-004210,unknown,Ubuntu 22.04,fully_patched,False,guest,4
ALT-004211,laptop,Windows 11,fully_patched,True,student,3
ALT-004212,server,Android 13,fully_patched,True,faculty,1
ALT-004213,smartphone,Android 13,partially_patched,True,student,3
ALT-004214,unknown,Unknown,partially_patched,False,guest,4
ALT-004215,unknown,iOS 16,partially_patched,False,guest,3
ALT-004216,laptop,Ubuntu 22.04,fully_patched,True,student,5
ALT-004217,smartphone,macOS 13,partially_patched,True,student,4
ALT-004218,unknown,unknown,unknown,,unknown,
ALT-004219,workstation,Windows 10,fully_patched,True,faculty,0
ALT-004220,laptop,Android 13,partially_patched,False,guest,4
ALT-004221,smartphone,iOS 16,fully_patched,False,guest,0
ALT-004222,unknown,unknown,unknown,,unknown,
ALT-004223,unknown,unknown,unknown,,unknown,
ALT-004224,laptop,Windows 10,fully_patched,True,student,4
ALT-004225,laptop,Android 13,fully_patched,True,student,4
ALT-004226,smartphone,Windows 11,partially_patched,True,student,1
ALT-004227,unknown,unknown,unknown,,unknown,
ALT-004228,unknown,iOS 16,fully_patched,False,guest,3
ALT-004229,unknown,Windows 11,partially_patched,False,guest,0
ALT-004230,laptop,Windows 11,unpatched,True,student,2
ALT-004231,unknown,unknown,unknown,,unknown,
ALT-004232,smartphone,Windows 11,partially_patched,False,guest,0
ALT-004233,raspberry_pi,Windows 10,partially_patched,True,faculty,3
ALT-004234,laptop,macOS 13,fully_patched,False,guest,1
ALT-004235,laptop,iOS 16,fully_patched,False,guest,0
ALT-004236,laptop,Android 13,unpatched,False,guest,5
ALT-004237,laptop,Windows 11,fully_patched,True,lab_admin,5
ALT-004238,smartphone,Ubuntu 22.04,fully_patched,False,guest,4
ALT-004239,unknown,Windows 11,partially_patched,False,guest,4
ALT-004240,unknown,macOS 13,partially_patched,False,guest,1
ALT-004241,tablet,Android 13,partially_patched,True,guest,1
ALT-004242,smartphone,macOS 13,partially_patched,False,guest,4
ALT-004243,unknown,macOS 13,fully_patched,False,guest,4
ALT-004244,laptop,iOS 16,partially_patched,False,guest,5
ALT-004245,smartphone,Android 13,unpatched,False,guest,4
ALT-004246,unknown,Windows 10,fully_patched,False,guest,3
ALT-004247,smartphone,Ubuntu 22.04,partially_patched,False,guest,1
ALT-004248,laptop,Android 13,fully_patched,True,student,2
ALT-004249,laptop,Unknown,fully_patched,True,student,2
ALT-004250,tablet,Unknown,partially_patched,True,student,1
ALT-004251,unknown,Android 13,fully_patched,False,guest,2
ALT-004252,smartphone,Windows 11,partially_patched,False,guest,0
ALT-004253,smartphone,Android 13,partially_patched,False,guest,1
ALT-004254,unknown,unknown,unknown,,unknown,
ALT-004255,laptop,macOS 13,partially_patched,False,guest,0
ALT-004256,smartphone,Ubuntu 22.04,fully_patched,True,student,4
ALT-004257,smartphone,iOS 16,fully_patched,False,guest,3
ALT-004258,unknown,Ubuntu 22.04,fully_patched,False,guest,2
ALT-004259,laptop,macOS 13,fully_patched,True,student,2
ALT-004260,smartphone,Windows 10,unknown,False,guest,2
ALT-004261,tablet,Windows 10,partially_patched,True,student,3
ALT-004262,raspberry_pi,Unknown,fully_patched,True,faculty,1
ALT-004263,laptop,Ubuntu 22.04,partially_patched,False,guest,1
ALT-004264,unknown,Unknown,fully_patched,False,guest,4
ALT-004265,unknown,iOS 16,unpatched,False,guest,4
ALT-004266,smartphone,Android 13,partially_patched,False,guest,5
ALT-004267,laptop,Android 13,fully_patched,False,guest,4
ALT-004268,laptop,Unknown,fully_patched,False,guest,5
ALT-004269,tablet,Unknown,partially_patched,True,student,5
ALT-004270,tablet,Android 13,partially_patched,True,guest,1
ALT-004271,laptop,Unknown,fully_patched,False,guest,2
ALT-004272,unknown,unknown,unknown,,unknown,
ALT-004273,laptop,macOS 13,partially_patched,True,student,0
ALT-004274,tablet,Ubuntu 22.04,partially_patched,True,student,5
ALT-004275,server,Unknown,fully_patched,True,faculty,4
ALT-004276,tablet,macOS 13,fully_patched,True,student,5
ALT-004277,tablet,Ubuntu 22.04,fully_patched,True,student,5
ALT-004278,server,iOS 16,partially_patched,True,faculty,0
ALT-004279,unknown,Unknown,partially_patched,False,guest,3
ALT-004280,unknown,Unknown,fully_patched,False,guest,5
ALT-004281,tablet,iOS 16,partially_patched,True,student,4
ALT-004282,unknown,unknown,unknown,,unknown,
ALT-004283,smartphone,Android 13,fully_patched,True,student,2
ALT-004284,smartphone,Windows 10,partially_patched,True,student,0
ALT-004285,smartphone,Windows 11,unpatched,True,student,2
ALT-004286,unknown,Unknown,fully_patched,False,guest,5
ALT-004287,workstation,Unknown,fully_patched,True,faculty,3
ALT-004288,laptop,iOS 16,partially_patched,False,guest,1
ALT-004289,smartphone,Unknown,fully_patched,True,student,5
ALT-004290,unknown,Android 13,partially_patched,False,guest,3
ALT-004291,workstation,macOS 13,fully_patched,True,faculty,0
ALT-004292,laptop,Windows 11,fully_patched,True,student,5
ALT-004293,laptop,macOS 13,fully_patched,False,guest,0
ALT-004294,laptop,Ubuntu 22.04,fully_patched,False,guest,4
ALT-004295,tablet,iOS 16,unpatched,True,student,0
ALT-004296,tablet,Unknown,partially_patched,True,student,1
ALT-004297,unknown,unknown,unknown,,unknown,
ALT-004298,smartphone,Windows 11,partially_patched,True,student,0
ALT-004299,laptop,Windows 11,partially_patched,True,student,0
ALT-004300,laptop,Android 13,unknown,True,student,2
ALT-004301,unknown,Unknown,partially_patched,False,guest,5
ALT-004302,laptop,Windows 11,partially_patched,True,student,4
ALT-004303,smartphone,Unknown,partially_patched,False,guest,4
ALT-004304,smartphone,Windows 11,fully_patched,False,guest,2
ALT-004305,smartphone,Android 13,unpatched,True,student,0
ALT-004306,unknown,iOS 16,fully_patched,False,guest,5
ALT-004307,unknown,macOS 13,partially_patched,False,guest,5
ALT-004308,smartphone,Ubuntu 22.04,unpatched,False,guest,2
ALT-004309,laptop,Android 13,fully_patched,False,guest,4
ALT-004310,smartphone,macOS 13,partially_patched,False,guest,3
ALT-004311,laptop,macOS 13,fully_patched,True,student,5
ALT-004312,unknown,macOS 13,partially_patched,False,guest,5
ALT-004313,unknown,unknown,unknown,,unknown,
ALT-004314,smartphone,Android 13,partially_patched,False,guest,1
ALT-004315,server,Ubuntu 22.04,fully_patched,True,faculty,4
ALT-004316,smartphone,Ubuntu 22.04,fully_patched,True,student,0
ALT-004317,smartphone,Ubuntu 22.04,unpatched,False,guest,5
ALT-004318,unknown,iOS 16,unknown,False,guest,2
ALT-004319,laptop,Unknown,partially_patched,True,student,5
ALT-004320,unknown,unknown,unknown,,unknown,
ALT-004321,server,Ubuntu 22.04,unpatched,True,lab_admin,5
ALT-004322,unknown,Ubuntu 22.04,fully_patched,False,guest,4
ALT-004323,laptop,Ubuntu 22.04,fully_patched,False,guest,3
ALT-004324,tablet,macOS 13,unpatched,True,student,3
ALT-004325,laptop,Unknown,fully_patched,True,student,1
ALT-004326,server,Ubuntu 22.04,unpatched,True,lab_admin,3
ALT-004327,tablet,Unknown,unpatched,True,student,0
ALT-004328,laptop,Ubuntu 22.04,unpatched,False,guest,5
ALT-004329,unknown,Windows 10,partially_patched,False,guest,3
ALT-004330,unknown,Unknown,fully_patched,False,guest,4
ALT-004331,smartphone,macOS 13,unpatched,False,guest,5
ALT-004332,workstation,Windows 10,unpatched,True,lab_admin,1
ALT-004333,smartphone,Windows 11,fully_patched,True,student,5
ALT-004334,unknown,iOS 16,fully_patched,False,guest,0
ALT-004335,unknown,macOS 13,fully_patched,False,guest,4
ALT-004336,laptop,Windows 11,fully_patched,False,guest,5
ALT-004337,laptop,Ubuntu 22.04,fully_patched,True,faculty,5
ALT-004338,server,macOS 13,fully_patched,True,lab_admin,1
ALT-004339,laptop,Android 13,fully_patched,True,student,3
ALT-004340,tablet,macOS 13,fully_patched,True,student,5
ALT-004341,server,Ubuntu 22.04,fully_patched,True,lab_admin,0
ALT-004342,unknown,unknown,unknown,,unknown,
ALT-004343,unknown,Ubuntu 22.04,unpatched,False,guest,5
ALT-004344,unknown,unknown,unknown,,unknown,
ALT-004345,laptop,Windows 11,partially_patched,True,student,0
ALT-004346,smartphone,Ubuntu 22.04,fully_patched,True,student,5
ALT-004347,smartphone,macOS 13,fully_patched,False,guest,3
ALT-004348,laptop,Windows 11,unpatched,True,student,2
ALT-004349,workstation,Ubuntu 22.04,unpatched,True,lab_admin,1
ALT-004350,smartphone,Android 13,partially_patched,True,student,2
ALT-004351,laptop,Android 13,fully_patched,True,student,1
ALT-004352,server,Ubuntu 22.04,fully_patched,True,faculty,3
ALT-004353,smartphone,macOS 13,partially_patched,True,student,1
ALT-004354,tablet,Android 13,unpatched,True,student,4
ALT-004355,smartphone,Android 13,partially_patched,True,student,4
ALT-004356,workstation,Windows 10,fully_patched,True,faculty,5
ALT-004357,laptop,macOS 13,partially_patched,True,student,1
ALT-004358,unknown,unknown,unknown,,unknown,
ALT-004359,tablet,macOS 13,unknown,True,student,0
ALT-004360,unknown,unknown,unknown,,unknown,
ALT-004361,tablet,Windows 10,fully_patched,True,student,2
ALT-004362,tablet,Android 13,unpatched,True,student,5
ALT-004363,tablet,macOS 13,partially_patched,True,student,4
ALT-004364,laptop,macOS 13,fully_patched,True,student,1
ALT-004365,laptop,Android 13,fully_patched,False,guest,0
ALT-004366,smartphone,iOS 16,fully_patched,False,guest,1
ALT-004367,smartphone,Ubuntu 22.04,fully_patched,True,student,1
ALT-004368,tablet,Windows 10,fully_patched,True,student,5
ALT-004369,tablet,iOS 16,partially_patched,True,student,5
ALT-004370,tablet,iOS 16,unpatched,True,student,2
ALT-004371,unknown,unknown,unknown,,unknown,
ALT-004372,unknown,Windows 11,fully_patched,False,guest,2
ALT-004373,unknown,unknown,unknown,,unknown,
ALT-004374,unknown,unknown,unknown,,unknown,
ALT-004375,smartphone,Windows 10,fully_patched,False,guest,0
ALT-004376,unknown,Windows 10,fully_patched,False,guest,3
ALT-004377,tablet,macOS 13,unpatched,True,student,3
ALT-004378,laptop,macOS 13,fully_patched,True,student,1
ALT-004379,unknown,Windows 10,fully_patched,False,guest,5
ALT-004380,unknown,iOS 16,fully_patched,False,guest,0
ALT-004381,laptop,Windows 11,fully_patched,True,student,2
ALT-004382,tablet,Windows 10,fully_patched,True,student,3
ALT-004383,laptop,Windows 10,partially_patched,True,student,0
ALT-004384,unknown,Windows 10,fully_patched,False,guest,3
ALT-004385,smartphone,macOS 13,fully_patched,True,student,5
ALT-004386,workstation,macOS 13,fully_patched,True,lab_admin,0
ALT-004387,laptop,Unknown,fully_patched,True,student,4
ALT-004388,tablet,iOS 16,fully_patched,True,student,2
ALT-004389,tablet,Windows 10,fully_patched,True,student,1
ALT-004390,smartphone,Windows 11,partially_patched,False,guest,0
ALT-004391,laptop,Windows 11,partially_patched,True,guest,0
ALT-004392,smartphone,iOS 16,fully_patched,True,student,2
ALT-004393,workstation,Windows 10,fully_patched,True,faculty,3
ALT-004394,laptop,Ubuntu 22.04,fully_patched,False,guest,4
ALT-004395,smartphone,iOS 16,fully_patched,False,guest,5
ALT-004396,laptop,Windows 10,partially_patched,False,guest,1
ALT-004397,laptop,Windows 10,partially_patched,False,guest,3
ALT-004398,smartphone,Windows 11,fully_patched,False,guest,4
ALT-004399,unknown,Unknown,unpatched,False,guest,2
ALT-004400,smartphone,Windows 10,fully_patched,True,student,0
ALT-004401,unknown,Windows 10,fully_patched,False,guest,4
ALT-004402,unknown,unknown,unknown,,unknown,
ALT-004403,tablet,Windows 11,partially_patched,True,student,2
ALT-004404,laptop,Windows 10,partially_patched,False,guest,2
ALT-004405,smartphone,Android 13,fully_patched,False,guest,5
ALT-004406,unknown,Windows 10,unpatched,False,guest,0
ALT-004407,unknown,unknown,unknown,,unknown,
ALT-004408,laptop,Android 13,unpatched,False,guest,0
ALT-004409,unknown,Unknown,partially_patched,False,guest,3
ALT-004410,workstation,Unknown,fully_patched,True,faculty,1
ALT-004411,unknown,unknown,unknown,,unknown,
ALT-004412,smartphone,Windows 11,partially_patched,False,guest,0
ALT-004413,smartphone,iOS 16,partially_patched,False,guest,0
ALT-004414,smartphone,Android 13,unpatched,False,guest,1
ALT-004415,unknown,macOS 13,fully_patched,False,guest,2
ALT-004416,laptop,Android 13,fully_patched,False,guest,0
ALT-004417,unknown,unknown,unknown,,unknown,
ALT-004418,laptop,Unknown,fully_patched,False,guest,2
ALT-004419,laptop,macOS 13,partially_patched,True,student,2
ALT-004420,raspberry_pi,Windows 11,fully_patched,True,faculty,4
ALT-004421,server,Android 13,partially_patched,True,faculty,3
ALT-004422,laptop,Windows 10,fully_patched,False,guest,4
ALT-004423,smartphone,Android 13,unknown,True,student,4
ALT-004424,smartphone,Ubuntu 22.04,fully_patched,True,student,3
ALT-004425,laptop,Windows 10,fully_patched,False,guest,0
ALT-004426,unknown,unknown,unknown,,unknown,
ALT-004427,unknown,Windows 11,partially_patched,False,guest,4
ALT-004428,smartphone,Windows 11,unpatched,False,guest,0
ALT-004429,unknown,unknown,unknown,,unknown,
ALT-004430,unknown,Unknown,partially_patched,False,guest,2
ALT-004431,laptop,Windows 11,fully_patched,True,student,0
ALT-004432,laptop,Ubuntu 22.04,partially_patched,True,student,0
ALT-004433,raspberry_pi,Unknown,fully_patched,True,lab_admin,4
ALT-004434,tablet,Windows 10,fully_patched,True,student,4
ALT-004435,laptop,macOS 13,partially_patched,True,student,5
ALT-004436,tablet,Windows 11,partially_patched,True,student,4
ALT-004437,unknown,unknown,unknown,,unknown,
ALT-004438,laptop,Windows 11,fully_patched,False,guest,4
ALT-004439,smartphone,Unknown,unknown,False,guest,5
ALT-004440,smartphone,Windows 11,fully_patched,True,student,1
ALT-004441,unknown,unknown,unknown,,unknown,
ALT-004442,server,Windows 11,fully_patched,True,lab_admin,0
ALT-004443,laptop,Windows 10,partially_patched,True,student,1
ALT-004444,unknown,Windows 11,fully_patched,False,guest,5
ALT-004445,smartphone,Windows 10,unpatched,True,student,2
ALT-004446,unknown,iOS 16,unknown,False,guest,3
ALT-004447,laptop,macOS 13,fully_patched,True,student,1
ALT-004448,smartphone,Windows 10,fully_patched,False,guest,3
ALT-004449,laptop,Unknown,fully_patched,False,guest,1
ALT-004450,laptop,iOS 16,fully_patched,False,guest,5
ALT-004451,tablet,Windows 10,partially_patched,True,student,1
ALT-004452,tablet,Windows 10,partially_patched,True,guest,1
ALT-004453,laptop,iOS 16,fully_patched,False,guest,5
ALT-004454,smartphone,iOS 16,partially_patched,True,student,4
ALT-004455,laptop,macOS 13,fully_patched,True,student,1
ALT-004456,smartphone,Unknown,fully_patched,False,guest,3
ALT-004457,unknown,unknown,unknown,,unknown,
ALT-004458,smartphone,Ubuntu 22.04,unpatched,True,student,5
ALT-004459,unknown,Android 13,fully_patched,False,guest,5
ALT-004460,smartphone,Ubuntu 22.04,partially_patched,True,student,1
ALT-004461,unknown,Windows 11,unknown,False,guest,4
ALT-004462,workstation,Android 13,partially_patched,True,lab_admin,3
ALT-004463,laptop,Ubuntu 22.04,unpatched,True,student,5
ALT-004464,laptop,Windows 11,fully_patched,False,guest,3
ALT-004465,unknown,Ubuntu 22.04,partially_patched,False,guest,3
ALT-004466,unknown,Ubuntu 22.04,fully_patched,False,guest,2
ALT-004467,smartphone,iOS 16,partially_patched,True,student,5
ALT-004468,smartphone,Ubuntu 22.04,partially_patched,True,student,5
ALT-004469,laptop,Windows 11,fully_patched,True,student,0
ALT-004470,unknown,unknown,unknown,,unknown,
ALT-004471,laptop,Unknown,fully_patched,True,student,5
ALT-004472,smartphone,Unknown,fully_patched,False,guest,3
ALT-004473,raspberry_pi,Windows 11,fully_patched,True,faculty,5
ALT-004474,unknown,Windows 10,fully_patched,False,guest,5
ALT-004475,tablet,Windows 11,partially_patched,True,student,4
ALT-004476,smartphone,iOS 16,partially_patched,False,guest,0
ALT-004477,raspberry_pi,iOS 16,partially_patched,True,lab_admin,4
ALT-004478,laptop,Ubuntu 22.04,partially_patched,False,guest,3
ALT-004479,unknown,Windows 11,partially_patched,False,guest,3
ALT-004480,tablet,Ubuntu 22.04,fully_patched,True,student,3
ALT-004481,smartphone,Windows 11,fully_patched,False,guest,4
ALT-004482,laptop,Windows 11,partially_patched,False,guest,1
ALT-004483,unknown,Unknown,fully_patched,False,guest,0
ALT-004484,tablet,Android 13,unpatched,True,student,1
ALT-004485,laptop,Unknown,unpatched,False,guest,1
ALT-004486,unknown,unknown,unknown,,unknown,
ALT-004487,unknown,unknown,unknown,,unknown,
ALT-004488,workstation,macOS 13,fully_patched,True,lab_admin,1
ALT-004489,unknown,Android 13,unpatched,False,guest,0
ALT-004490,smartphone,iOS 16,unpatched,False,guest,0
ALT-004491,laptop,iOS 16,partially_patched,True,student,4
ALT-004492,smartphone,Unknown,fully_patched,False,guest,5
ALT-004493,laptop,Windows 11,fully_patched,False,guest,0
ALT-004494,unknown,macOS 13,unpatched,False,guest,5
ALT-004495,workstation,Unknown,partially_patched,True,faculty,4
ALT-004496,tablet,Windows 11,partially_patched,True,student,0
ALT-004497,laptop,Ubuntu 22.04,partially_patched,True,student,3
ALT-004498,laptop,Ubuntu 22.04,fully_patched,False,guest,4
ALT-004499,laptop,Unknown,partially_patched,True,student,0
ALT-004500,unknown,Windows 10,partially_patched,False,guest,1
ALT-004501,smartphone,Unknown,unpatched,True,student,5
ALT-004502,smartphone,Windows 11,partially_patched,False,guest,4
ALT-004503,laptop,Ubuntu 22.04,unpatched,False,guest,1
ALT-004504,raspberry_pi,macOS 13,fully_patched,True,faculty,5
ALT-004505,laptop,Windows 11,fully_patched,True,student,0
ALT-004506,smartphone,Android 13,fully_patched,True,student,5
ALT-004507,smartphone,macOS 13,unpatched,False,guest,0
ALT-004508,workstation,macOS 13,unknown,True,faculty,3
ALT-004509,smartphone,Ubuntu 22.04,fully_patched,False,guest,0
ALT-004510,unknown,iOS 16,partially_patched,False,guest,1
ALT-004511,tablet,iOS 16,fully_patched,True,student,1
ALT-004512,unknown,macOS 13,unpatched,False,guest,0
ALT-004513,tablet,Android 13,partially_patched,True,student,0
ALT-004514,unknown,Unknown,partially_patched,False,guest,4
ALT-004515,smartphone,Android 13,partially_patched,False,guest,3
ALT-004516,smartphone,iOS 16,fully_patched,False,guest,5
ALT-004517,tablet,Windows 10,partially_patched,True,student,4
ALT-004518,smartphone,Windows 10,partially_patched,False,guest,0
ALT-004519,smartphone,Unknown,fully_patched,True,student,2
ALT-004520,laptop,Unknown,fully_patched,False,guest,1
ALT-004521,laptop,Android 13,fully_patched,True,student,3
ALT-004522,laptop,Ubuntu 22.04,fully_patched,False,guest,0
ALT-004523,smartphone,Windows 11,fully_patched,False,guest,0
ALT-004524,laptop,Windows 10,fully_patched,False,guest,4
ALT-004525,unknown,Unknown,partially_patched,False,guest,1
ALT-004526,tablet,Android 13,partially_patched,True,student,5
ALT-004527,laptop,Ubuntu 22.04,unpatched,False,guest,5
ALT-004528,laptop,macOS 13,unpatched,False,guest,2
ALT-004529,workstation,iOS 16,unpatched,True,faculty,2
ALT-004530,unknown,Windows 11,fully_patched,False,guest,3
ALT-004531,laptop,Unknown,unpatched,False,guest,3
ALT-004532,smartphone,iOS 16,partially_patched,True,student,4
ALT-004533,raspberry_pi,Ubuntu 22.04,fully_patched,True,faculty,2
ALT-004534,laptop,Ubuntu 22.04,partially_patched,False,guest,1
ALT-004535,smartphone,iOS 16,unknown,True,student,1
ALT-004536,unknown,unknown,unknown,,unknown,
ALT-004537,laptop,Windows 11,partially_patched,True,student,1
ALT-004538,laptop,Android 13,partially_patched,True,student,4
ALT-004539,smartphone,macOS 13,fully_patched,False,guest,1
ALT-004540,smartphone,Windows 10,partially_patched,True,student,5
ALT-004541,smartphone,Windows 11,partially_patched,True,student,4
ALT-004542,laptop,Windows 10,unpatched,False,guest,0
ALT-004543,unknown,unknown,unknown,,unknown,
ALT-004544,unknown,unknown,unknown,,unknown,
ALT-004545,laptop,Windows 10,partially_patched,True,guest,0
ALT-004546,smartphone,Windows 11,fully_patched,True,student,3
ALT-004547,smartphone,iOS 16,partially_patched,True,student,3
ALT-004548,smartphone,Windows 10,fully_patched,False,guest,0
ALT-004549,laptop,Windows 11,unpatched,True,student,1
ALT-004550,laptop,Windows 11,partially_patched,False,guest,1
ALT-004551,unknown,iOS 16,unknown,False,guest,2
ALT-004552,raspberry_pi,Android 13,partially_patched,True,lab_admin,3
ALT-004553,workstation,Windows 11,fully_patched,True,lab_admin,4
ALT-004554,unknown,unknown,unknown,,unknown,
ALT-004555,raspberry_pi,Android 13,partially_patched,True,lab_admin,0
ALT-004556,unknown,Unknown,fully_patched,False,guest,0
ALT-004557,unknown,Windows 11,fully_patched,False,guest,2
ALT-004558,laptop,Android 13,fully_patched,True,student,5
ALT-004559,laptop,Windows 11,fully_patched,True,lab_admin,0
ALT-004560,smartphone,macOS 13,fully_patched,True,student,4
ALT-004561,laptop,Windows 10,partially_patched,False,guest,5
ALT-004562,unknown,unknown,unknown,,unknown,
ALT-004563,tablet,iOS 16,fully_patched,True,student,5
ALT-004564,tablet,Windows 11,unpatched,True,student,0
ALT-004565,laptop,Windows 10,fully_patched,False,guest,5
ALT-004566,smartphone,Windows 11,unpatched,True,student,1
ALT-004567,smartphone,macOS 13,fully_patched,False,guest,3
ALT-004568,workstation,iOS 16,partially_patched,True,lab_admin,3
ALT-004569,smartphone,Windows 10,unknown,False,guest,3
ALT-004570,laptop,Windows 11,unpatched,False,guest,5
ALT-004571,smartphone,macOS 13,partially_patched,True,student,4
ALT-004572,laptop,macOS 13,fully_patched,False,guest,0
ALT-004573,unknown,Windows 10,unpatched,False,guest,0
ALT-004574,laptop,macOS 13,unpatched,True,student,5
ALT-004575,smartphone,Ubuntu 22.04,fully_patched,False,guest,5
ALT-004576,smartphone,Ubuntu 22.04,fully_patched,False,guest,1
ALT-004577,smartphone,Windows 11,fully_patched,True,student,0
ALT-004578,unknown,Windows 10,fully_patched,False,guest,5
ALT-004579,unknown,Windows 10,unpatched,False,guest,2
ALT-004580,raspberry_pi,iOS 16,fully_patched,True,lab_admin,3
ALT-004581,tablet,Windows 11,partially_patched,True,student,5
ALT-004582,tablet,iOS 16,partially_patched,False,guest,0
ALT-004583,laptop,Ubuntu 22.04,fully_patched,True,lab_admin,4
ALT-004584,laptop,iOS 16,unpatched,False,guest,3
ALT-004585,smartphone,Android 13,fully_patched,False,guest,2
ALT-004586,laptop,macOS 13,fully_patched,True,lab_admin,2
ALT-004587,unknown,unknown,unknown,,unknown,
ALT-004588,smartphone,Ubuntu 22.04,fully_patched,True,student,5
ALT-004589,laptop,Windows 10,unpatched,False,guest,1
ALT-004590,unknown,unknown,unknown,,unknown,
ALT-004591,laptop,Windows 11,unpatched,True,faculty,5
ALT-004592,laptop,Windows 11,partially_patched,False,guest,5
ALT-004593,laptop,Ubuntu 22.04,partially_patched,False,guest,5
ALT-004594,smartphone,Unknown,partially_patched,False,guest,0
ALT-004595,smartphone,iOS 16,partially_patched,False,guest,4
ALT-004596,unknown,iOS 16,fully_patched,False,guest,5
ALT-004597,smartphone,Ubuntu 22.04,fully_patched,False,guest,0
ALT-004598,smartphone,macOS 13,fully_patched,True,student,3
ALT-004599,smartphone,Windows 10,unpatched,True,student,5
ALT-004600,unknown,unknown,unknown,,unknown,
ALT-004601,workstation,Ubuntu 22.04,fully_patched,True,faculty,2
ALT-004602,laptop,iOS 16,fully_patched,False,guest,5
ALT-004603,tablet,iOS 16,fully_patched,True,student,1
ALT-004604,laptop,Unknown,fully_patched,True,student,5
ALT-004605,smartphone,iOS 16,fully_patched,False,guest,1
ALT-004606,unknown,Ubuntu 22.04,fully_patched,False,guest,0
ALT-004607,unknown,unknown,unknown,,unknown,
ALT-004608,unknown,unknown,unknown,,unknown,
ALT-004609,tablet,macOS 13,fully_patched,True,student,5
ALT-004610,laptop,Unknown,fully_patched,False,guest,2
ALT-004611,laptop,Android 13,fully_patched,True,student,3
ALT-004612,workstation,iOS 16,fully_patched,True,faculty,3
ALT-004613,smartphone,iOS 16,partially_patched,True,student,5
ALT-004614,smartphone,Unknown,fully_patched,True,student,0
ALT-004615,smartphone,Android 13,fully_patched,False,guest,0
ALT-004616,smartphone,Android 13,unknown,False,guest,4
ALT-004617,laptop,Windows 11,fully_patched,True,student,0
ALT-004618,tablet,iOS 16,fully_patched,True,student,1
ALT-004619,unknown,macOS 13,unpatched,False,guest,2
ALT-004620,laptop,Android 13,fully_patched,False,guest,0
ALT-004621,laptop,Ubuntu 22.04,fully_patched,False,guest,4
ALT-004622,laptop,iOS 16,fully_patched,True,student,0
ALT-004623,smartphone,iOS 16,unpatched,True,student,1
ALT-004624,unknown,unknown,unknown,,unknown,
ALT-004625,laptop,iOS 16,fully_patched,False,guest,2
ALT-004626,unknown,macOS 13,fully_patched,False,guest,0
ALT-004627,unknown,Windows 10,partially_patched,False,guest,2
ALT-004628,workstation,Windows 10,unknown,True,faculty,4
ALT-004629,smartphone,Windows 11,fully_patched,False,guest,1
ALT-004630,unknown,unknown,unknown,,unknown,
ALT-004631,laptop,Windows 10,unpatched,True,student,5
ALT-004632,unknown,Android 13,fully_patched,False,guest,5
ALT-004633,server,Windows 11,fully_patched,True,lab_admin,5
ALT-004634,unknown,unknown,unknown,,unknown,
ALT-004635,smartphone,Windows 10,partially_patched,False,guest,0
ALT-004636,smartphone,Unknown,fully_patched,False,guest,1
ALT-004637,unknown,unknown,unknown,,unknown,
ALT-004638,smartphone,Android 13,fully_patched,True,student,5
ALT-004639,unknown,unknown,unknown,,unknown,
ALT-004640,smartphone,Ubuntu 22.04,partially_patched,False,guest,4
ALT-004641,smartphone,iOS 16,unknown,False,guest,0
ALT-004642,unknown,unknown,unknown,,unknown,
ALT-004643,unknown,Windows 11,fully_patched,False,guest,2
ALT-004644,workstation,macOS 13,fully_patched,True,lab_admin,2
ALT-004645,raspberry_pi,macOS 13,unpatched,True,faculty,2
ALT-004646,smartphone,iOS 16,fully_patched,True,student,4
ALT-004647,laptop,Windows 10,partially_patched,True,student,0
ALT-004648,tablet,iOS 16,fully_patched,True,student,4
ALT-004649,workstation,Windows 11,fully_patched,True,faculty,0
ALT-004650,unknown,unknown,unknown,,unknown,
ALT-004651,smartphone,iOS 16,partially_patched,False,guest,5
ALT-004652,workstation,macOS 13,fully_patched,True,faculty,3
ALT-004653,laptop,Android 13,fully_patched,True,student,2
ALT-004654,laptop,Windows 11,fully_patched,True,student,1
ALT-004655,raspberry_pi,Android 13,fully_patched,True,faculty,4
ALT-004656,laptop,iOS 16,unpatched,False,guest,4
ALT-004657,unknown,Windows 10,fully_patched,False,guest,3
ALT-004658,laptop,Ubuntu 22.04,fully_patched,True,lab_admin,2
ALT-004659,smartphone,Windows 11,fully_patched,True,student,2
ALT-004660,laptop,Ubuntu 22.04,partially_patched,False,guest,0
ALT-004661,unknown,unknown,unknown,,unknown,
ALT-004662,laptop,macOS 13,partially_patched,False,guest,4
ALT-004663,unknown,unknown,unknown,,unknown,
ALT-004664,laptop,Windows 10,fully_patched,False,guest,1
ALT-004665,unknown,unknown,unknown,,unknown,
ALT-004666,laptop,Android 13,fully_patched,True,student,4
ALT-004667,unknown,unknown,unknown,,unknown,
ALT-004668,unknown,unknown,unknown,,unknown,
ALT-004669,unknown,macOS 13,fully_patched,False,guest,3
ALT-004670,laptop,macOS 13,fully_patched,False,guest,3
ALT-004671,laptop,Unknown,fully_patched,True,student,2
ALT-004672,laptop,iOS 16,partially_patched,False,guest,2
ALT-004673,unknown,macOS 13,fully_patched,False,guest,1
ALT-004674,laptop,Unknown,fully_patched,True,student,0
ALT-004675,tablet,Windows 11,partially_patched,True,student,5
ALT-004676,laptop,macOS 13,partially_patched,False,guest,1
ALT-004677,laptop,Windows 10,fully_patched,True,lab_admin,4
ALT-004678,unknown,Windows 10,fully_patched,False,guest,3
ALT-004679,unknown,Ubuntu 22.04,unpatched,False,guest,5
ALT-004680,smartphone,macOS 13,fully_patched,True,student,2
ALT-004681,smartphone,Ubuntu 22.04,partially_patched,False,guest,4
ALT-004682,smartphone,Unknown,fully_patched,False,guest,3
ALT-004683,smartphone,Ubuntu 22.04,fully_patched,False,guest,2
ALT-004684,laptop,Windows 11,partially_patched,False,guest,4
ALT-004685,laptop,Windows 11,fully_patched,False,guest,3
ALT-004686,raspberry_pi,iOS 16,fully_patched,True,lab_admin,5
ALT-004687,tablet,Android 13,partially_patched,False,guest,1
ALT-004688,smartphone,Ubuntu 22.04,fully_patched,False,guest,4
ALT-004689,unknown,Unknown,fully_patched,False,guest,3
ALT-004690,laptop,Windows 11,partially_patched,False,guest,5
ALT-004691,unknown,Android 13,partially_patched,False,guest,5
ALT-004692,laptop,macOS 13,partially_patched,True,faculty,1
ALT-004693,tablet,Windows 11,fully_patched,True,student,3
ALT-004694,tablet,Unknown,partially_patched,True,student,2
ALT-004695,unknown,Android 13,fully_patched,False,guest,2
ALT-004696,smartphone,Unknown,fully_patched,False,guest,3
ALT-004697,laptop,Ubuntu 22.04,fully_patched,False,guest,1
ALT-004698,unknown,unknown,unknown,,unknown,
ALT-004699,unknown,Unknown,partially_patched,False,guest,1
ALT-004700,smartphone,macOS 13,unpatched,False,guest,0
ALT-004701,laptop,macOS 13,fully_patched,True,student,1
ALT-004702,unknown,Windows 10,fully_patched,False,guest,4
ALT-004703,laptop,macOS 13,partially_patched,True,lab_admin,3
ALT-004704,unknown,Ubuntu 22.04,unpatched,False,guest,2
ALT-004705,laptop,Ubuntu 22.04,unpatched,False,guest,3
ALT-004706,laptop,iOS 16,unknown,False,guest,3
ALT-004707,workstation,iOS 16,fully_patched,True,lab_admin,0
ALT-004708,smartphone,Unknown,fully_patched,True,student,3
ALT-004709,unknown,unknown,unknown,,unknown,
ALT-004710,smartphone,Android 13,unpatched,False,guest,2
ALT-004711,unknown,Ubuntu 22.04,partially_patched,False,guest,0
ALT-004712,unknown,Unknown,fully_patched,False,guest,5
ALT-004713,unknown,Android 13,fully_patched,False,guest,5
ALT-004714,tablet,Unknown,partially_patched,True,student,2
ALT-004715,server,iOS 16,fully_patched,True,faculty,3
ALT-004716,laptop,iOS 16,fully_patched,False,guest,4
ALT-004717,laptop,iOS 16,partially_patched,True,guest,0
ALT-004718,tablet,Android 13,unpatched,True,student,2
ALT-004719,unknown,unknown,unknown,,unknown,
ALT-004720,smartphone,Android 13,fully_patched,True,student,5
ALT-004721,unknown,unknown,unknown,,unknown,
ALT-004722,smartphone,Unknown,fully_patched,True,student,4
ALT-004723,tablet,Ubuntu 22.04,fully_patched,True,student,3
ALT-004724,unknown,unknown,unknown,,unknown,
ALT-004725,smartphone,Ubuntu 22.04,partially_patched,False,guest,2
ALT-004726,unknown,unknown,unknown,,unknown,
ALT-004727,smartphone,Ubuntu 22.04,fully_patched,False,guest,1
ALT-004728,tablet,Android 13,fully_patched,True,student,0
ALT-004729,workstation,macOS 13,fully_patched,True,lab_admin,1
ALT-004730,server,Windows 10,partially_patched,True,faculty,5
ALT-004731,workstation,iOS 16,fully_patched,True,lab_admin,0
ALT-004732,laptop,macOS 13,partially_patched,True,student,5
ALT-004733,laptop,Windows 10,partially_patched,False,guest,2
ALT-004734,workstation,Windows 10,fully_patched,True,faculty,3
ALT-004735,unknown,unknown,unknown,,unknown,
ALT-004736,tablet,macOS 13,fully_patched,True,student,1
ALT-004737,unknown,unknown,unknown,,unknown,
ALT-004738,unknown,unknown,unknown,,unknown,
ALT-004739,smartphone,macOS 13,partially_patched,False,guest,4
ALT-004740,unknown,unknown,unknown,,unknown,
ALT-004741,unknown,Unknown,fully_patched,False,guest,1
ALT-004742,laptop,Windows 11,fully_patched,False,guest,4
ALT-004743,tablet,Android 13,partially_patched,True,student,1
ALT-004744,tablet,macOS 13,partially_patched,True,student,2
ALT-004745,unknown,macOS 13,fully_patched,False,guest,0
ALT-004746,unknown,unknown,unknown,,unknown,
ALT-004747,unknown,unknown,unknown,,unknown,
ALT-004748,unknown,iOS 16,partially_patched,False,guest,1
ALT-004749,laptop,macOS 13,fully_patched,False,guest,3
ALT-004750,laptop,Unknown,unpatched,True,student,1
ALT-004751,smartphone,Windows 10,fully_patched,False,guest,2
ALT-004752,smartphone,iOS 16,unknown,True,student,0
ALT-004753,laptop,macOS 13,fully_patched,False,guest,1
ALT-004754,tablet,Android 13,fully_patched,True,student,1
ALT-004755,laptop,Ubuntu 22.04,unpatched,False,guest,1
ALT-004756,raspberry_pi,Android 13,fully_patched,True,lab_admin,5
ALT-004757,unknown,Windows 11,fully_patched,False,guest,0
ALT-004758,server,Windows 11,fully_patched,True,faculty,4
ALT-004759,workstation,Unknown,partially_patched,True,lab_admin,2
ALT-004760,smartphone,Android 13,unpatched,False,guest,0
ALT-004761,workstation,Ubuntu 22.04,fully_patched,True,lab_admin,1
ALT-004762,smartphone,Android 13,fully_patched,True,student,0
ALT-004763,laptop,Ubuntu 22.04,fully_patched,True,faculty,5
ALT-004764,laptop,Android 13,fully_patched,True,student,1
ALT-004765,smartphone,Windows 11,fully_patched,True,student,0
ALT-004766,laptop,Ubuntu 22.04,partially_patched,True,student,2
ALT-004767,tablet,Windows 11,unpatched,True,student,2
ALT-004768,tablet,Ubuntu 22.04,fully_patched,True,student,4
ALT-004769,unknown,Windows 10,fully_patched,False,guest,2
ALT-004770,laptop,Unknown,fully_patched,False,guest,2
ALT-004771,unknown,Windows 11,fully_patched,False,guest,2
ALT-004772,smartphone,iOS 16,fully_patched,True,guest,0
ALT-004773,raspberry_pi,Ubuntu 22.04,fully_patched,True,faculty,0
ALT-004774,smartphone,Ubuntu 22.04,fully_patched,False,guest,3
ALT-004775,unknown,Windows 11,fully_patched,False,guest,1
ALT-004776,laptop,macOS 13,partially_patched,True,student,1
ALT-004777,smartphone,Ubuntu 22.04,partially_patched,False,guest,3
ALT-004778,smartphone,iOS 16,fully_patched,False,guest,1
ALT-004779,unknown,macOS 13,fully_patched,False,guest,0
ALT-004780,unknown,Android 13,fully_patched,False,guest,2
ALT-004781,unknown,unknown,unknown,,unknown,
ALT-004782,smartphone,macOS 13,fully_patched,False,guest,4
ALT-004783,smartphone,iOS 16,partially_patched,True,student,1
ALT-004784,unknown,Windows 11,unpatched,False,guest,4
ALT-004785,smartphone,Windows 11,unknown,False,guest,4
ALT-004786,server,Android 13,fully_patched,True,faculty,0
ALT-004787,unknown,unknown,unknown,,unknown,
ALT-004788,smartphone,Windows 10,partially_patched,True,student,1
ALT-004789,unknown,unknown,unknown,,unknown,
ALT-004790,laptop,Unknown,fully_patched,True,student,1
ALT-004791,unknown,Unknown,fully_patched,False,guest,5
ALT-004792,unknown,unknown,unknown,,unknown,
ALT-004793,unknown,iOS 16,unpatched,False,guest,1
ALT-004794,smartphone,Windows 10,fully_patched,False,guest,2
ALT-004795,unknown,iOS 16,fully_patched,False,guest,4
ALT-004796,workstation,Unknown,unpatched,True,faculty,0
ALT-004797,unknown,unknown,unknown,,unknown,
ALT-004798,laptop,Unknown,unknown,False,guest,3
ALT-004799,unknown,unknown,unknown,,unknown,
ALT-004800,unknown,Windows 11,partially_patched,False,guest,3
ALT-004801,laptop,Windows 10,fully_patched,True,student,2
ALT-004802,smartphone,Windows 10,fully_patched,False,guest,1
ALT-004803,unknown,Windows 10,unpatched,False,guest,2
ALT-004804,laptop,Windows 11,unknown,True,faculty,2
ALT-004805,laptop,Android 13,unpatched,False,guest,1
ALT-004806,laptop,iOS 16,unpatched,True,lab_admin,0
ALT-004807,tablet,Ubuntu 22.04,unpatched,True,student,0
ALT-004808,server,Windows 11,fully_patched,True,lab_admin,0
ALT-004809,tablet,Windows 10,unpatched,True,student,0
ALT-004810,laptop,Windows 11,partially_patched,True,student,3
ALT-004811,laptop,Windows 11,fully_patched,True,student,5
ALT-004812,unknown,Unknown,partially_patched,False,guest,4
ALT-004813,laptop,Windows 11,unknown,True,student,3
ALT-004814,laptop,Unknown,fully_patched,False,guest,4
ALT-004815,smartphone,Ubuntu 22.04,partially_patched,False,guest,2
ALT-004816,laptop,Android 13,partially_patched,True,guest,1
ALT-004817,laptop,Ubuntu 22.04,fully_patched,True,student,4
ALT-004818,server,macOS 13,fully_patched,True,faculty,1
ALT-004819,unknown,unknown,unknown,,unknown,
ALT-004820,smartphone,Unknown,partially_patched,False,guest,5
ALT-004821,laptop,Android 13,partially_patched,True,student,2
ALT-004822,laptop,Windows 10,partially_patched,True,student,0
ALT-004823,laptop,macOS 13,partially_patched,False,guest,0
ALT-004824,smartphone,iOS 16,unpatched,False,guest,3
ALT-004825,workstation,Android 13,unpatched,True,faculty,4
ALT-004826,tablet,iOS 16,partially_patched,True,student,1
ALT-004827,laptop,Unknown,fully_patched,False,guest,1
ALT-004828,workstation,iOS 16,fully_patched,True,lab_admin,5
ALT-004829,workstation,Android 13,fully_patched,True,faculty,2
ALT-004830,laptop,Windows 10,unpatched,False,guest,1
ALT-004831,smartphone,Windows 10,fully_patched,False,guest,3
ALT-004832,unknown,Ubuntu 22.04,partially_patched,False,guest,4
ALT-004833,unknown,Unknown,unknown,False,guest,4
ALT-004834,raspberry_pi,Ubuntu 22.04,fully_patched,True,faculty,0
ALT-004835,smartphone,Windows 11,fully_patched,True,student,4
ALT-004836,laptop,Unknown,partially_patched,True,student,5
ALT-004837,laptop,iOS 16,fully_patched,True,guest,0
ALT-004838,smartphone,Windows 10,fully_patched,False,guest,0
ALT-004839,unknown,iOS 16,fully_patched,False,guest,5
ALT-004840,unknown,Windows 11,partially_patched,False,guest,0
ALT-004841,unknown,iOS 16,partially_patched,False,guest,4
ALT-004842,smartphone,iOS 16,partially_patched,False,guest,3
ALT-004843,unknown,unknown,unknown,,unknown,
ALT-004844,smartphone,Unknown,fully_patched,True,student,5
ALT-004845,laptop,Windows 10,partially_patched,True,guest,1
ALT-004846,laptop,Ubuntu 22.04,fully_patched,True,student,1
ALT-004847,tablet,Windows 10,unpatched,True,student,1
ALT-004848,tablet,Windows 11,partially_patched,True,student,3
ALT-004849,tablet,iOS 16,fully_patched,True,student,5
ALT-004850,laptop,Windows 10,partially_patched,True,student,3
ALT-004851,laptop,Android 13,unpatched,False,guest,5
ALT-004852,smartphone,Windows 10,fully_patched,False,guest,5
ALT-004853,unknown,unknown,unknown,,unknown,
ALT-004854,unknown,unknown,unknown,,unknown,
ALT-004855,smartphone,Unknown,fully_patched,True,student,5
ALT-004856,smartphone,Unknown,unpatched,True,student,0
ALT-004857,smartphone,macOS 13,unpatched,False,guest,4
ALT-004858,tablet,Windows 10,partially_patched,True,student,4
ALT-004859,unknown,unknown,unknown,,unknown,
ALT-004860,workstation,Android 13,partially_patched,True,faculty,0
ALT-004861,laptop,Windows 11,partially_patched,True,student,4
ALT-004862,unknown,Ubuntu 22.04,fully_patched,False,guest,5
ALT-004863,unknown,unknown,unknown,,unknown,
ALT-004864,tablet,iOS 16,partially_patched,True,student,1
ALT-004865,smartphone,macOS 13,partially_patched,True,student,3
ALT-004866,tablet,Windows 10,unknown,True,student,4
ALT-004867,tablet,Windows 10,fully_patched,True,student,0
ALT-004868,laptop,Unknown,unpatched,False,guest,3
ALT-004869,unknown,unknown,unknown,,unknown,
ALT-004870,unknown,Windows 10,partially_patched,False,guest,3
ALT-004871,smartphone,Windows 11,fully_patched,False,guest,0
ALT-004872,unknown,unknown,unknown,,unknown,
ALT-004873,laptop,Ubuntu 22.04,partially_patched,False,guest,1
ALT-004874,laptop,iOS 16,fully_patched,False,guest,5
ALT-004875,smartphone,Unknown,fully_patched,False,guest,3
ALT-004876,unknown,macOS 13,fully_patched,False,guest,5
ALT-004877,tablet,Windows 10,fully_patched,True,student,4
ALT-004878,tablet,Unknown,partially_patched,True,student,2
ALT-004879,laptop,Ubuntu 22.04,fully_patched,True,student,2
ALT-004880,smartphone,Ubuntu 22.04,partially_patched,True,student,4
ALT-004881,unknown,unknown,unknown,,unknown,
ALT-004882,laptop,Windows 10,unknown,False,guest,1
ALT-004883,smartphone,macOS 13,partially_patched,False,guest,1
ALT-004884,tablet,macOS 13,partially_patched,True,student,5
ALT-004885,unknown,Unknown,fully_patched,False,guest,1
ALT-004886,smartphone,Android 13,fully_patched,True,student,5
ALT-004887,server,iOS 16,unpatched,True,faculty,3
ALT-004888,tablet,iOS 16,unknown,True,student,2
ALT-004889,laptop,Ubuntu 22.04,partially_patched,True,student,2
ALT-004890,smartphone,macOS 13,partially_patched,False,guest,4
ALT-004891,unknown,unknown,unknown,,unknown,
ALT-004892,laptop,Unknown,unpatched,False,guest,2
ALT-004893,unknown,Android 13,fully_patched,False,guest,4
ALT-004894,laptop,Windows 11,fully_patched,False,guest,5
ALT-004895,smartphone,Unknown,unknown,True,student,2
ALT-004896,unknown,Unknown,fully_patched,False,guest,2
ALT-004897,laptop,Windows 11,fully_patched,False,guest,3
ALT-004898,unknown,macOS 13,unpatched,False,guest,3
ALT-004899,unknown,unknown,unknown,,unknown,
ALT-004900,smartphone,iOS 16,fully_patched,True,student,4
ALT-004901,unknown,Unknown,unknown,False,guest,0
ALT-004902,laptop,macOS 13,fully_patched,False,guest,2
ALT-004903,smartphone,Windows 10,partially_patched,True,student,1
ALT-004904,unknown,Ubuntu 22.04,partially_patched,False,guest,5
ALT-004905,smartphone,macOS 13,fully_patched,True,student,2
ALT-004906,tablet,Android 13,fully_patched,False,guest,1
ALT-004907,unknown,unknown,unknown,,unknown,
ALT-004908,tablet,Windows 10,partially_patched,True,student,3
ALT-004909,laptop,Ubuntu 22.04,partially_patched,True,student,0
ALT-004910,smartphone,Ubuntu 22.04,fully_patched,True,student,3
ALT-004911,smartphone,Unknown,partially_patched,False,guest,5
ALT-004912,smartphone,Android 13,fully_patched,False,guest,5
ALT-004913,unknown,unknown,unknown,,unknown,
ALT-004914,laptop,Windows 11,fully_patched,True,faculty,0
ALT-004915,unknown,iOS 16,unpatched,False,guest,4
ALT-004916,smartphone,Android 13,unknown,False,guest,0
ALT-004917,laptop,macOS 13,fully_patched,True,student,2
ALT-004918,laptop,Unknown,partially_patched,False,guest,0
ALT-004919,laptop,Windows 10,partially_patched,True,student,3
ALT-004920,unknown,macOS 13,fully_patched,False,guest,1
ALT-004921,smartphone,Unknown,fully_patched,False,guest,2
ALT-004922,laptop,macOS 13,fully_patched,True,student,5
ALT-004923,smartphone,Ubuntu 22.04,fully_patched,False,guest,4
ALT-004924,smartphone,Ubuntu 22.04,fully_patched,True,student,5
ALT-004925,laptop,Android 13,partially_patched,False,guest,0
ALT-004926,workstation,Unknown,fully_patched,True,faculty,5
ALT-004927,smartphone,Android 13,fully_patched,False,guest,1
ALT-004928,workstation,macOS 13,fully_patched,True,faculty,1
ALT-004929,laptop,Android 13,fully_patched,False,guest,0
ALT-004930,workstation,iOS 16,fully_patched,True,lab_admin,2
ALT-004931,unknown,Ubuntu 22.04,fully_patched,False,guest,0
ALT-004932,tablet,iOS 16,unpatched,True,student,4
ALT-004933,laptop,Unknown,fully_patched,False,guest,2
ALT-004934,unknown,Unknown,fully_patched,False,guest,3
ALT-004935,unknown,macOS 13,partially_patched,False,guest,2
ALT-004936,smartphone,iOS 16,fully_patched,True,student,3
ALT-004937,smartphone,iOS 16,fully_patched,True,student,1
ALT-004938,unknown,unknown,unknown,,unknown,
ALT-004939,tablet,Windows 11,fully_patched,True,student,2
ALT-004940,unknown,unknown,unknown,,unknown,
ALT-004941,laptop,iOS 16,fully_patched,False,guest,3
ALT-004942,unknown,Ubuntu 22.04,unpatched,False,guest,4
ALT-004943,server,Ubuntu 22.04,fully_patched,True,lab_admin,2
ALT-004944,smartphone,macOS 13,partially_patched,False,guest,4
ALT-004945,unknown,Windows 11,partially_patched,False,guest,5
ALT-004946,smartphone,macOS 13,fully_patched,True,student,0
ALT-004947,smartphone,Windows 10,fully_patched,False,guest,3
ALT-004948,laptop,iOS 16,partially_patched,True,student,0
ALT-004949,raspberry_pi,iOS 16,partially_patched,True,faculty,3
ALT-004950,unknown,Unknown,unpatched,False,guest,8
ALT-004951,smartphone,Ubuntu 22.04,partially_patched,False,guest,3
ALT-004952,smartphone,macOS 13,partially_patched,False,guest,0
ALT-004953,smartphone,Android 13,partially_patched,True,student,4
ALT-004954,laptop,macOS 13,fully_patched,True,guest,0
ALT-004955,raspberry_pi,iOS 16,fully_patched,True,faculty,3
ALT-004956,laptop,Android 13,fully_patched,True,student,4
ALT-004957,smartphone,iOS 16,unpatched,True,student,4
ALT-004958,tablet,Unknown,partially_patched,True,student,4
ALT-004959,unknown,unknown,unknown,,unknown,
ALT-004960,workstation,macOS 13,fully_patched,True,faculty,5
ALT-004961,smartphone,macOS 13,partially_patched,False,guest,0
ALT-004962,smartphone,Unknown,fully_patched,False,guest,0
ALT-004963,laptop,Android 13,partially_patched,True,student,4
ALT-004964,server,Android 13,partially_patched,True,lab_admin,3
ALT-004965,laptop,Unknown,fully_patched,False,guest,1
ALT-004966,smartphone,Windows 10,fully_patched,False,guest,2
ALT-004967,unknown,Ubuntu 22.04,partially_patched,False,guest,5
ALT-004968,raspberry_pi,Unknown,fully_patched,True,faculty,5
ALT-004969,smartphone,Windows 11,fully_patched,False,guest,5
ALT-004970,unknown,Android 13,partially_patched,False,guest,5
ALT-004971,unknown,iOS 16,fully_patched,False,guest,0
ALT-004972,smartphone,Android 13,partially_patched,False,guest,4
ALT-004973,tablet,Windows 10,unpatched,True,student,0
ALT-004974,unknown,unknown,unknown,,unknown,
ALT-004975,unknown,macOS 13,unpatched,False,guest,4
ALT-004976,unknown,iOS 16,fully_patched,False,guest,4
ALT-004977,laptop,Windows 11,partially_patched,True,student,0
ALT-004978,unknown,Windows 10,fully_patched,False,guest,3
ALT-004979,workstation,Unknown,fully_patched,True,faculty,1
ALT-004980,unknown,Windows 11,fully_patched,False,guest,5
ALT-004981,tablet,Unknown,fully_patched,True,student,1
ALT-004982,unknown,iOS 16,partially_patched,False,guest,4
ALT-004983,smartphone,Android 13,fully_patched,False,guest,5
ALT-004984,smartphone,Android 13,unknown,True,student,2
ALT-004985,laptop,iOS 16,unknown,False,guest,5
ALT-004986,tablet,Android 13,fully_patched,False,guest,1
ALT-004987,workstation,Windows 10,partially_patched,True,faculty,1
ALT-004988,smartphone,Unknown,partially_patched,False,guest,1
ALT-004989,tablet,iOS 16,fully_patched,True,student,4
ALT-004990,raspberry_pi,macOS 13,partially_patched,True,faculty,3
ALT-004991,laptop,Android 13,fully_patched,True,lab_admin,2
ALT-004992,unknown,Windows 11,fully_patched,False,guest,2
ALT-004993,laptop,Android 13,fully_patched,True,student,5
ALT-004994,unknown,Windows 10,unpatched,False,guest,2
ALT-004995,smartphone,Unknown,unknown,False,guest,1
ALT-004996,smartphone,iOS 16,fully_patched,False,guest,2
ALT-004997,unknown,unknown,unknown,,unknown,
ALT-004998,laptop,Windows 11,unpatched,False,guest,4
ALT-004999,tablet,Unknown,fully_patched,True,student,1
ALT-005000,unknown,Unknown,fully_patched,False,guest,2
ALT-005001,server,Windows 11,fully_patched,True,lab_admin,0
ALT-005002,smartphone,Unknown,unpatched,True,student,2
ALT-005003,laptop,Unknown,unknown,False,guest,3
ALT-005004,laptop,iOS 16,partially_patched,False,guest,0
ALT-005005,unknown,unknown,unknown,,unknown,
ALT-005006,unknown,Windows 11,unpatched,False,guest,2
ALT-005007,smartphone,Unknown,unpatched,True,student,2
ALT-005008,laptop,Windows 10,fully_patched,False,guest,4
ALT-005009,raspberry_pi,Unknown,fully_patched,True,lab_admin,2
ALT-005010,smartphone,Ubuntu 22.04,fully_patched,False,guest,2
ALT-005011,workstation,Ubuntu 22.04,fully_patched,True,faculty,5
ALT-005012,tablet,Unknown,fully_patched,True,student,4
ALT-005013,unknown,unknown,unknown,,unknown,
ALT-005014,unknown,Ubuntu 22.04,fully_patched,False,guest,2
ALT-005015,unknown,Unknown,unpatched,False,guest,5
ALT-005016,smartphone,Unknown,fully_patched,False,guest,4
ALT-005017,unknown,unknown,unknown,,unknown,
ALT-005018,unknown,Android 13,fully_patched,False,guest,2
ALT-005019,laptop,Unknown,fully_patched,True,student,5
ALT-005020,laptop,Ubuntu 22.04,fully_patched,True,student,0
ALT-005021,unknown,macOS 13,partially_patched,False,guest,3
ALT-005022,unknown,Windows 11,fully_patched,False,guest,4
ALT-005023,laptop,macOS 13,partially_patched,False,guest,0
ALT-005024,laptop,Windows 10,fully_patched,False,guest,0
ALT-005025,tablet,Android 13,fully_patched,True,student,3
ALT-005026,smartphone,Windows 10,fully_patched,False,guest,0
ALT-005027,laptop,Unknown,fully_patched,False,guest,4
ALT-005028,raspberry_pi,Ubuntu 22.04,fully_patched,True,faculty,4
ALT-005029,tablet,macOS 13,partially_patched,True,student,5
ALT-005030,smartphone,Ubuntu 22.04,unpatched,False,guest,0
ALT-005031,smartphone,macOS 13,fully_patched,True,student,1
ALT-005032,laptop,Unknown,fully_patched,True,student,3
ALT-005033,unknown,unknown,unknown,,unknown,
ALT-005034,tablet,macOS 13,fully_patched,True,student,3
ALT-005035,laptop,Unknown,partially_patched,False,guest,5
ALT-005036,laptop,Ubuntu 22.04,unpatched,False,guest,1
ALT-005037,unknown,macOS 13,fully_patched,False,guest,0
ALT-005038,unknown,Android 13,fully_patched,False,guest,1
ALT-005039,smartphone,Windows 11,fully_patched,False,guest,3
ALT-005040,unknown,unknown,unknown,,unknown,
ALT-005041,unknown,unknown,unknown,,unknown,
ALT-005042,smartphone,Android 13,fully_patched,False,guest,4
ALT-005043,laptop,Unknown,fully_patched,True,student,4
ALT-005044,unknown,Windows 11,partially_patched,False,guest,4
ALT-005045,server,Windows 11,fully_patched,True,faculty,2
ALT-005046,unknown,Windows 10,unpatched,False,guest,5
ALT-005047,smartphone,macOS 13,fully_patched,True,student,3
ALT-005048,laptop,iOS 16,unknown,False,guest,3
ALT-005049,workstation,macOS 13,unpatched,True,faculty,1
ALT-005050,smartphone,Windows 10,partially_patched,False,guest,0
ALT-005051,laptop,Unknown,partially_patched,True,student,2
ALT-005052,laptop,iOS 16,unpatched,True,student,4
ALT-005053,server,Android 13,partially_patched,True,lab_admin,5
ALT-005054,tablet,Android 13,unpatched,True,student,1
ALT-005055,laptop,iOS 16,unknown,True,student,4
ALT-005056,unknown,Windows 11,unknown,False,guest,2
ALT-005057,laptop,Windows 10,partially_patched,True,student,0
ALT-005058,smartphone,iOS 16,unpatched,True,student,0
ALT-005059,tablet,Ubuntu 22.04,fully_patched,True,student,1
ALT-005060,laptop,iOS 16,fully_patched,False,guest,0
ALT-005061,unknown,iOS 16,fully_patched,False,guest,1
ALT-005062,tablet,Windows 10,fully_patched,True,student,2
ALT-005063,tablet,macOS 13,unpatched,True,student,2
ALT-005064,smartphone,Unknown,partially_patched,True,student,0
ALT-005065,laptop,Unknown,unpatched,True,student,3
ALT-005066,laptop,Windows 11,unpatched,True,faculty,4
ALT-005067,unknown,unknown,unknown,,unknown,
ALT-005068,laptop,Unknown,fully_patched,True,student,2
ALT-005069,unknown,macOS 13,fully_patched,False,guest,5
ALT-005070,unknown,macOS 13,fully_patched,False,guest,5
ALT-005071,laptop,Ubuntu 22.04,fully_patched,True,student,1
ALT-005072,laptop,Ubuntu 22.04,unknown,True,student,5
ALT-005073,tablet,iOS 16,fully_patched,False,guest,0
ALT-005074,smartphone,Windows 11,fully_patched,False,guest,1
ALT-005075,laptop,Windows 11,unpatched,True,student,0
ALT-005076,laptop,Unknown,partially_patched,True,student,2
ALT-005077,smartphone,iOS 16,unknown,True,student,2
ALT-005078,laptop,Windows 11,fully_patched,True,student,3
ALT-005079,workstation,Windows 11,unpatched,True,lab_admin,2
ALT-005080,smartphone,Unknown,fully_patched,False,guest,1
ALT-005081,unknown,iOS 16,fully_patched,False,guest,0
ALT-005082,laptop,Ubuntu 22.04,fully_patched,False,guest,1
ALT-005083,laptop,Unknown,fully_patched,False,guest,4
ALT-005084,laptop,Android 13,partially_patched,False,guest,2
ALT-005085,smartphone,iOS 16,fully_patched,True,guest,0
ALT-005086,laptop,Unknown,fully_patched,True,faculty,2
ALT-005087,smartphone,Windows 11,partially_patched,True,student,2
ALT-005088,smartphone,Windows 10,fully_patched,True,student,5
ALT-005089,unknown,iOS 16,unpatched,False,guest,1
ALT-005090,workstation,Unknown,partially_patched,True,lab_admin,0
ALT-005091,laptop,iOS 16,partially_patched,False,guest,1
ALT-005092,workstation,macOS 13,fully_patched,True,lab_admin,3
ALT-005093,tablet,Unknown,fully_patched,True,student,4
ALT-005094,smartphone,Windows 10,fully_patched,False,guest,5
ALT-005095,smartphone,Android 13,partially_patched,False,guest,4
ALT-005096,unknown,Windows 11,fully_patched,False,guest,0
ALT-005097,laptop,Ubuntu 22.04,fully_patched,True,student,0
ALT-005098,laptop,macOS 13,partially_patched,False,guest,2
ALT-005099,laptop,Android 13,partially_patched,False,guest,4
ALT-005100,laptop,iOS 16,unpatched,True,student,5
ALT-005101,unknown,unknown,unknown,,unknown,
ALT-005102,unknown,unknown,unknown,,unknown,
ALT-005103,server,iOS 16,fully_patched,True,faculty,4
ALT-005104,unknown,Android 13,partially_patched,False,guest,2
ALT-005105,laptop,iOS 16,fully_patched,False,guest,0
ALT-005106,laptop,macOS 13,partially_patched,True,faculty,3
ALT-005107,tablet,Ubuntu 22.04,unpatched,True,student,4
ALT-005108,workstation,iOS 16,fully_patched,True,faculty,3
ALT-005109,smartphone,Android 13,fully_patched,True,student,0
ALT-005110,smartphone,iOS 16,fully_patched,False,guest,3
ALT-005111,laptop,Windows 10,unpatched,False,guest,4
ALT-005112,unknown,macOS 13,fully_patched,False,guest,5
ALT-005113,laptop,Windows 10,partially_patched,True,student,1
ALT-005114,unknown,unknown,unknown,,unknown,
ALT-005115,unknown,unknown,unknown,,unknown,
ALT-005116,laptop,Windows 11,unknown,False,guest,3
ALT-005117,laptop,iOS 16,fully_patched,False,guest,0
ALT-005118,unknown,Windows 10,fully_patched,False,guest,3
ALT-005119,workstation,Android 13,fully_patched,True,faculty,5
ALT-005120,unknown,unknown,unknown,,unknown,
ALT-005121,laptop,Unknown,partially_patched,True,student,2
ALT-005122,tablet,Android 13,fully_patched,True,student,5
ALT-005123,laptop,Ubuntu 22.04,partially_patched,True,student,1
ALT-005124,unknown,Windows 10,fully_patched,False,guest,0
ALT-005125,smartphone,macOS 13,partially_patched,True,student,3
ALT-005126,server,Android 13,partially_patched,True,lab_admin,1
ALT-005127,smartphone,macOS 13,fully_patched,False,guest,3
ALT-005128,laptop,Windows 11,fully_patched,True,student,4
ALT-005129,laptop,Unknown,fully_patched,False,guest,5
ALT-005130,unknown,Windows 10,fully_patched,False,guest,0
ALT-005131,smartphone,Android 13,fully_patched,True,student,0
ALT-005132,smartphone,Windows 11,partially_patched,False,guest,2
ALT-005133,tablet,Unknown,fully_patched,True,student,2
ALT-005134,unknown,macOS 13,fully_patched,False,guest,3
ALT-005135,tablet,Windows 11,fully_patched,True,student,4
ALT-005136,smartphone,macOS 13,fully_patched,True,student,1
ALT-005137,unknown,Windows 11,fully_patched,False,guest,1
ALT-005138,laptop,Windows 11,fully_patched,False,guest,0
ALT-005139,laptop,macOS 13,partially_patched,True,student,2
ALT-005140,laptop,Windows 10,fully_patched,True,student,5
ALT-005141,tablet,Windows 11,fully_patched,True,student,0
ALT-005142,smartphone,Unknown,fully_patched,False,guest,5
ALT-005143,smartphone,Android 13,fully_patched,True,student,2
ALT-005144,smartphone,Windows 11,fully_patched,False,guest,1
ALT-005145,smartphone,Windows 10,fully_patched,True,student,0
ALT-005146,unknown,macOS 13,unpatched,False,guest,1
ALT-005147,smartphone,Windows 10,partially_patched,False,guest,3
ALT-005148,unknown,Unknown,fully_patched,False,guest,0
ALT-005149,workstation,Windows 10,fully_patched,True,faculty,5
ALT-005150,tablet,Windows 11,unpatched,True,student,1
ALT-005151,laptop,Windows 10,partially_patched,True,student,0
ALT-005152,smartphone,Unknown,partially_patched,True,student,1
ALT-005153,laptop,Unknown,fully_patched,False,guest,2
ALT-005154,workstation,Ubuntu 22.04,partially_patched,True,lab_admin,1
ALT-005155,unknown,macOS 13,partially_patched,False,guest,1
ALT-005156,tablet,Android 13,partially_patched,True,student,3
ALT-005157,laptop,Windows 11,fully_patched,True,student,0
ALT-005158,smartphone,Windows 11,fully_patched,True,student,3
ALT-005159,laptop,Android 13,fully_patched,True,student,3
ALT-005160,smartphone,Windows 10,fully_patched,False,guest,1
ALT-005161,laptop,iOS 16,partially_patched,False,guest,4
ALT-005162,smartphone,Android 13,fully_patched,False,guest,1
ALT-005163,laptop,macOS 13,fully_patched,True,student,3
ALT-005164,smartphone,Ubuntu 22.04,fully_patched,False,guest,1
ALT-005165,laptop,macOS 13,partially_patched,False,guest,5
ALT-005166,smartphone,Ubuntu 22.04,fully_patched,True,student,3
ALT-005167,laptop,Windows 10,fully_patched,True,lab_admin,0
ALT-005168,unknown,macOS 13,partially_patched,False,guest,2
ALT-005169,smartphone,iOS 16,fully_patched,False,guest,2
ALT-005170,laptop,Ubuntu 22.04,unpatched,True,student,4
ALT-005171,tablet,macOS 13,partially_patched,True,student,2
ALT-005172,unknown,unknown,unknown,,unknown,
ALT-005173,laptop,Ubuntu 22.04,fully_patched,True,faculty,1
ALT-005174,server,iOS 16,fully_patched,True,lab_admin,3
ALT-005175,tablet,Android 13,fully_patched,True,student,2
ALT-005176,laptop,Android 13,fully_patched,True,faculty,2
ALT-005177,raspberry_pi,Windows 10,partially_patched,True,faculty,5
ALT-005178,laptop,Unknown,partially_patched,True,lab_admin,4
ALT-005179,workstation,Windows 11,fully_patched,True,lab_admin,0
ALT-005180,smartphone,macOS 13,fully_patched,True,student,2
ALT-005181,laptop,Android 13,partially_patched,True,student,4
ALT-005182,smartphone,Windows 11,fully_patched,True,student,0
ALT-005183,laptop,iOS 16,partially_patched,True,student,5
ALT-005184,laptop,macOS 13,fully_patched,True,faculty,4
ALT-005185,smartphone,Windows 10,fully_patched,False,guest,3
ALT-005186,smartphone,Unknown,partially_patched,True,student,2
ALT-005187,smartphone,Ubuntu 22.04,unknown,False,guest,5
ALT-005188,tablet,Windows 11,partially_patched,True,student,3
ALT-005189,laptop,Windows 10,fully_patched,False,guest,0
ALT-005190,smartphone,Windows 10,partially_patched,True,student,0
ALT-005191,server,Windows 10,fully_patched,True,lab_admin,5
ALT-005192,tablet,Android 13,unpatched,True,student,1
ALT-005193,smartphone,iOS 16,fully_patched,True,student,1
ALT-005194,laptop,Unknown,fully_patched,False,guest,3
ALT-005195,laptop,Windows 11,partially_patched,False,guest,2
ALT-005196,laptop,iOS 16,fully_patched,True,student,5
ALT-005197,unknown,Android 13,fully_patched,False,guest,5
ALT-005198,unknown,Unknown,fully_patched,False,guest,2
ALT-005199,laptop,Ubuntu 22.04,unpatched,True,student,5
ALT-005200,tablet,Ubuntu 22.04,unpatched,True,student,3
ALT-005201,unknown,unknown,unknown,,unknown,
ALT-005202,unknown,Windows 10,unpatched,False,guest,1
ALT-005203,smartphone,Windows 11,unpatched,False,guest,3
ALT-005204,tablet,Windows 10,partially_patched,True,student,3
ALT-005205,laptop,macOS 13,partially_patched,True,student,0
ALT-005206,laptop,Windows 10,fully_patched,True,student,3
ALT-005207,workstation,Android 13,fully_patched,True,lab_admin,5
ALT-005208,raspberry_pi,Windows 11,partially_patched,True,faculty,4
ALT-005209,smartphone,Windows 10,fully_patched,True,student,4
ALT-005210,smartphone,Windows 10,partially_patched,True,student,1
ALT-005211,smartphone,macOS 13,unpatched,True,student,5
ALT-005212,laptop,Windows 10,partially_patched,True,student,0
ALT-005213,smartphone,Ubuntu 22.04,fully_patched,False,guest,3
ALT-005214,smartphone,Windows 10,fully_patched,True,guest,0
ALT-005215,unknown,Unknown,unpatched,False,guest,5
ALT-005216,tablet,Windows 10,partially_patched,True,student,2
ALT-005217,tablet,iOS 16,fully_patched,True,student,3
ALT-005218,unknown,unknown,unknown,,unknown,
ALT-005219,laptop,Unknown,fully_patched,True,student,0
ALT-005220,tablet,Ubuntu 22.04,partially_patched,True,student,2
ALT-005221,smartphone,iOS 16,partially_patched,True,student,0
ALT-005222,unknown,unknown,unknown,,unknown,
ALT-005223,smartphone,Windows 11,fully_patched,True,student,0
ALT-005224,tablet,Windows 10,partially_patched,True,student,4
ALT-005225,laptop,Ubuntu 22.04,fully_patched,False,guest,4
ALT-005226,unknown,unknown,unknown,,unknown,
ALT-005227,smartphone,Android 13,fully_patched,True,student,2
ALT-005228,unknown,unknown,unknown,,unknown,
ALT-005229,smartphone,macOS 13,partially_patched,False,guest,1
ALT-005230,smartphone,Unknown,fully_patched,True,student,0
ALT-005231,unknown,Windows 11,fully_patched,False,guest,5
ALT-005232,smartphone,Windows 10,fully_patched,False,guest,1
ALT-005233,smartphone,Unknown,fully_patched,False,guest,0
ALT-005234,raspberry_pi,Windows 11,fully_patched,True,lab_admin,4
ALT-005235,unknown,macOS 13,partially_patched,False,guest,4
ALT-005236,smartphone,Unknown,partially_patched,False,guest,5
ALT-005237,unknown,unknown,unknown,,unknown,
ALT-005238,laptop,macOS 13,partially_patched,False,guest,3
ALT-005239,laptop,Windows 10,fully_patched,False,guest,2
ALT-005240,laptop,Unknown,partially_patched,True,student,4
ALT-005241,smartphone,Unknown,unpatched,False,guest,3
ALT-005242,laptop,Windows 10,partially_patched,True,student,3
ALT-005243,unknown,Unknown,fully_patched,False,guest,5
ALT-005244,laptop,Unknown,unpatched,True,student,4
ALT-005245,workstation,Android 13,partially_patched,True,faculty,0
ALT-005246,raspberry_pi,iOS 16,fully_patched,True,lab_admin,0
ALT-005247,server,Unknown,fully_patched,True,faculty,3
ALT-005248,laptop,Android 13,fully_patched,True,student,5
ALT-005249,unknown,Unknown,fully_patched,False,guest,4
ALT-005250,laptop,Android 13,partially_patched,True,lab_admin,1
ALT-005251,unknown,Android 13,fully_patched,False,guest,4
ALT-005252,laptop,macOS 13,unpatched,True,student,5
ALT-005253,laptop,Windows 10,fully_patched,False,guest,4
ALT-005254,laptop,Windows 10,fully_patched,True,student,1
ALT-005255,laptop,Windows 11,fully_patched,False,guest,5
ALT-005256,laptop,macOS 13,unpatched,False,guest,5
ALT-005257,tablet,Android 13,unpatched,True,student,0
ALT-005258,smartphone,iOS 16,partially_patched,False,guest,1
ALT-005259,laptop,Ubuntu 22.04,fully_patched,True,student,1
ALT-005260,laptop,Windows 11,unpatched,False,guest,3
ALT-005261,unknown,unknown,unknown,,unknown,
ALT-005262,unknown,unknown,unknown,,unknown,
ALT-005263,tablet,Windows 11,unknown,True,student,2
ALT-005264,workstation,Unknown,partially_patched,True,lab_admin,4
ALT-005265,laptop,Windows 11,partially_patched,False,guest,3
ALT-005266,tablet,iOS 16,fully_patched,True,student,3
ALT-005267,workstation,Windows 11,unpatched,True,faculty,3
ALT-005268,smartphone,iOS 16,fully_patched,True,student,0
ALT-005269,smartphone,Unknown,partially_patched,True,student,1
ALT-005270,laptop,Unknown,fully_patched,True,student,5
ALT-005271,laptop,Unknown,partially_patched,False,guest,2
ALT-005272,unknown,Windows 10,unpatched,False,guest,0
ALT-005273,laptop,iOS 16,unknown,False,guest,3
ALT-005274,laptop,Android 13,unpatched,True,student,3
ALT-005275,laptop,Unknown,partially_patched,True,student,0
ALT-005276,smartphone,macOS 13,fully_patched,False,guest,5
ALT-005277,laptop,Android 13,fully_patched,True,student,3
ALT-005278,smartphone,Android 13,unpatched,False,guest,0
ALT-005279,laptop,iOS 16,unpatched,False,guest,0
ALT-005280,smartphone,Windows 11,partially_patched,False,guest,4
ALT-005281,smartphone,Unknown,partially_patched,False,guest,0
ALT-005282,laptop,Windows 10,partially_patched,False,guest,2
ALT-005283,laptop,Android 13,partially_patched,True,lab_admin,3
ALT-005284,laptop,Unknown,fully_patched,False,guest,5
ALT-005285,tablet,Android 13,partially_patched,True,student,3
ALT-005286,workstation,Android 13,fully_patched,True,faculty,2
ALT-005287,smartphone,Android 13,partially_patched,True,student,4
ALT-005288,unknown,unknown,unknown,,unknown,
ALT-005289,smartphone,Windows 10,fully_patched,True,student,0
ALT-005290,raspberry_pi,macOS 13,unpatched,True,lab_admin,5
ALT-005291,tablet,iOS 16,unknown,True,student,2
ALT-005292,tablet,Windows 11,partially_patched,True,student,0
ALT-005293,raspberry_pi,macOS 13,unpatched,True,lab_admin,0
ALT-005294,laptop,macOS 13,unpatched,False,guest,2
ALT-005295,laptop,Windows 10,unpatched,False,guest,3
ALT-005296,smartphone,Android 13,fully_patched,False,guest,1
ALT-005297,laptop,Windows 11,partially_patched,False,guest,4
ALT-005298,laptop,Unknown,unpatched,True,lab_admin,1
ALT-005299,laptop,Windows 11,fully_patched,False,guest,2
ALT-005300,laptop,Ubuntu 22.04,partially_patched,True,student,2
ALT-005301,laptop,iOS 16,partially_patched,True,student,1
ALT-005302,smartphone,Windows 10,fully_patched,False,guest,1
ALT-005303,tablet,Ubuntu 22.04,unpatched,True,student,3
ALT-005304,unknown,iOS 16,partially_patched,False,guest,0
ALT-005305,unknown,Windows 11,partially_patched,False,guest,3
ALT-005306,laptop,Windows 10,fully_patched,True,student,1
ALT-005307,smartphone,Android 13,partially_patched,True,student,0
ALT-005308,laptop,Ubuntu 22.04,partially_patched,True,lab_admin,0
ALT-005309,smartphone,Windows 11,fully_patched,False,guest,0
ALT-005310,unknown,macOS 13,fully_patched,False,guest,2
ALT-005311,unknown,unknown,unknown,,unknown,
ALT-005312,smartphone,Windows 11,fully_patched,False,guest,0
ALT-005313,unknown,Unknown,unpatched,False,guest,0
ALT-005314,laptop,Android 13,fully_patched,True,student,2
ALT-005315,tablet,Android 13,unpatched,True,student,3
ALT-005316,unknown,iOS 16,fully_patched,False,guest,5
ALT-005317,laptop,Android 13,fully_patched,False,guest,1
ALT-005318,smartphone,Windows 11,fully_patched,True,student,1
ALT-005319,workstation,Windows 10,unpatched,True,faculty,0
ALT-005320,unknown,Android 13,fully_patched,False,guest,1
ALT-005321,laptop,iOS 16,fully_patched,False,guest,0
ALT-005322,smartphone,iOS 16,fully_patched,True,guest,0
ALT-005323,unknown,macOS 13,fully_patched,False,guest,1
ALT-005324,smartphone,iOS 16,fully_patched,True,student,2
ALT-005325,laptop,Windows 11,fully_patched,True,student,5
ALT-005326,unknown,Windows 10,partially_patched,False,guest,5
ALT-005327,laptop,macOS 13,unknown,True,student,0
ALT-005328,unknown,unknown,unknown,,unknown,
ALT-005329,unknown,Android 13,fully_patched,False,guest,1
ALT-005330,unknown,unknown,unknown,,unknown,
ALT-005331,smartphone,iOS 16,partially_patched,False,guest,4
ALT-005332,unknown,Unknown,partially_patched,False,guest,4
ALT-005333,laptop,iOS 16,unpatched,False,guest,5
ALT-005334,unknown,unknown,unknown,,unknown,
ALT-005335,unknown,macOS 13,fully_patched,False,guest,2
ALT-005336,laptop,Windows 11,partially_patched,False,guest,3
ALT-005337,laptop,Unknown,unknown,True,student,1
ALT-005338,smartphone,Android 13,partially_patched,True,student,4
ALT-005339,laptop,Unknown,fully_patched,False,guest,2
ALT-005340,laptop,Windows 10,fully_patched,False,guest,3
ALT-005341,unknown,macOS 13,fully_patched,False,guest,5
ALT-005342,laptop,macOS 13,partially_patched,True,student,1
ALT-005343,unknown,Ubuntu 22.04,partially_patched,False,guest,5
ALT-005344,laptop,Ubuntu 22.04,partially_patched,True,student,4
ALT-005345,smartphone,Android 13,partially_patched,False,guest,1
ALT-005346,workstation,iOS 16,partially_patched,True,faculty,3
ALT-005347,unknown,unknown,unknown,,unknown,
ALT-005348,unknown,unknown,unknown,,unknown,
ALT-005349,unknown,unknown,unknown,,unknown,
ALT-005350,smartphone,macOS 13,partially_patched,False,guest,4
ALT-005351,laptop,Android 13,partially_patched,False,guest,0
ALT-005352,workstation,Windows 11,unknown,True,faculty,5
ALT-005353,unknown,unknown,unknown,,unknown,
ALT-005354,tablet,Windows 10,fully_patched,True,student,4
ALT-005355,laptop,Unknown,fully_patched,True,student,0
ALT-005356,unknown,Windows 10,partially_patched,False,guest,5
ALT-005357,laptop,iOS 16,partially_patched,True,student,0
ALT-005358,unknown,unknown,unknown,,unknown,
ALT-005359,tablet,Android 13,fully_patched,True,student,1
ALT-005360,smartphone,macOS 13,partially_patched,True,student,2
ALT-005361,laptop,Android 13,fully_patched,True,student,4
ALT-005362,unknown,unknown,unknown,,unknown,
ALT-005363,tablet,Ubuntu 22.04,unknown,True,student,2
ALT-005364,smartphone,iOS 16,fully_patched,False,guest,0
ALT-005365,unknown,iOS 16,unpatched,False,guest,5
ALT-005366,smartphone,Windows 11,fully_patched,False,guest,5
ALT-005367,laptop,macOS 13,fully_patched,True,lab_admin,0
ALT-005368,unknown,unknown,unknown,,unknown,
ALT-005369,laptop,macOS 13,fully_patched,True,student,1
ALT-005370,laptop,macOS 13,unpatched,False,guest,5
ALT-005371,server,Windows 11,fully_patched,True,faculty,3
ALT-005372,smartphone,iOS 16,fully_patched,False,guest,2
ALT-005373,laptop,Unknown,fully_patched,False,guest,5
ALT-005374,unknown,iOS 16,partially_patched,False,guest,4
ALT-005375,laptop,macOS 13,partially_patched,False,guest,2
ALT-005376,smartphone,Ubuntu 22.04,fully_patched,False,guest,2
ALT-005377,smartphone,macOS 13,partially_patched,True,student,4
ALT-005378,laptop,Windows 10,fully_patched,True,student,2
ALT-005379,smartphone,Unknown,fully_patched,True,student,0
ALT-005380,smartphone,Windows 10,unpatched,False,guest,4
ALT-005381,smartphone,Unknown,fully_patched,False,guest,5
ALT-005382,smartphone,macOS 13,fully_patched,False,guest,4
ALT-005383,laptop,macOS 13,fully_patched,True,lab_admin,4
ALT-005384,smartphone,Windows 11,partially_patched,True,guest,0
ALT-005385,unknown,Ubuntu 22.04,partially_patched,False,guest,4
ALT-005386,smartphone,Windows 10,unpatched,True,student,1
ALT-005387,unknown,unknown,unknown,,unknown,
ALT-005388,unknown,Unknown,fully_patched,False,guest,5
ALT-005389,unknown,Android 13,fully_patched,False,guest,5
ALT-005390,unknown,unknown,unknown,,unknown,
ALT-005391,laptop,Windows 10,fully_patched,False,guest,0
ALT-005392,unknown,unknown,unknown,,unknown,
ALT-005393,raspberry_pi,Windows 11,fully_patched,True,lab_admin,2
ALT-005394,laptop,macOS 13,partially_patched,True,student,2
ALT-005395,unknown,unknown,unknown,,unknown,
ALT-005396,laptop,Windows 10,partially_patched,False,guest,3
ALT-005397,workstation,Ubuntu 22.04,fully_patched,True,faculty,0
ALT-005398,smartphone,iOS 16,partially_patched,False,guest,0
ALT-005399,laptop,Windows 10,fully_patched,True,student,3
ALT-005400,laptop,Unknown,fully_patched,True,faculty,2
ALT-005401,tablet,Windows 11,fully_patched,True,student,3
ALT-005402,smartphone,Ubuntu 22.04,fully_patched,True,student,5
ALT-005403,laptop,Windows 10,fully_patched,True,student,1
ALT-005404,smartphone,iOS 16,fully_patched,True,student,0
ALT-005405,smartphone,Unknown,fully_patched,False,guest,3
ALT-005406,smartphone,Ubuntu 22.04,fully_patched,True,student,1
ALT-005407,smartphone,Android 13,partially_patched,True,student,0
ALT-005408,unknown,unknown,unknown,,unknown,
ALT-005409,unknown,Windows 10,fully_patched,False,guest,1
ALT-005410,smartphone,Windows 10,partially_patched,False,guest,1
ALT-005411,smartphone,Windows 10,fully_patched,False,guest,5
ALT-005412,smartphone,Unknown,unpatched,False,guest,5
ALT-005413,laptop,iOS 16,fully_patched,False,guest,2
ALT-005414,unknown,Android 13,unknown,False,guest,3
ALT-005415,smartphone,iOS 16,fully_patched,False,guest,3
ALT-005416,unknown,unknown,unknown,,unknown,
ALT-005417,unknown,Android 13,fully_patched,False,guest,1
ALT-005418,laptop,Ubuntu 22.04,partially_patched,True,student,0
ALT-005419,raspberry_pi,Windows 11,fully_patched,True,faculty,5
ALT-005420,smartphone,macOS 13,unpatched,False,guest,3
ALT-005421,smartphone,macOS 13,fully_patched,False,guest,4
ALT-005422,smartphone,iOS 16,fully_patched,False,guest,1
ALT-005423,smartphone,Android 13,partially_patched,False,guest,5
ALT-005424,tablet,macOS 13,fully_patched,True,student,4
ALT-005425,laptop,iOS 16,fully_patched,False,guest,4
ALT-005426,server,Android 13,partially_patched,True,faculty,0
ALT-005427,unknown,iOS 16,fully_patched,False,guest,5
ALT-005428,unknown,unknown,unknown,,unknown,
ALT-005429,smartphone,Ubuntu 22.04,partially_patched,True,student,4
ALT-005430,laptop,Android 13,unpatched,False,guest,0
ALT-005431,unknown,Unknown,fully_patched,False,guest,2
ALT-005432,unknown,Ubuntu 22.04,fully_patched,False,guest,5
ALT-005433,unknown,Windows 11,fully_patched,False,guest,3
ALT-005434,smartphone,Windows 11,unpatched,False,guest,1
ALT-005435,laptop,iOS 16,fully_patched,True,lab_admin,4
ALT-005436,smartphone,macOS 13,fully_patched,False,guest,3
ALT-005437,laptop,Android 13,fully_patched,False,guest,2
ALT-005438,smartphone,macOS 13,partially_patched,False,guest,4
ALT-005439,unknown,Android 13,fully_patched,False,guest,3
ALT-005440,smartphone,Windows 10,fully_patched,False,guest,4
ALT-005441,laptop,Windows 10,partially_patched,False,guest,2
ALT-005442,laptop,iOS 16,partially_patched,True,student,3
ALT-005443,laptop,iOS 16,partially_patched,False,guest,1
ALT-005444,unknown,Windows 10,partially_patched,False,guest,2
ALT-005445,laptop,Windows 10,fully_patched,True,student,1
ALT-005446,laptop,macOS 13,partially_patched,False,guest,4
ALT-005447,unknown,Windows 10,unpatched,False,guest,1
ALT-005448,laptop,Ubuntu 22.04,partially_patched,False,guest,5
ALT-005449,unknown,Windows 11,fully_patched,False,guest,0
ALT-005450,unknown,Unknown,fully_patched,False,guest,1
ALT-005451,smartphone,Windows 10,fully_patched,False,guest,2
ALT-005452,unknown,unknown,unknown,,unknown,
ALT-005453,unknown,unknown,unknown,,unknown,
ALT-005454,unknown,unknown,unknown,,unknown,
ALT-005455,workstation,Ubuntu 22.04,fully_patched,True,faculty,1
ALT-005456,unknown,Unknown,fully_patched,False,guest,0
ALT-005457,smartphone,Windows 11,partially_patched,True,student,5
ALT-005458,laptop,macOS 13,partially_patched,True,faculty,1
ALT-005459,smartphone,Unknown,partially_patched,False,guest,5
ALT-005460,tablet,Windows 10,fully_patched,True,student,3
ALT-005461,laptop,Windows 10,partially_patched,False,guest,5
ALT-005462,smartphone,Windows 10,fully_patched,True,student,3
ALT-005463,tablet,Unknown,fully_patched,True,student,3
ALT-005464,workstation,Windows 10,partially_patched,True,lab_admin,2
ALT-005465,unknown,macOS 13,fully_patched,False,guest,0
ALT-005466,laptop,Windows 11,partially_patched,False,guest,5
ALT-005467,tablet,Windows 10,partially_patched,True,student,5
ALT-005468,unknown,unknown,unknown,,unknown,
ALT-005469,laptop,Ubuntu 22.04,fully_patched,True,student,1
ALT-005470,raspberry_pi,Windows 11,partially_patched,True,lab_admin,4
ALT-005471,tablet,macOS 13,partially_patched,True,student,4
ALT-005472,smartphone,Unknown,partially_patched,False,guest,2
ALT-005473,tablet,Windows 11,partially_patched,True,student,2
ALT-005474,workstation,Unknown,fully_patched,True,lab_admin,1
ALT-005475,unknown,Ubuntu 22.04,partially_patched,False,guest,0
ALT-005476,workstation,iOS 16,partially_patched,True,lab_admin,5
ALT-005477,tablet,Ubuntu 22.04,fully_patched,True,student,0
ALT-005478,laptop,iOS 16,partially_patched,False,guest,1
ALT-005479,workstation,Ubuntu 22.04,fully_patched,True,lab_admin,0
ALT-005480,laptop,Android 13,partially_patched,True,guest,0
ALT-005481,unknown,Windows 10,partially_patched,False,guest,1
ALT-005482,laptop,iOS 16,fully_patched,False,guest,0
ALT-005483,unknown,unknown,unknown,,unknown,
ALT-005484,unknown,unknown,unknown,,unknown,
ALT-005485,smartphone,Unknown,fully_patched,True,student,0
ALT-005486,laptop,Windows 11,fully_patched,False,guest,0
ALT-005487,server,Windows 11,partially_patched,True,lab_admin,3
ALT-005488,laptop,Unknown,unpatched,False,guest,4
ALT-005489,laptop,iOS 16,unpatched,True,student,4
ALT-005490,laptop,macOS 13,fully_patched,False,guest,1
ALT-005491,smartphone,Windows 11,partially_patched,False,guest,4
ALT-005492,smartphone,macOS 13,fully_patched,True,student,0
ALT-005493,smartphone,Android 13,fully_patched,False,guest,4
ALT-005494,tablet,macOS 13,partially_patched,True,student,2
ALT-005495,laptop,Unknown,unpatched,False,guest,3
ALT-005496,tablet,Windows 11,unpatched,True,student,0
ALT-005497,unknown,iOS 16,unpatched,False,guest,0
ALT-005498,server,macOS 13,unpatched,True,faculty,1
ALT-005499,smartphone,Windows 10,partially_patched,False,guest,3
ALT-005500,unknown,iOS 16,unpatched,False,guest,2
ALT-005501,workstation,macOS 13,partially_patched,True,lab_admin,2
ALT-005502,smartphone,Ubuntu 22.04,unknown,False,guest,2
ALT-005503,laptop,Windows 10,partially_patched,True,student,3
ALT-005504,workstation,Unknown,fully_patched,True,faculty,4
ALT-005505,laptop,Android 13,partially_patched,False,guest,4
ALT-005506,server,Windows 11,fully_patched,True,faculty,0
ALT-005507,unknown,unknown,unknown,,unknown,
ALT-005508,smartphone,Android 13,partially_patched,True,student,0
ALT-005509,laptop,Ubuntu 22.04,fully_patched,True,student,1
ALT-005510,laptop,Unknown,fully_patched,False,guest,2
ALT-005511,laptop,macOS 13,unpatched,True,student,1
ALT-005512,smartphone,Android 13,partially_patched,False,guest,5
ALT-005513,tablet,Windows 10,fully_patched,True,student,2
ALT-005514,laptop,macOS 13,partially_patched,True,lab_admin,4
ALT-005515,tablet,iOS 16,partially_patched,True,student,2
ALT-005516,laptop,Ubuntu 22.04,unpatched,False,guest,2
ALT-005517,tablet,macOS 13,unpatched,True,student,1
ALT-005518,tablet,Windows 11,partially_patched,True,student,4
ALT-005519,unknown,Unknown,fully_patched,False,guest,2
ALT-005520,smartphone,iOS 16,fully_patched,False,guest,3
ALT-005521,unknown,Android 13,partially_patched,False,guest,4
ALT-005522,laptop,Ubuntu 22.04,fully_patched,False,guest,3
ALT-005523,laptop,macOS 13,unknown,False,guest,5
ALT-005524,workstation,Windows 11,fully_patched,True,lab_admin,2
ALT-005525,smartphone,iOS 16,partially_patched,False,guest,5
ALT-005526,unknown,Windows 11,partially_patched,False,guest,5
ALT-005527,unknown,Unknown,partially_patched,False,guest,3
ALT-005528,workstation,Ubuntu 22.04,unpatched,True,lab_admin,3
ALT-005529,smartphone,macOS 13,partially_patched,False,guest,2
ALT-005530,unknown,Android 13,fully_patched,False,guest,1
ALT-005531,unknown,Windows 10,partially_patched,False,guest,4
ALT-005532,smartphone,Windows 10,unpatched,False,guest,2
ALT-005533,smartphone,Ubuntu 22.04,partially_patched,True,student,0
ALT-005534,smartphone,Android 13,fully_patched,False,guest,5
ALT-005535,unknown,unknown,unknown,,unknown,
ALT-005536,unknown,Ubuntu 22.04,partially_patched,False,guest,1
ALT-005537,unknown,Ubuntu 22.04,fully_patched,False,guest,2
ALT-005538,smartphone,macOS 13,fully_patched,True,student,2
ALT-005539,laptop,macOS 13,partially_patched,True,student,4
ALT-005540,laptop,Unknown,unknown,True,student,1
ALT-005541,unknown,unknown,unknown,,unknown,
ALT-005542,laptop,Ubuntu 22.04,fully_patched,False,guest,0
ALT-005543,smartphone,Windows 11,fully_patched,True,student,0
ALT-005544,smartphone,Unknown,unknown,False,guest,5
ALT-005545,smartphone,Windows 11,partially_patched,True,student,0
ALT-005546,laptop,Windows 11,partially_patched,False,guest,5
ALT-005547,smartphone,iOS 16,fully_patched,False,guest,4
ALT-005548,laptop,macOS 13,unpatched,True,student,5
ALT-005549,smartphone,Android 13,unpatched,False,guest,2
ALT-005550,smartphone,Windows 11,partially_patched,False,guest,4
ALT-005551,tablet,Windows 10,fully_patched,True,student,0
ALT-005552,unknown,Unknown,partially_patched,False,guest,4
ALT-005553,laptop,Windows 11,fully_patched,False,guest,4
ALT-005554,smartphone,iOS 16,partially_patched,False,guest,2
ALT-005555,laptop,Windows 11,partially_patched,True,student,2
ALT-005556,smartphone,iOS 16,partially_patched,False,guest,2
ALT-005557,laptop,iOS 16,fully_patched,True,student,0
ALT-005558,tablet,Ubuntu 22.04,partially_patched,True,student,5
ALT-005559,tablet,Android 13,fully_patched,True,guest,0
ALT-005560,smartphone,Android 13,fully_patched,False,guest,0
ALT-005561,smartphone,Windows 11,fully_patched,True,guest,0
ALT-005562,workstation,iOS 16,partially_patched,True,lab_admin,0
ALT-005563,laptop,Windows 10,fully_patched,False,guest,3
ALT-005564,smartphone,macOS 13,fully_patched,False,guest,4
ALT-005565,smartphone,Windows 11,unpatched,False,guest,4
ALT-005566,tablet,Unknown,fully_patched,True,student,0
ALT-005567,unknown,Windows 11,unpatched,False,guest,0
ALT-005568,laptop,Ubuntu 22.04,partially_patched,True,faculty,2
ALT-005569,laptop,Ubuntu 22.04,fully_patched,True,student,2
ALT-005570,unknown,unknown,unknown,,unknown,
ALT-005571,unknown,unknown,unknown,,unknown,
ALT-005572,smartphone,Windows 10,fully_patched,False,guest,3
ALT-005573,smartphone,Windows 11,partially_patched,False,guest,5
ALT-005574,unknown,Ubuntu 22.04,unpatched,False,guest,2
ALT-005575,laptop,Windows 10,partially_patched,False,guest,3
ALT-005576,tablet,Android 13,unpatched,True,student,2
ALT-005577,smartphone,Android 13,partially_patched,True,student,3
ALT-005578,server,Unknown,fully_patched,True,faculty,5
ALT-005579,unknown,Windows 11,fully_patched,False,guest,3
ALT-005580,unknown,Android 13,fully_patched,False,guest,0
ALT-005581,tablet,macOS 13,fully_patched,True,student,5
ALT-005582,smartphone,macOS 13,fully_patched,False,guest,0
ALT-005583,unknown,unknown,unknown,,unknown,
ALT-005584,laptop,Ubuntu 22.04,unpatched,False,guest,1
ALT-005585,laptop,Windows 10,fully_patched,True,guest,0
ALT-005586,tablet,Unknown,unknown,True,student,3
ALT-005587,laptop,Windows 10,unpatched,True,student,0
ALT-005588,smartphone,Windows 11,fully_patched,False,guest,5
ALT-005589,server,Ubuntu 22.04,fully_patched,True,lab_admin,5
ALT-005590,workstation,macOS 13,fully_patched,True,faculty,3
ALT-005591,smartphone,Windows 10,fully_patched,True,student,3
ALT-005592,tablet,Windows 11,fully_patched,True,student,2
ALT-005593,laptop,Android 13,partially_patched,False,guest,1
ALT-005594,smartphone,Ubuntu 22.04,fully_patched,True,student,2
ALT-005595,tablet,Windows 10,fully_patched,True,student,0
ALT-005596,laptop,Windows 10,unpatched,True,student,4
ALT-005597,workstation,Windows 11,unknown,True,faculty,5
ALT-005598,laptop,iOS 16,fully_patched,True,student,2
ALT-005599,smartphone,macOS 13,partially_patched,True,student,1
ALT-005600,laptop,Windows 11,unpatched,True,student,3
ALT-005601,unknown,Android 13,fully_patched,False,guest,2
ALT-005602,raspberry_pi,iOS 16,fully_patched,True,faculty,2
ALT-005603,unknown,macOS 13,partially_patched,False,guest,5
ALT-005604,smartphone,Ubuntu 22.04,fully_patched,False,guest,0
ALT-005605,tablet,macOS 13,partially_patched,True,student,4
ALT-005606,tablet,Ubuntu 22.04,unpatched,True,student,2
ALT-005607,laptop,Unknown,fully_patched,True,lab_admin,4
ALT-005608,smartphone,iOS 16,partially_patched,False,guest,1
ALT-005609,tablet,macOS 13,fully_patched,True,student,5
ALT-005610,laptop,iOS 16,partially_patched,True,student,0
ALT-005611,laptop,macOS 13,fully_patched,True,student,0
ALT-005612,unknown,Android 13,fully_patched,False,guest,0
ALT-005613,smartphone,Windows 10,unknown,True,student,1
ALT-005614,tablet,macOS 13,fully_patched,True,student,0
ALT-005615,tablet,Windows 11,fully_patched,True,student,4
ALT-005616,tablet,iOS 16,unknown,True,student,4
ALT-005617,workstation,iOS 16,fully_patched,True,lab_admin,0
ALT-005618,smartphone,Android 13,fully_patched,True,student,4
ALT-005619,smartphone,Windows 11,partially_patched,True,student,0
ALT-005620,smartphone,Android 13,unknown,True,student,1
ALT-005621,unknown,unknown,unknown,,unknown,
ALT-005622,unknown,macOS 13,fully_patched,False,guest,0
ALT-005623,smartphone,Android 13,fully_patched,True,guest,0
ALT-005624,smartphone,Unknown,unpatched,True,student,2
ALT-005625,laptop,iOS 16,partially_patched,False,guest,1
ALT-005626,smartphone,Windows 11,fully_patched,True,student,0
ALT-005627,laptop,Ubuntu 22.04,partially_patched,True,lab_admin,5
ALT-005628,laptop,Unknown,partially_patched,False,guest,4
ALT-005629,server,iOS 16,fully_patched,True,faculty,2
ALT-005630,laptop,Windows 10,unknown,False,guest,0
ALT-005631,laptop,Windows 11,partially_patched,True,student,0
ALT-005632,tablet,Unknown,fully_patched,True,student,1
ALT-005633,server,Unknown,fully_patched,True,faculty,5
ALT-005634,unknown,unknown,unknown,,unknown,
ALT-005635,laptop,Windows 11,fully_patched,False,guest,0
ALT-005636,smartphone,Windows 11,unpatched,False,guest,0
ALT-005637,server,macOS 13,fully_patched,True,faculty,2
ALT-005638,unknown,unknown,unknown,,unknown,
ALT-005639,tablet,Windows 11,fully_patched,True,student,5
ALT-005640,unknown,Windows 11,fully_patched,False,guest,1
ALT-005641,unknown,Ubuntu 22.04,fully_patched,False,guest,0
ALT-005642,unknown,iOS 16,partially_patched,False,guest,0
ALT-005643,smartphone,Ubuntu 22.04,fully_patched,False,guest,3
ALT-005644,smartphone,Unknown,fully_patched,True,student,5
ALT-005645,unknown,unknown,unknown,,unknown,
ALT-005646,smartphone,Windows 11,fully_patched,False,guest,3
ALT-005647,smartphone,Ubuntu 22.04,fully_patched,True,student,3
ALT-005648,server,Windows 10,fully_patched,True,lab_admin,2
ALT-005649,smartphone,iOS 16,fully_patched,False,guest,5
ALT-005650,tablet,iOS 16,unpatched,True,student,5
ALT-005651,unknown,unknown,unknown,,unknown,
ALT-005652,unknown,unknown,unknown,,unknown,
ALT-005653,smartphone,Windows 10,unpatched,False,guest,4
ALT-005654,laptop,Android 13,fully_patched,False,guest,4
ALT-005655,smartphone,iOS 16,partially_patched,False,guest,4
ALT-005656,smartphone,Android 13,unpatched,False,guest,5
ALT-005657,tablet,macOS 13,unpatched,True,student,2
ALT-005658,unknown,Android 13,partially_patched,False,guest,3
ALT-005659,laptop,Windows 11,fully_patched,True,student,3
ALT-005660,smartphone,Windows 11,partially_patched,True,student,0
ALT-005661,unknown,Windows 10,fully_patched,False,guest,4
ALT-005662,unknown,macOS 13,unpatched,False,guest,3
ALT-005663,laptop,macOS 13,partially_patched,True,student,5
ALT-005664,smartphone,iOS 16,unpatched,False,guest,1
ALT-005665,raspberry_pi,Windows 10,unpatched,True,faculty,3
ALT-005666,unknown,iOS 16,fully_patched,False,guest,2
ALT-005667,laptop,Android 13,fully_patched,True,student,2
ALT-005668,smartphone,Android 13,partially_patched,False,guest,4
ALT-005669,tablet,Windows 11,fully_patched,True,student,3
ALT-005670,tablet,Unknown,fully_patched,True,student,3
ALT-005671,smartphone,macOS 13,unpatched,False,guest,3
ALT-005672,unknown,unknown,unknown,,unknown,
ALT-005673,smartphone,Unknown,fully_patched,True,student,1
ALT-005674,laptop,Unknown,partially_patched,True,student,5
ALT-005675,smartphone,Windows 11,partially_patched,False,guest,0
ALT-005676,unknown,unknown,unknown,,unknown,
ALT-005677,laptop,Windows 10,partially_patched,True,student,2
ALT-005678,tablet,Android 13,fully_patched,True,student,0
ALT-005679,smartphone,Android 13,partially_patched,False,guest,4
ALT-005680,laptop,Unknown,unknown,False,guest,1
ALT-005681,laptop,Android 13,unknown,True,student,2
ALT-005682,smartphone,Windows 11,partially_patched,False,guest,3
ALT-005683,laptop,Windows 11,partially_patched,True,student,5
ALT-005684,unknown,iOS 16,partially_patched,False,guest,5
ALT-005685,laptop,Windows 11,partially_patched,True,student,3
ALT-005686,laptop,iOS 16,partially_patched,True,student,4
ALT-005687,smartphone,Windows 11,fully_patched,True,student,2
ALT-005688,laptop,Unknown,unpatched,True,student,1
ALT-005689,workstation,Unknown,fully_patched,True,faculty,3
ALT-005690,workstation,Ubuntu 22.04,partially_patched,True,lab_admin,1
ALT-005691,tablet,Windows 10,fully_patched,True,student,1
ALT-005692,unknown,unknown,unknown,,unknown,
ALT-005693,unknown,Windows 11,fully_patched,False,guest,0
ALT-005694,unknown,Unknown,partially_patched,False,guest,2
ALT-005695,unknown,iOS 16,partially_patched,False,guest,2
ALT-005696,laptop,Android 13,partially_patched,True,guest,1
ALT-005697,tablet,Ubuntu 22.04,fully_patched,True,student,3
ALT-005698,tablet,iOS 16,partially_patched,True,student,2
ALT-005699,workstation,macOS 13,fully_patched,True,faculty,5
ALT-005700,tablet,Android 13,fully_patched,True,guest,0
ALT-005701,smartphone,Unknown,partially_patched,False,guest,2
ALT-005702,workstation,Android 13,fully_patched,True,faculty,4
ALT-005703,unknown,Windows 11,unpatched,False,guest,0
ALT-005704,laptop,Unknown,unpatched,True,student,4
ALT-005705,tablet,Unknown,partially_patched,True,student,4
ALT-005706,tablet,macOS 13,fully_patched,True,student,4
ALT-005707,smartphone,Windows 11,unpatched,False,guest,3
ALT-005708,tablet,Unknown,fully_patched,True,student,2
ALT-005709,tablet,iOS 16,fully_patched,True,student,5
ALT-005710,laptop,macOS 13,partially_patched,True,student,1
ALT-005711,workstation,Ubuntu 22.04,fully_patched,True,faculty,3
ALT-005712,tablet,Ubuntu 22.04,fully_patched,True,student,2
ALT-005713,laptop,macOS 13,fully_patched,False,guest,0
ALT-005714,tablet,iOS 16,fully_patched,True,student,3
ALT-005715,laptop,macOS 13,fully_patched,True,student,3
ALT-005716,smartphone,macOS 13,fully_patched,True,student,3
ALT-005717,smartphone,macOS 13,partially_patched,False,guest,4
ALT-005718,smartphone,Windows 11,partially_patched,False,guest,3
ALT-005719,workstation,macOS 13,partially_patched,True,lab_admin,0
ALT-005720,unknown,Windows 10,partially_patched,False,guest,1
ALT-005721,laptop,iOS 16,fully_patched,True,student,5
ALT-005722,smartphone,Windows 10,unpatched,False,guest,4
ALT-005723,smartphone,Ubuntu 22.04,fully_patched,True,student,4
ALT-005724,raspberry_pi,Ubuntu 22.04,fully_patched,True,lab_admin,1
ALT-005725,smartphone,iOS 16,fully_patched,True,student,1
ALT-005726,laptop,Windows 11,fully_patched,True,lab_admin,4
ALT-005727,laptop,iOS 16,unpatched,False,guest,3
ALT-005728,laptop,iOS 16,fully_patched,False,guest,2
ALT-005729,laptop,Android 13,fully_patched,True,student,4
ALT-005730,tablet,Windows 10,fully_patched,True,student,5
ALT-005731,smartphone,Windows 11,fully_patched,True,student,2
ALT-005732,smartphone,Windows 11,partially_patched,False,guest,4
ALT-005733,laptop,Windows 10,partially_patched,False,guest,1
ALT-005734,smartphone,Windows 10,fully_patched,False,guest,0
ALT-005735,laptop,Ubuntu 22.04,fully_patched,False,guest,5
ALT-005736,raspberry_pi,Unknown,unknown,True,faculty,3
ALT-005737,smartphone,macOS 13,fully_patched,False,guest,1
ALT-005738,tablet,Windows 10,partially_patched,True,student,2
ALT-005739,laptop,Windows 11,fully_patched,False,guest,4
ALT-005740,smartphone,Unknown,fully_patched,False,guest,3
ALT-005741,unknown,macOS 13,partially_patched,False,guest,2
ALT-005742,unknown,unknown,unknown,,unknown,
ALT-005743,tablet,iOS 16,fully_patched,True,student,1
ALT-005744,smartphone,macOS 13,fully_patched,False,guest,5
ALT-005745,smartphone,Ubuntu 22.04,unknown,False,guest,5
ALT-005746,laptop,Windows 10,partially_patched,True,student,4
ALT-005747,unknown,Windows 11,fully_patched,False,guest,0
ALT-005748,tablet,Windows 11,fully_patched,True,student,3
ALT-005749,unknown,Unknown,fully_patched,False,guest,4
ALT-005750,tablet,macOS 13,unknown,True,student,1
ALT-005751,tablet,Windows 10,fully_patched,True,student,1
ALT-005752,laptop,Unknown,unknown,False,guest,4
ALT-005753,smartphone,Android 13,fully_patched,False,guest,2
ALT-005754,laptop,iOS 16,unknown,False,guest,2
ALT-005755,smartphone,macOS 13,partially_patched,True,student,0
ALT-005756,smartphone,macOS 13,unpatched,False,guest,0
ALT-005757,tablet,iOS 16,fully_patched,True,student,1
ALT-005758,smartphone,Ubuntu 22.04,unpatched,False,guest,0
ALT-005759,smartphone,Windows 10,fully_patched,True,guest,0
ALT-005760,unknown,Android 13,fully_patched,False,guest,2
ALT-005761,unknown,iOS 16,fully_patched,False,guest,5
ALT-005762,smartphone,Windows 11,fully_patched,False,guest,3
ALT-005763,tablet,Unknown,fully_patched,True,student,0
ALT-005764,unknown,Ubuntu 22.04,fully_patched,False,guest,5
ALT-005765,laptop,Windows 10,fully_patched,False,guest,2
ALT-005766,laptop,Windows 11,fully_patched,False,guest,5
ALT-005767,smartphone,Android 13,fully_patched,False,guest,5
ALT-005768,tablet,macOS 13,fully_patched,True,student,5
ALT-005769,unknown,Unknown,unknown,False,guest,1
ALT-005770,unknown,macOS 13,fully_patched,False,guest,5
ALT-005771,raspberry_pi,iOS 16,partially_patched,True,faculty,2
ALT-005772,unknown,unknown,unknown,,unknown,
ALT-005773,laptop,iOS 16,partially_patched,True,student,0
ALT-005774,laptop,iOS 16,fully_patched,False,guest,5
ALT-005775,smartphone,macOS 13,unknown,False,guest,4
ALT-005776,laptop,Unknown,fully_patched,False,guest,5
ALT-005777,laptop,macOS 13,fully_patched,True,student,0
ALT-005778,laptop,Windows 11,partially_patched,False,guest,0
ALT-005779,unknown,unknown,unknown,,unknown,
ALT-005780,tablet,Ubuntu 22.04,unpatched,True,student,2
ALT-005781,tablet,Windows 11,fully_patched,True,student,4
ALT-005782,unknown,unknown,unknown,,unknown,
ALT-005783,smartphone,macOS 13,partially_patched,False,guest,2
ALT-005784,smartphone,Android 13,fully_patched,True,student,4
ALT-005785,laptop,Windows 10,fully_patched,True,student,2
ALT-005786,smartphone,Android 13,fully_patched,True,student,5
ALT-005787,unknown,iOS 16,fully_patched,False,guest,2
ALT-005788,smartphone,Windows 10,fully_patched,False,guest,0
ALT-005789,tablet,Windows 10,unpatched,True,student,1
ALT-005790,tablet,Android 13,unpatched,True,student,5
ALT-005791,workstation,Unknown,unpatched,True,faculty,3
ALT-005792,laptop,Windows 11,fully_patched,True,student,0
ALT-005793,unknown,Android 13,unpatched,False,guest,2
ALT-005794,laptop,Ubuntu 22.04,fully_patched,True,student,3
ALT-005795,laptop,Windows 10,partially_patched,True,student,5
ALT-005796,unknown,unknown,unknown,,unknown,
ALT-005797,tablet,Android 13,partially_patched,True,student,5
ALT-005798,laptop,Android 13,fully_patched,False,guest,3
ALT-005799,unknown,Unknown,partially_patched,False,guest,0
ALT-005800,unknown,unknown,unknown,,unknown,
ALT-005801,laptop,Windows 11,partially_patched,True,student,1
ALT-005802,unknown,Android 13,fully_patched,False,guest,3
ALT-005803,smartphone,Unknown,fully_patched,False,guest,0
ALT-005804,laptop,macOS 13,fully_patched,True,student,1
ALT-005805,raspberry_pi,Ubuntu 22.04,partially_patched,True,lab_admin,4
ALT-005806,raspberry_pi,Windows 10,fully_patched,True,faculty,2
ALT-005807,laptop,Windows 11,fully_patched,True,student,4
ALT-005808,laptop,Android 13,fully_patched,False,guest,5
ALT-005809,smartphone,iOS 16,partially_patched,False,guest,1
ALT-005810,workstation,Windows 11,partially_patched,True,faculty,4
ALT-005811,tablet,Windows 10,partially_patched,True,student,0
ALT-005812,laptop,Windows 11,fully_patched,False,guest,0
ALT-005813,tablet,Android 13,fully_patched,True,student,3
ALT-005814,tablet,Android 13,partially_patched,True,student,2
ALT-005815,tablet,Android 13,partially_patched,True,student,1
ALT-005816,laptop,Android 13,fully_patched,False,guest,3
ALT-005817,unknown,iOS 16,unpatched,False,guest,5
ALT-005818,laptop,Unknown,unknown,False,guest,1
ALT-005819,server,Unknown,fully_patched,True,faculty,0
ALT-005820,smartphone,Unknown,fully_patched,True,student,1
ALT-005821,laptop,Android 13,fully_patched,True,student,2
ALT-005822,tablet,Windows 10,partially_patched,True,guest,1
ALT-005823,laptop,Windows 11,fully_patched,True,student,4
ALT-005824,unknown,Ubuntu 22.04,fully_patched,False,guest,2
ALT-005825,tablet,macOS 13,fully_patched,True,student,5
ALT-005826,smartphone,macOS 13,fully_patched,False,guest,1
ALT-005827,laptop,Windows 10,fully_patched,False,guest,5
ALT-005828,raspberry_pi,Unknown,partially_patched,True,faculty,5
ALT-005829,smartphone,Ubuntu 22.04,partially_patched,False,guest,4
ALT-005830,smartphone,Unknown,partially_patched,False,guest,3
ALT-005831,smartphone,Windows 10,fully_patched,False,guest,2
ALT-005832,smartphone,iOS 16,fully_patched,False,guest,3
ALT-005833,smartphone,Windows 10,fully_patched,False,guest,5
ALT-005834,unknown,iOS 16,partially_patched,False,guest,4
ALT-005835,smartphone,Android 13,partially_patched,True,student,1
ALT-005836,laptop,iOS 16,fully_patched,True,guest,0
ALT-005837,unknown,Windows 11,unpatched,False,guest,5
ALT-005838,laptop,Unknown,partially_patched,False,guest,5
ALT-005839,laptop,Unknown,fully_patched,True,student,5
ALT-005840,smartphone,Unknown,fully_patched,True,student,5
ALT-005841,unknown,iOS 16,fully_patched,False,guest,4
ALT-005842,laptop,Android 13,unpatched,True,student,1
ALT-005843,laptop,iOS 16,partially_patched,True,student,2
ALT-005844,laptop,Windows 11,fully_patched,True,student,3
ALT-005845,unknown,Ubuntu 22.04,partially_patched,False,guest,4
ALT-005846,unknown,unknown,unknown,,unknown,
ALT-005847,laptop,Ubuntu 22.04,partially_patched,False,guest,3
ALT-005848,laptop,Ubuntu 22.04,unknown,True,student,1
ALT-005849,unknown,macOS 13,fully_patched,False,guest,2
ALT-005850,laptop,Ubuntu 22.04,partially_patched,False,guest,2
ALT-005851,laptop,Android 13,unknown,False,guest,1
ALT-005852,laptop,Windows 10,partially_patched,False,guest,5
ALT-005853,laptop,Unknown,fully_patched,True,student,3
ALT-005854,unknown,iOS 16,fully_patched,False,guest,1
ALT-005855,unknown,Ubuntu 22.04,partially_patched,False,guest,5
ALT-005856,unknown,unknown,unknown,,unknown,
ALT-005857,tablet,macOS 13,fully_patched,True,student,3
ALT-005858,smartphone,Android 13,partially_patched,False,guest,1
ALT-005859,laptop,Windows 10,fully_patched,False,guest,0
ALT-005860,tablet,Windows 10,fully_patched,True,student,0
ALT-005861,laptop,iOS 16,fully_patched,False,guest,2
ALT-005862,unknown,unknown,unknown,,unknown,
ALT-005863,smartphone,Ubuntu 22.04,unpatched,True,student,2
ALT-005864,smartphone,iOS 16,unpatched,True,student,1
ALT-005865,laptop,Unknown,partially_patched,False,guest,0
ALT-005866,smartphone,iOS 16,fully_patched,True,student,0
ALT-005867,smartphone,Windows 11,fully_patched,True,student,1
ALT-005868,smartphone,iOS 16,partially_patched,False,guest,1
ALT-005869,smartphone,macOS 13,partially_patched,True,student,0
ALT-005870,smartphone,Windows 11,fully_patched,True,student,0
ALT-005871,tablet,Ubuntu 22.04,fully_patched,True,student,0
ALT-005872,laptop,Unknown,fully_patched,True,student,3
ALT-005873,laptop,Android 13,fully_patched,True,student,1
ALT-005874,unknown,unknown,unknown,,unknown,
ALT-005875,tablet,Windows 11,fully_patched,True,student,5
ALT-005876,smartphone,Android 13,partially_patched,True,guest,0
ALT-005877,smartphone,Android 13,fully_patched,True,student,2
ALT-005878,laptop,Ubuntu 22.04,unknown,True,student,5
ALT-005879,laptop,macOS 13,fully_patched,True,lab_admin,0
ALT-005880,smartphone,Ubuntu 22.04,unpatched,True,student,4
ALT-005881,unknown,macOS 13,partially_patched,False,guest,4
ALT-005882,tablet,Ubuntu 22.04,fully_patched,True,student,5
ALT-005883,unknown,unknown,unknown,,unknown,
ALT-005884,laptop,Windows 10,partially_patched,False,guest,2
ALT-005885,smartphone,Ubuntu 22.04,fully_patched,False,guest,1
ALT-005886,tablet,Windows 10,partially_patched,True,guest,1
ALT-005887,workstation,Android 13,fully_patched,True,faculty,4
ALT-005888,laptop,iOS 16,partially_patched,True,student,5
ALT-005889,unknown,Android 13,fully_patched,False,guest,5
ALT-005890,unknown,macOS 13,fully_patched,False,guest,4
ALT-005891,tablet,macOS 13,fully_patched,True,student,1
ALT-005892,raspberry_pi,macOS 13,fully_patched,True,faculty,2
ALT-005893,laptop,Ubuntu 22.04,partially_patched,False,guest,3
ALT-005894,unknown,Windows 10,unpatched,False,guest,3
ALT-005895,smartphone,Windows 10,fully_patched,True,student,1
ALT-005896,laptop,macOS 13,fully_patched,True,lab_admin,3
ALT-005897,workstation,Windows 11,fully_patched,True,lab_admin,1
ALT-005898,smartphone,Unknown,unknown,False,guest,3
ALT-005899,smartphone,Windows 11,partially_patched,True,student,3
ALT-005900,smartphone,Ubuntu 22.04,unpatched,True,student,0
ALT-005901,raspberry_pi,iOS 16,fully_patched,True,faculty,1
ALT-005902,tablet,Android 13,unpatched,True,student,2
ALT-005903,unknown,Unknown,partially_patched,False,guest,5
ALT-005904,smartphone,macOS 13,fully_patched,False,guest,0
ALT-005905,smartphone,macOS 13,partially_patched,True,student,0
ALT-005906,laptop,Android 13,fully_patched,False,guest,4
ALT-005907,unknown,Ubuntu 22.04,unpatched,False,guest,1
ALT-005908,laptop,Windows 10,unpatched,False,guest,5
ALT-005909,unknown,Windows 11,fully_patched,False,guest,3
ALT-005910,tablet,iOS 16,partially_patched,True,student,0
ALT-005911,tablet,Android 13,partially_patched,True,student,5
ALT-005912,tablet,macOS 13,fully_patched,True,student,1
ALT-005913,tablet,Unknown,partially_patched,True,student,3
ALT-005914,laptop,Windows 10,unpatched,False,guest,3
ALT-005915,laptop,Ubuntu 22.04,unpatched,False,guest,1
ALT-005916,smartphone,macOS 13,partially_patched,False,guest,0
ALT-005917,unknown,Android 13,partially_patched,False,guest,5
ALT-005918,smartphone,Windows 11,fully_patched,True,student,4
ALT-005919,laptop,Ubuntu 22.04,fully_patched,False,guest,0
ALT-005920,laptop,Unknown,unknown,False,guest,2
ALT-005921,unknown,Windows 11,fully_patched,False,guest,1
ALT-005922,tablet,Android 13,fully_patched,True,guest,0
ALT-005923,laptop,macOS 13,fully_patched,False,guest,4
ALT-005924,laptop,Ubuntu 22.04,fully_patched,True,student,3
ALT-005925,tablet,Windows 10,unpatched,True,student,0
ALT-005926,raspberry_pi,Windows 11,unpatched,True,lab_admin,3
ALT-005927,workstation,iOS 16,fully_patched,True,lab_admin,0
ALT-005928,unknown,Ubuntu 22.04,fully_patched,False,guest,4
ALT-005929,smartphone,Windows 11,fully_patched,False,guest,4
ALT-005930,workstation,Windows 10,partially_patched,True,lab_admin,3
ALT-005931,laptop,Unknown,fully_patched,True,student,1
ALT-005932,smartphone,Android 13,partially_patched,True,student,4
ALT-005933,laptop,Windows 11,unpatched,True,student,3
ALT-005934,workstation,Windows 11,fully_patched,True,lab_admin,1
ALT-005935,raspberry_pi,iOS 16,fully_patched,True,lab_admin,1
ALT-005936,laptop,iOS 16,unpatched,False,guest,4
ALT-005937,smartphone,Unknown,fully_patched,False,guest,5
ALT-005938,smartphone,iOS 16,partially_patched,False,guest,4
ALT-005939,laptop,Android 13,partially_patched,False,guest,1
ALT-005940,raspberry_pi,Ubuntu 22.04,fully_patched,True,faculty,3
ALT-005941,unknown,macOS 13,fully_patched,False,guest,4
ALT-005942,server,Ubuntu 22.04,fully_patched,True,faculty,0
ALT-005943,smartphone,Ubuntu 22.04,partially_patched,True,student,0
ALT-005944,tablet,Windows 10,fully_patched,True,student,2
ALT-005945,laptop,Windows 11,partially_patched,True,student,5
ALT-005946,smartphone,Unknown,fully_patched,False,guest,1
ALT-005947,laptop,Ubuntu 22.04,fully_patched,True,student,0
ALT-005948,smartphone,iOS 16,partially_patched,False,guest,0
ALT-005949,unknown,unknown,unknown,,unknown,
ALT-005950,laptop,Ubuntu 22.04,fully_patched,False,guest,4
ALT-005951,unknown,Unknown,fully_patched,False,guest,4
ALT-005952,smartphone,Windows 10,fully_patched,True,guest,0
ALT-005953,smartphone,Ubuntu 22.04,fully_patched,False,guest,2
ALT-005954,tablet,Unknown,partially_patched,True,student,1
ALT-005955,unknown,unknown,unknown,,unknown,
ALT-005956,tablet,macOS 13,fully_patched,True,student,5
ALT-005957,unknown,Ubuntu 22.04,fully_patched,False,guest,2
ALT-005958,tablet,Ubuntu 22.04,fully_patched,True,student,3
ALT-005959,laptop,Ubuntu 22.04,fully_patched,True,student,4
ALT-005960,server,Windows 10,fully_patched,True,faculty,4
ALT-005961,unknown,unknown,unknown,,unknown,
ALT-005962,laptop,Ubuntu 22.04,fully_patched,True,student,5
ALT-005963,unknown,iOS 16,fully_patched,False,guest,4
ALT-005964,smartphone,iOS 16,partially_patched,False,guest,4
ALT-005965,unknown,unknown,unknown,,unknown,
ALT-005966,smartphone,iOS 16,fully_patched,True,student,0
ALT-005967,laptop,Ubuntu 22.04,unpatched,False,guest,0
ALT-005968,laptop,Unknown,fully_patched,False,guest,5
ALT-005969,laptop,Unknown,partially_patched,False,guest,1
ALT-005970,unknown,unknown,unknown,,unknown,
ALT-005971,unknown,Unknown,unpatched,False,guest,3
ALT-005972,laptop,Unknown,fully_patched,True,faculty,3
ALT-005973,laptop,Ubuntu 22.04,unpatched,True,student,2
ALT-005974,workstation,Windows 11,fully_patched,True,faculty,0
ALT-005975,laptop,iOS 16,fully_patched,False,guest,3
ALT-005976,tablet,macOS 13,fully_patched,True,student,2
ALT-005977,unknown,unknown,unknown,,unknown,
ALT-005978,raspberry_pi,Ubuntu 22.04,fully_patched,True,faculty,4
ALT-005979,laptop,Android 13,fully_patched,False,guest,5
ALT-005980,smartphone,Unknown,partially_patched,True,student,0
ALT-005981,unknown,Windows 11,unpatched,False,guest,4
ALT-005982,laptop,Windows 11,fully_patched,False,guest,1
ALT-005983,tablet,Windows 10,fully_patched,True,student,2
ALT-005984,unknown,unknown,unknown,,unknown,
ALT-005985,laptop,Unknown,fully_patched,False,guest,3
ALT-005986,smartphone,Windows 11,partially_patched,True,guest,0
ALT-005987,tablet,Windows 10,unpatched,True,student,4
ALT-005988,server,Unknown,partially_patched,True,faculty,1
ALT-005989,laptop,macOS 13,fully_patched,False,guest,4
ALT-005990,laptop,iOS 16,unpatched,True,student,4
ALT-005991,smartphone,Android 13,partially_patched,True,student,5
ALT-005992,tablet,Unknown,partially_patched,True,student,0
ALT-005993,unknown,macOS 13,fully_patched,False,guest,3
ALT-005994,unknown,unknown,unknown,,unknown,
ALT-005995,unknown,Windows 11,fully_patched,False,guest,1
ALT-005996,smartphone,Android 13,fully_patched,False,guest,5
ALT-005997,unknown,macOS 13,fully_patched,False,guest,5
ALT-005998,laptop,Windows 10,partially_patched,True,student,2
ALT-005999,tablet,Windows 10,partially_patched,True,guest,1
ALT-006000,unknown,unknown,unknown,,unknown,
ALT-006001,laptop,Windows 10,partially_patched,False,guest,1
ALT-006002,server,Unknown,partially_patched,True,faculty,1
ALT-006003,smartphone,macOS 13,partially_patched,False,guest,2
ALT-006004,unknown,iOS 16,unpatched,False,guest,1
ALT-006005,unknown,macOS 13,fully_patched,False,guest,4
ALT-006006,unknown,Ubuntu 22.04,partially_patched,False,guest,4
ALT-006007,unknown,iOS 16,unknown,False,guest,2
ALT-006008,smartphone,Unknown,unknown,False,guest,2
ALT-006009,tablet,Android 13,unknown,True,student,1
ALT-006010,unknown,Android 13,fully_patched,False,guest,4
ALT-006011,smartphone,Windows 11,fully_patched,True,student,5
ALT-006012,laptop,Android 13,unpatched,False,guest,1
ALT-006013,laptop,Ubuntu 22.04,partially_patched,False,guest,1
ALT-006014,laptop,Android 13,partially_patched,True,faculty,4
ALT-006015,workstation,Windows 11,fully_patched,True,faculty,4
ALT-006016,smartphone,Windows 11,unpatched,True,student,3
ALT-006017,unknown,Unknown,unknown,False,guest,3
ALT-006018,laptop,macOS 13,unpatched,True,student,4
ALT-006019,smartphone,Unknown,unknown,False,guest,2
ALT-006020,smartphone,Ubuntu 22.04,fully_patched,False,guest,0
ALT-006021,workstation,Unknown,fully_patched,True,lab_admin,1
ALT-006022,laptop,Android 13,partially_patched,True,student,5
ALT-006023,unknown,macOS 13,fully_patched,False,guest,1
ALT-006024,unknown,Ubuntu 22.04,fully_patched,False,guest,1
ALT-006025,tablet,Unknown,partially_patched,True,student,2
ALT-006026,laptop,iOS 16,partially_patched,False,guest,2
ALT-006027,unknown,Unknown,partially_patched,False,guest,5
ALT-006028,laptop,Windows 10,fully_patched,False,guest,5
ALT-006029,tablet,Android 13,partially_patched,True,student,3
ALT-006030,smartphone,iOS 16,fully_patched,False,guest,3
ALT-006031,workstation,Windows 11,partially_patched,True,lab_admin,4
ALT-006032,smartphone,Android 13,partially_patched,True,student,3
ALT-006033,laptop,iOS 16,fully_patched,False,guest,5
ALT-006034,workstation,Windows 10,fully_patched,True,lab_admin,1
ALT-006035,tablet,Android 13,partially_patched,True,student,5
ALT-006036,laptop,Windows 10,fully_patched,True,student,3
ALT-006037,laptop,Windows 11,fully_patched,True,student,1
ALT-006038,laptop,Android 13,partially_patched,True,guest,1
ALT-006039,laptop,Ubuntu 22.04,fully_patched,False,guest,3
ALT-006040,smartphone,Windows 11,partially_patched,False,guest,2
ALT-006041,smartphone,Windows 11,fully_patched,False,guest,1
ALT-006042,unknown,Windows 10,fully_patched,False,guest,5
ALT-006043,tablet,iOS 16,fully_patched,True,student,0
ALT-006044,smartphone,Unknown,fully_patched,False,guest,3
ALT-006045,unknown,unknown,unknown,,unknown,
ALT-006046,laptop,macOS 13,partially_patched,False,guest,1
ALT-006047,unknown,unknown,unknown,,unknown,
ALT-006048,unknown,unknown,unknown,,unknown,
ALT-006049,unknown,Windows 10,partially_patched,False,guest,4
ALT-006050,laptop,Windows 10,unpatched,True,faculty,4
ALT-006051,laptop,Windows 11,fully_patched,False,guest,0
ALT-006052,tablet,macOS 13,unknown,True,student,3
ALT-006053,unknown,macOS 13,fully_patched,False,guest,2
ALT-006054,unknown,unknown,unknown,,unknown,
ALT-006055,laptop,Windows 10,partially_patched,False,guest,3
ALT-006056,smartphone,Unknown,unpatched,False,guest,5
ALT-006057,laptop,Windows 10,unpatched,False,guest,1
ALT-006058,unknown,Unknown,partially_patched,False,guest,1
ALT-006059,laptop,iOS 16,fully_patched,False,guest,5
ALT-006060,unknown,unknown,unknown,,unknown,
ALT-006061,raspberry_pi,iOS 16,unpatched,True,lab_admin,4
ALT-006062,smartphone,Windows 11,fully_patched,False,guest,3
ALT-006063,unknown,Ubuntu 22.04,fully_patched,False,guest,2
ALT-006064,unknown,macOS 13,fully_patched,False,guest,3
ALT-006065,tablet,Unknown,fully_patched,True,student,3
ALT-006066,laptop,iOS 16,fully_patched,False,guest,5
ALT-006067,tablet,macOS 13,fully_patched,True,student,0
ALT-006068,smartphone,iOS 16,unpatched,True,student,5
ALT-006069,smartphone,iOS 16,fully_patched,True,student,1
ALT-006070,unknown,Android 13,unpatched,False,guest,3
ALT-006071,unknown,Ubuntu 22.04,fully_patched,False,guest,3
ALT-006072,laptop,macOS 13,partially_patched,False,guest,3
ALT-006073,server,Android 13,unpatched,True,faculty,5
ALT-006074,tablet,Unknown,fully_patched,True,student,5
ALT-006075,laptop,Windows 10,fully_patched,True,student,3
ALT-006076,unknown,unknown,unknown,,unknown,
ALT-006077,laptop,Ubuntu 22.04,unpatched,True,student,4
ALT-006078,unknown,macOS 13,fully_patched,False,guest,0
ALT-006079,laptop,Android 13,partially_patched,True,student,5
ALT-006080,smartphone,Unknown,partially_patched,False,guest,0
ALT-006081,unknown,Windows 10,partially_patched,False,guest,1
ALT-006082,unknown,unknown,unknown,,unknown,
ALT-006083,tablet,iOS 16,partially_patched,True,student,4
ALT-006084,laptop,macOS 13,fully_patched,True,lab_admin,4
ALT-006085,laptop,Unknown,unpatched,False,guest,1
ALT-006086,laptop,Windows 10,fully_patched,True,student,2
ALT-006087,smartphone,Ubuntu 22.04,partially_patched,True,student,1
ALT-006088,unknown,unknown,unknown,,unknown,
ALT-006089,laptop,Android 13,fully_patched,True,student,1
ALT-006090,smartphone,Unknown,fully_patched,False,guest,3
ALT-006091,tablet,Windows 10,fully_patched,False,guest,0
ALT-006092,smartphone,Ubuntu 22.04,fully_patched,True,student,2
ALT-006093,laptop,Windows 11,unpatched,False,guest,1
ALT-006094,smartphone,Windows 11,fully_patched,False,guest,1
ALT-006095,laptop,Windows 11,unknown,False,guest,4
ALT-006096,server,Windows 11,unknown,True,faculty,4
ALT-006097,smartphone,Windows 10,fully_patched,False,guest,5
ALT-006098,unknown,Unknown,fully_patched,False,guest,5
ALT-006099,smartphone,macOS 13,fully_patched,True,student,2
ALT-006100,unknown,unknown,unknown,,unknown,
ALT-006101,smartphone,Android 13,fully_patched,True,student,3
ALT-006102,unknown,Windows 11,unpatched,False,guest,0
ALT-006103,unknown,unknown,unknown,,unknown,
ALT-006104,tablet,Unknown,partially_patched,True,student,0
ALT-006105,laptop,Windows 10,fully_patched,True,guest,0
ALT-006106,unknown,unknown,unknown,,unknown,
ALT-006107,unknown,Ubuntu 22.04,fully_patched,False,guest,3
ALT-006108,smartphone,Windows 11,fully_patched,False,guest,1
ALT-006109,unknown,macOS 13,fully_patched,False,guest,2
ALT-006110,unknown,Windows 11,partially_patched,False,guest,0
ALT-006111,tablet,iOS 16,fully_patched,True,student,5
ALT-006112,smartphone,macOS 13,fully_patched,True,student,1
ALT-006113,laptop,Ubuntu 22.04,partially_patched,False,guest,1
ALT-006114,laptop,Ubuntu 22.04,fully_patched,True,student,0
ALT-006115,laptop,iOS 16,fully_patched,False,guest,3
ALT-006116,smartphone,Android 13,fully_patched,False,guest,1
ALT-006117,workstation,Ubuntu 22.04,unpatched,True,lab_admin,0
ALT-006118,smartphone,Ubuntu 22.04,fully_patched,False,guest,4
ALT-006119,smartphone,Unknown,fully_patched,False,guest,5
ALT-006120,tablet,Unknown,unpatched,True,student,2
ALT-006121,laptop,Ubuntu 22.04,fully_patched,False,guest,0
ALT-006122,tablet,Unknown,unpatched,True,student,1
ALT-006123,smartphone,Windows 10,fully_patched,False,guest,4
ALT-006124,unknown,Unknown,fully_patched,False,guest,1
ALT-006125,laptop,Windows 11,fully_patched,True,lab_admin,0
ALT-006126,smartphone,macOS 13,partially_patched,False,guest,2
ALT-006127,laptop,Android 13,fully_patched,False,guest,0
ALT-006128,unknown,Android 13,fully_patched,False,guest,1
ALT-006129,smartphone,Unknown,partially_patched,True,student,0
ALT-006130,smartphone,Android 13,fully_patched,True,student,3
ALT-006131,server,Android 13,fully_patched,True,lab_admin,4
ALT-006132,smartphone,Windows 11,fully_patched,False,guest,4
ALT-006133,unknown,Ubuntu 22.04,unpatched,False,guest,1
ALT-006134,unknown,iOS 16,fully_patched,False,guest,4
ALT-006135,unknown,unknown,unknown,,unknown,
ALT-006136,tablet,Unknown,unpatched,True,student,2
ALT-006137,laptop,Ubuntu 22.04,fully_patched,True,student,2
ALT-006138,unknown,Android 13,partially_patched,False,guest,4
ALT-006139,smartphone,Unknown,unpatched,True,student,4
ALT-006140,unknown,Unknown,fully_patched,False,guest,3
ALT-006141,smartphone,Unknown,fully_patched,False,guest,0
ALT-006142,raspberry_pi,iOS 16,fully_patched,True,lab_admin,4
ALT-006143,laptop,iOS 16,partially_patched,True,student,1
ALT-006144,tablet,Windows 10,partially_patched,True,student,2
ALT-006145,laptop,Windows 10,partially_patched,True,student,0
ALT-006146,laptop,Android 13,partially_patched,False,guest,3
ALT-006147,smartphone,macOS 13,partially_patched,False,guest,4
ALT-006148,laptop,macOS 13,fully_patched,False,guest,2
ALT-006149,unknown,unknown,unknown,,unknown,
ALT-006150,workstation,Ubuntu 22.04,fully_patched,True,faculty,0
ALT-006151,raspberry_pi,Windows 10,fully_patched,True,faculty,4
ALT-006152,laptop,Ubuntu 22.04,unknown,True,student,3
ALT-006153,laptop,Unknown,unpatched,False,guest,2
ALT-006154,laptop,iOS 16,partially_patched,False,guest,0
ALT-006155,laptop,iOS 16,partially_patched,True,student,5
ALT-006156,workstation,Android 13,fully_patched,True,faculty,4
ALT-006157,laptop,Windows 11,fully_patched,False,guest,5
ALT-006158,unknown,unknown,unknown,,unknown,
ALT-006159,smartphone,Windows 11,partially_patched,False,guest,3
ALT-006160,smartphone,Unknown,fully_patched,False,guest,0
ALT-006161,laptop,iOS 16,fully_patched,False,guest,2
ALT-006162,tablet,iOS 16,partially_patched,False,guest,0
ALT-006163,smartphone,Android 13,partially_patched,True,student,2
ALT-006164,smartphone,Unknown,fully_patched,True,student,1
ALT-006165,unknown,Ubuntu 22.04,partially_patched,False,guest,4
ALT-006166,unknown,iOS 16,partially_patched,False,guest,4
ALT-006167,laptop,macOS 13,fully_patched,False,guest,5
ALT-006168,smartphone,Android 13,unpatched,False,guest,3
ALT-006169,laptop,Windows 10,partially_patched,False,guest,4
ALT-006170,server,Android 13,fully_patched,True,faculty,4
ALT-006171,unknown,Android 13,fully_patched,False,guest,2
ALT-006172,laptop,Windows 11,fully_patched,False,guest,4
ALT-006173,smartphone,Android 13,unpatched,True,student,5
ALT-006174,smartphone,Windows 10,partially_patched,False,guest,2
ALT-006175,smartphone,Windows 11,fully_patched,False,guest,2
ALT-006176,laptop,Windows 10,unknown,True,faculty,0
ALT-006177,laptop,Windows 10,partially_patched,False,guest,5
ALT-006178,server,iOS 16,fully_patched,True,lab_admin,5
ALT-006179,laptop,Windows 10,unknown,True,faculty,5
ALT-006180,laptop,Unknown,unpatched,True,student,3
ALT-006181,unknown,unknown,unknown,,unknown,
ALT-006182,smartphone,macOS 13,partially_patched,False,guest,5
ALT-006183,server,macOS 13,fully_patched,True,lab_admin,4
ALT-006184,smartphone,Windows 11,fully_patched,False,guest,2
ALT-006185,unknown,Ubuntu 22.04,fully_patched,False,guest,3
ALT-006186,laptop,iOS 16,partially_patched,True,student,0
ALT-006187,unknown,Windows 10,fully_patched,False,guest,3
ALT-006188,raspberry_pi,Windows 11,fully_patched,True,lab_admin,1
ALT-006189,unknown,iOS 16,fully_patched,False,guest,2
ALT-006190,smartphone,macOS 13,partially_patched,True,guest,0
ALT-006191,laptop,Windows 10,partially_patched,False,guest,4
ALT-006192,smartphone,macOS 13,fully_patched,False,guest,2
ALT-006193,smartphone,macOS 13,fully_patched,False,guest,2
ALT-006194,smartphone,Unknown,fully_patched,False,guest,1
ALT-006195,workstation,Ubuntu 22.04,fully_patched,True,lab_admin,0
ALT-006196,smartphone,Windows 11,partially_patched,False,guest,0
ALT-006197,laptop,macOS 13,partially_patched,True,student,0
ALT-006198,workstation,Windows 10,partially_patched,True,faculty,2
ALT-006199,smartphone,macOS 13,unpatched,False,guest,1
ALT-006200,laptop,macOS 13,fully_patched,True,student,0
ALT-006201,laptop,iOS 16,partially_patched,False,guest,1
ALT-006202,unknown,iOS 16,fully_patched,False,guest,5
ALT-006203,smartphone,Ubuntu 22.04,unpatched,True,student,5
ALT-006204,unknown,unknown,unknown,,unknown,
ALT-006205,unknown,unknown,unknown,,unknown,
ALT-006206,smartphone,Unknown,partially_patched,True,student,4
ALT-006207,unknown,unknown,unknown,,unknown,
ALT-006208,unknown,unknown,unknown,,unknown,
ALT-006209,laptop,Windows 11,fully_patched,True,student,3
ALT-006210,laptop,Android 13,fully_patched,True,student,1
ALT-006211,laptop,Android 13,partially_patched,False,guest,5
ALT-006212,smartphone,Android 13,partially_patched,True,guest,1
ALT-006213,laptop,Android 13,fully_patched,True,student,0
ALT-006214,unknown,unknown,unknown,,unknown,
ALT-006215,smartphone,macOS 13,partially_patched,False,guest,2
ALT-006216,unknown,iOS 16,unpatched,False,guest,1
ALT-006217,tablet,Unknown,fully_patched,True,student,3
ALT-006218,smartphone,iOS 16,fully_patched,False,guest,2
ALT-006219,unknown,macOS 13,partially_patched,False,guest,1
ALT-006220,laptop,Android 13,partially_patched,True,student,0
ALT-006221,tablet,Unknown,partially_patched,True,student,0
ALT-006222,unknown,unknown,unknown,,unknown,
ALT-006223,laptop,Ubuntu 22.04,unpatched,False,guest,5
ALT-006224,smartphone,Windows 10,partially_patched,False,guest,3
ALT-006225,smartphone,macOS 13,partially_patched,False,guest,0
ALT-006226,laptop,Ubuntu 22.04,fully_patched,True,student,2
ALT-006227,tablet,Android 13,partially_patched,True,student,4
ALT-006228,laptop,Android 13,fully_patched,True,student,2
ALT-006229,unknown,unknown,unknown,,unknown,
ALT-006230,tablet,Unknown,fully_patched,True,student,4
ALT-006231,tablet,Ubuntu 22.04,fully_patched,True,student,1
ALT-006232,smartphone,Ubuntu 22.04,partially_patched,True,student,1
ALT-006233,laptop,iOS 16,fully_patched,False,guest,1
ALT-006234,smartphone,Android 13,partially_patched,True,student,3
ALT-006235,workstation,macOS 13,partially_patched,True,faculty,0
ALT-006236,laptop,macOS 13,unpatched,True,student,2
ALT-006237,laptop,Unknown,partially_patched,False,guest,1
ALT-006238,unknown,unknown,unknown,,unknown,
ALT-006239,raspberry_pi,Windows 10,unknown,True,faculty,4
ALT-006240,laptop,macOS 13,fully_patched,True,student,3
ALT-006241,unknown,unknown,unknown,,unknown,
ALT-006242,tablet,Windows 10,fully_patched,True,student,0
ALT-006243,laptop,macOS 13,fully_patched,True,student,0
ALT-006244,smartphone,iOS 16,partially_patched,False,guest,3
ALT-006245,smartphone,Unknown,fully_patched,False,guest,4
ALT-006246,smartphone,iOS 16,fully_patched,False,guest,1
ALT-006247,unknown,unknown,unknown,,unknown,
ALT-006248,laptop,iOS 16,partially_patched,True,faculty,1
ALT-006249,laptop,Android 13,unpatched,False,guest,3
ALT-006250,tablet,iOS 16,fully_patched,True,student,3
ALT-006251,smartphone,Windows 10,unpatched,True,student,1
ALT-006252,smartphone,iOS 16,fully_patched,False,guest,5
ALT-006253,laptop,Windows 11,fully_patched,False,guest,4
ALT-006254,tablet,Unknown,fully_patched,True,student,1
ALT-006255,unknown,Android 13,partially_patched,False,guest,1
ALT-006256,smartphone,macOS 13,fully_patched,True,student,4
ALT-006257,smartphone,Android 13,unpatched,False,guest,1
ALT-006258,smartphone,Windows 11,fully_patched,True,student,0
ALT-006259,unknown,unknown,unknown,,unknown,
ALT-006260,server,Ubuntu 22.04,partially_patched,True,lab_admin,3
ALT-006261,unknown,Ubuntu 22.04,unpatched,False,guest,5
ALT-006262,server,Ubuntu 22.04,fully_patched,True,faculty,0
ALT-006263,smartphone,Windows 10,partially_patched,False,guest,0
ALT-006264,workstation,Windows 10,fully_patched,True,lab_admin,5
ALT-006265,laptop,macOS 13,partially_patched,True,student,1
ALT-006266,smartphone,macOS 13,unpatched,True,student,4
ALT-006267,unknown,Windows 10,fully_patched,False,guest,1
ALT-006268,unknown,Windows 10,unknown,False,guest,3
ALT-006269,laptop,Ubuntu 22.04,unknown,True,student,0
ALT-006270,smartphone,Unknown,fully_patched,False,guest,1
ALT-006271,smartphone,Android 13,partially_patched,False,guest,1
ALT-006272,smartphone,Ubuntu 22.04,partially_patched,False,guest,3
ALT-006273,tablet,Ubuntu 22.04,fully_patched,True,student,4
ALT-006274,unknown,Windows 11,unpatched,False,guest,1
ALT-006275,unknown,unknown,unknown,,unknown,
ALT-006276,laptop,Windows 10,unpatched,True,student,1
ALT-006277,laptop,Windows 11,partially_patched,True,student,3
ALT-006278,unknown,macOS 13,fully_patched,False,guest,3
ALT-006279,smartphone,macOS 13,partially_patched,True,student,2
ALT-006280,smartphone,Unknown,fully_patched,False,guest,5
ALT-006281,tablet,iOS 16,partially_patched,True,student,2
ALT-006282,laptop,Ubuntu 22.04,fully_patched,False,guest,4
ALT-006283,smartphone,Windows 11,partially_patched,False,guest,1
ALT-006284,smartphone,Ubuntu 22.04,partially_patched,False,guest,0
ALT-006285,laptop,Windows 11,fully_patched,True,student,2
ALT-006286,unknown,macOS 13,partially_patched,False,guest,3
ALT-006287,tablet,macOS 13,partially_patched,True,student,2
ALT-006288,server,Windows 11,partially_patched,True,faculty,2
ALT-006289,laptop,macOS 13,fully_patched,True,faculty,2
ALT-006290,smartphone,Windows 10,fully_patched,True,student,3
ALT-006291,laptop,Windows 11,partially_patched,True,student,0
ALT-006292,smartphone,Android 13,fully_patched,False,guest,4
ALT-006293,smartphone,Ubuntu 22.04,fully_patched,True,student,0
ALT-006294,unknown,iOS 16,partially_patched,False,guest,5
ALT-006295,tablet,macOS 13,fully_patched,True,student,2
ALT-006296,laptop,Unknown,partially_patched,False,guest,5
ALT-006297,tablet,iOS 16,fully_patched,True,student,4
ALT-006298,unknown,Windows 11,fully_patched,False,guest,5
ALT-006299,tablet,Android 13,fully_patched,True,student,4
ALT-006300,laptop,Android 13,unpatched,True,student,4
ALT-006301,tablet,Android 13,partially_patched,False,guest,0
ALT-006302,tablet,Windows 10,fully_patched,True,student,4
ALT-006303,unknown,unknown,unknown,,unknown,
ALT-006304,tablet,Unknown,partially_patched,True,student,5
ALT-006305,tablet,macOS 13,fully_patched,True,student,0
ALT-006306,unknown,Windows 11,fully_patched,False,guest,2
ALT-006307,smartphone,iOS 16,fully_patched,False,guest,1
ALT-006308,laptop,iOS 16,fully_patched,True,student,1
ALT-006309,server,Windows 11,fully_patched,True,lab_admin,0
ALT-006310,unknown,unknown,unknown,,unknown,
ALT-006311,laptop,macOS 13,unknown,False,guest,4
ALT-006312,laptop,macOS 13,partially_patched,True,lab_admin,1
ALT-006313,smartphone,Windows 10,fully_patched,False,guest,2
ALT-006314,tablet,Unknown,partially_patched,True,student,0
ALT-006315,raspberry_pi,iOS 16,fully_patched,True,faculty,2
ALT-006316,unknown,unknown,unknown,,unknown,
ALT-006317,laptop,macOS 13,fully_patched,True,student,2
ALT-006318,tablet,Ubuntu 22.04,fully_patched,True,student,4
ALT-006319,laptop,Ubuntu 22.04,unpatched,False,guest,2
ALT-006320,unknown,unknown,unknown,,unknown,
ALT-006321,laptop,Unknown,fully_patched,False,guest,1
ALT-006322,unknown,Ubuntu 22.04,unpatched,False,guest,5
ALT-006323,laptop,Windows 10,partially_patched,True,student,4
ALT-006324,unknown,unknown,unknown,,unknown,
ALT-006325,smartphone,macOS 13,partially_patched,False,guest,4
ALT-006326,smartphone,iOS 16,fully_patched,False,guest,4
ALT-006327,tablet,Windows 10,fully_patched,True,student,5
ALT-006328,tablet,Windows 10,fully_patched,True,student,4
ALT-006329,smartphone,Ubuntu 22.04,partially_patched,False,guest,0
ALT-006330,smartphone,macOS 13,partially_patched,False,guest,0
ALT-006331,smartphone,Ubuntu 22.04,partially_patched,True,student,2
ALT-006332,smartphone,Windows 11,unpatched,False,guest,4
ALT-006333,laptop,Windows 11,fully_patched,False,guest,1
ALT-006334,smartphone,Android 13,unpatched,True,student,4
ALT-006335,laptop,Android 13,partially_patched,True,student,3
ALT-006336,unknown,unknown,unknown,,unknown,
ALT-006337,smartphone,Windows 11,fully_patched,False,guest,0
ALT-006338,workstation,Unknown,partially_patched,True,faculty,4
ALT-006339,smartphone,iOS 16,unpatched,False,guest,5
ALT-006340,unknown,unknown,unknown,,unknown,
ALT-006341,laptop,Windows 10,fully_patched,False,guest,2
ALT-006342,unknown,unknown,unknown,,unknown,
ALT-006343,laptop,Android 13,unpatched,True,student,0
ALT-006344,unknown,unknown,unknown,,unknown,
ALT-006345,unknown,iOS 16,fully_patched,False,guest,3
ALT-006346,unknown,unknown,unknown,,unknown,
ALT-006347,laptop,Windows 10,fully_patched,False,guest,4
ALT-006348,server,Windows 11,fully_patched,True,faculty,0
ALT-006349,unknown,unknown,unknown,,unknown,
ALT-006350,smartphone,iOS 16,fully_patched,False,guest,0
ALT-006351,laptop,iOS 16,fully_patched,True,student,2
ALT-006352,unknown,Windows 10,partially_patched,False,guest,5
ALT-006353,unknown,unknown,unknown,,unknown,
ALT-006354,workstation,iOS 16,fully_patched,True,faculty,3
ALT-006355,smartphone,Ubuntu 22.04,partially_patched,True,student,5
ALT-006356,unknown,Windows 11,unpatched,False,guest,2
ALT-006357,laptop,macOS 13,fully_patched,False,guest,0
ALT-006358,unknown,Ubuntu 22.04,fully_patched,False,guest,0
ALT-006359,laptop,iOS 16,fully_patched,False,guest,5
ALT-006360,smartphone,Windows 10,partially_patched,True,student,0
ALT-006361,unknown,Windows 10,fully_patched,False,guest,3
ALT-006362,unknown,unknown,unknown,,unknown,
ALT-006363,unknown,unknown,unknown,,unknown,
ALT-006364,smartphone,iOS 16,fully_patched,True,student,0
ALT-006365,laptop,Windows 10,partially_patched,True,student,0
ALT-006366,unknown,Windows 11,unpatched,False,guest,3
ALT-006367,unknown,iOS 16,fully_patched,False,guest,1
ALT-006368,tablet,Unknown,unknown,True,student,2
ALT-006369,unknown,Ubuntu 22.04,fully_patched,False,guest,3
ALT-006370,tablet,Windows 10,fully_patched,True,student,2
ALT-006371,unknown,Unknown,fully_patched,False,guest,1
ALT-006372,laptop,Unknown,unpatched,False,guest,1
ALT-006373,unknown,Android 13,fully_patched,False,guest,1
ALT-006374,unknown,unknown,unknown,,unknown,
ALT-006375,unknown,unknown,unknown,,unknown,
ALT-006376,unknown,unknown,unknown,,unknown,
ALT-006377,smartphone,macOS 13,partially_patched,True,student,3
ALT-006378,smartphone,iOS 16,fully_patched,False,guest,5
ALT-006379,smartphone,Windows 11,unknown,True,student,0
ALT-006380,smartphone,Ubuntu 22.04,fully_patched,True,student,5
ALT-006381,smartphone,Ubuntu 22.04,partially_patched,True,student,1
ALT-006382,laptop,Windows 10,fully_patched,True,student,1
ALT-006383,tablet,Unknown,unknown,True,student,3
ALT-006384,laptop,iOS 16,unpatched,False,guest,5
ALT-006385,unknown,Ubuntu 22.04,partially_patched,False,guest,1
ALT-006386,laptop,Windows 10,partially_patched,True,student,1
ALT-006387,laptop,Ubuntu 22.04,fully_patched,False,guest,4
ALT-006388,laptop,Ubuntu 22.04,fully_patched,False,guest,2
ALT-006389,smartphone,Windows 11,fully_patched,False,guest,1
ALT-006390,unknown,Unknown,fully_patched,False,guest,0
ALT-006391,unknown,Windows 10,fully_patched,False,guest,0
ALT-006392,unknown,unknown,unknown,,unknown,
ALT-006393,unknown,iOS 16,partially_patched,False,guest,5
ALT-006394,laptop,iOS 16,fully_patched,False,guest,0
ALT-006395,unknown,Windows 11,fully_patched,False,guest,3
ALT-006396,server,iOS 16,fully_patched,True,faculty,1
ALT-006397,smartphone,Android 13,unknown,False,guest,4
ALT-006398,smartphone,Android 13,fully_patched,True,student,0
ALT-006399,smartphone,Windows 10,fully_patched,False,guest,2
ALT-006400,server,iOS 16,partially_patched,True,faculty,3
ALT-006401,laptop,macOS 13,partially_patched,False,guest,2
ALT-006402,workstation,iOS 16,fully_patched,True,faculty,5
ALT-006403,unknown,iOS 16,unpatched,False,guest,5
ALT-006404,unknown,unknown,unknown,,unknown,
ALT-006405,unknown,Unknown,partially_patched,False,guest,0
ALT-006406,laptop,iOS 16,partially_patched,False,guest,0
ALT-006407,unknown,iOS 16,partially_patched,False,guest,2
ALT-006408,raspberry_pi,Android 13,fully_patched,True,lab_admin,2
ALT-006409,laptop,Windows 11,fully_patched,True,student,5
ALT-006410,laptop,Android 13,unpatched,False,guest,2
ALT-006411,laptop,iOS 16,fully_patched,True,student,5
ALT-006412,unknown,Windows 11,fully_patched,False,guest,1
ALT-006413,unknown,iOS 16,fully_patched,False,guest,1
ALT-006414,unknown,unknown,unknown,,unknown,
ALT-006415,laptop,Unknown,partially_patched,True,student,5
ALT-006416,unknown,Unknown,fully_patched,False,guest,3
ALT-006417,server,iOS 16,unknown,True,faculty,1
ALT-006418,smartphone,Windows 11,fully_patched,False,guest,1
ALT-006419,laptop,Android 13,fully_patched,False,guest,2
ALT-006420,unknown,Unknown,fully_patched,False,guest,3
ALT-006421,laptop,Windows 10,fully_patched,True,student,5
ALT-006422,laptop,Unknown,unpatched,False,guest,0
ALT-006423,laptop,Android 13,fully_patched,True,guest,1
ALT-006424,smartphone,Windows 11,fully_patched,False,guest,5
ALT-006425,unknown,Windows 10,partially_patched,False,guest,3
ALT-006426,unknown,unknown,unknown,,unknown,
ALT-006427,smartphone,Ubuntu 22.04,partially_patched,False,guest,0
ALT-006428,laptop,macOS 13,fully_patched,False,guest,5
ALT-006429,server,iOS 16,partially_patched,True,faculty,3
ALT-006430,tablet,macOS 13,fully_patched,True,student,1
ALT-006431,laptop,Windows 11,unpatched,True,student,4
ALT-006432,unknown,unknown,unknown,,unknown,
ALT-006433,laptop,Windows 10,partially_patched,False,guest,4
ALT-006434,smartphone,iOS 16,fully_patched,True,student,3
ALT-006435,smartphone,Unknown,fully_patched,True,student,5
ALT-006436,tablet,iOS 16,fully_patched,True,student,3
ALT-006437,laptop,Android 13,fully_patched,True,lab_admin,2
ALT-006438,unknown,Ubuntu 22.04,fully_patched,False,guest,0
ALT-006439,laptop,Ubuntu 22.04,fully_patched,True,lab_admin,5
ALT-006440,laptop,macOS 13,fully_patched,False,guest,5
ALT-006441,unknown,iOS 16,fully_patched,False,guest,4
ALT-006442,unknown,Windows 10,unpatched,False,guest,4
ALT-006443,workstation,Windows 11,fully_patched,True,lab_admin,2
ALT-006444,smartphone,Unknown,partially_patched,False,guest,4
ALT-006445,smartphone,Windows 11,fully_patched,False,guest,4
ALT-006446,smartphone,iOS 16,partially_patched,False,guest,1
ALT-006447,smartphone,iOS 16,fully_patched,True,student,1
ALT-006448,laptop,Windows 11,partially_patched,False,guest,2
ALT-006449,laptop,Android 13,fully_patched,False,guest,0
ALT-006450,smartphone,Unknown,fully_patched,True,student,0
ALT-006451,laptop,Android 13,fully_patched,False,guest,4
ALT-006452,unknown,Windows 11,fully_patched,False,guest,2
ALT-006453,laptop,Ubuntu 22.04,fully_patched,False,guest,4
ALT-006454,smartphone,Unknown,fully_patched,True,student,4
ALT-006455,smartphone,Windows 11,unpatched,True,student,0
ALT-006456,unknown,unknown,unknown,,unknown,
ALT-006457,smartphone,Android 13,partially_patched,False,guest,5
ALT-006458,tablet,Android 13,partially_patched,True,guest,1
ALT-006459,tablet,Ubuntu 22.04,fully_patched,True,student,0
ALT-006460,smartphone,Android 13,fully_patched,False,guest,1
ALT-006461,unknown,unknown,unknown,,unknown,
ALT-006462,tablet,Unknown,partially_patched,True,student,3
ALT-006463,laptop,Windows 10,partially_patched,False,guest,4
ALT-006464,smartphone,Android 13,fully_patched,False,guest,2
ALT-006465,unknown,macOS 13,fully_patched,False,guest,5
ALT-006466,smartphone,Android 13,fully_patched,True,student,2
ALT-006467,unknown,iOS 16,fully_patched,False,guest,5
ALT-006468,tablet,Ubuntu 22.04,partially_patched,True,student,5
ALT-006469,laptop,Windows 10,partially_patched,False,guest,0
ALT-006470,tablet,macOS 13,fully_patched,True,student,1
ALT-006471,laptop,Unknown,partially_patched,False,guest,3
ALT-006472,laptop,Unknown,unpatched,False,guest,4
ALT-006473,laptop,iOS 16,fully_patched,True,lab_admin,5
ALT-006474,server,macOS 13,fully_patched,True,faculty,0
ALT-006475,server,Unknown,partially_patched,True,lab_admin,1
ALT-006476,laptop,Windows 10,fully_patched,False,guest,5
ALT-006477,smartphone,Windows 10,fully_patched,False,guest,0
ALT-006478,smartphone,macOS 13,fully_patched,False,guest,4
ALT-006479,tablet,Windows 11,unpatched,True,student,1
ALT-006480,unknown,Ubuntu 22.04,partially_patched,False,guest,2
ALT-006481,laptop,Windows 10,partially_patched,False,guest,4
ALT-006482,smartphone,iOS 16,fully_patched,True,student,1
ALT-006483,workstation,Unknown,fully_patched,True,lab_admin,5
ALT-006484,laptop,iOS 16,fully_patched,True,student,5
ALT-006485,smartphone,iOS 16,partially_patched,False,guest,5
ALT-006486,unknown,unknown,unknown,,unknown,
ALT-006487,unknown,iOS 16,partially_patched,False,guest,2
ALT-006488,smartphone,Ubuntu 22.04,fully_patched,False,guest,1
ALT-006489,laptop,Windows 11,fully_patched,True,student,4
ALT-006490,smartphone,iOS 16,fully_patched,True,student,3
ALT-006491,smartphone,Windows 11,partially_patched,True,student,4
ALT-006492,laptop,macOS 13,unknown,False,guest,1
ALT-006493,smartphone,Windows 10,fully_patched,True,student,5
ALT-006494,laptop,Windows 11,partially_patched,True,student,5
ALT-006495,laptop,Ubuntu 22.04,fully_patched,False,guest,5
ALT-006496,workstation,Ubuntu 22.04,unknown,True,faculty,3
ALT-006497,smartphone,Ubuntu 22.04,fully_patched,True,student,1
ALT-006498,unknown,Windows 10,partially_patched,False,guest,4
ALT-006499,laptop,Unknown,partially_patched,True,student,2
ALT-006500,workstation,iOS 16,fully_patched,True,lab_admin,3
ALT-006501,unknown,Android 13,unpatched,False,guest,3
ALT-006502,laptop,Windows 11,partially_patched,True,lab_admin,1
ALT-006503,laptop,Ubuntu 22.04,partially_patched,True,student,5
ALT-006504,laptop,macOS 13,unknown,True,student,3
ALT-006505,laptop,iOS 16,unknown,True,student,3
ALT-006506,tablet,Windows 11,fully_patched,True,student,3
ALT-006507,unknown,unknown,unknown,,unknown,
ALT-006508,laptop,Windows 11,partially_patched,True,student,0
ALT-006509,laptop,macOS 13,fully_patched,True,student,2
ALT-006510,unknown,Unknown,fully_patched,False,guest,3
ALT-006511,smartphone,Unknown,fully_patched,True,student,2
ALT-006512,laptop,Android 13,partially_patched,True,student,1
ALT-006513,unknown,unknown,unknown,,unknown,
ALT-006514,laptop,Android 13,fully_patched,False,guest,2
ALT-006515,unknown,Windows 11,partially_patched,False,guest,0
ALT-006516,tablet,iOS 16,partially_patched,True,student,4
ALT-006517,smartphone,Windows 10,fully_patched,True,student,4
ALT-006518,tablet,Unknown,fully_patched,True,student,3
ALT-006519,laptop,Unknown,fully_patched,True,student,4
ALT-006520,laptop,Unknown,partially_patched,False,guest,3
ALT-006521,smartphone,macOS 13,fully_patched,True,student,2
ALT-006522,tablet,Windows 10,partially_patched,True,student,0
ALT-006523,smartphone,Android 13,unknown,False,guest,0
ALT-006524,tablet,iOS 16,partially_patched,True,student,2
ALT-006525,laptop,Unknown,unpatched,False,guest,1
ALT-006526,tablet,Ubuntu 22.04,fully_patched,True,student,2
ALT-006527,smartphone,Unknown,fully_patched,True,student,3
ALT-006528,laptop,Windows 11,partially_patched,False,guest,2
ALT-006529,tablet,Windows 10,partially_patched,False,guest,1
ALT-006530,laptop,Windows 10,fully_patched,False,guest,0
ALT-006531,smartphone,Windows 11,fully_patched,True,student,1
ALT-006532,unknown,unknown,unknown,,unknown,
ALT-006533,tablet,macOS 13,partially_patched,True,student,0
ALT-006534,workstation,Unknown,fully_patched,True,lab_admin,4
ALT-006535,smartphone,Windows 10,partially_patched,False,guest,3
ALT-006536,unknown,unknown,unknown,,unknown,
ALT-006537,unknown,unknown,unknown,,unknown,
ALT-006538,unknown,unknown,unknown,,unknown,
ALT-006539,laptop,Android 13,partially_patched,False,guest,0
ALT-006540,laptop,Ubuntu 22.04,fully_patched,True,student,2
ALT-006541,laptop,iOS 16,unpatched,True,student,0
ALT-006542,smartphone,Android 13,fully_patched,False,guest,0
ALT-006543,laptop,Unknown,fully_patched,True,student,1
ALT-006544,unknown,Windows 11,fully_patched,False,guest,0
ALT-006545,unknown,Ubuntu 22.04,fully_patched,False,guest,5
ALT-006546,smartphone,Android 13,partially_patched,False,guest,5
ALT-006547,unknown,iOS 16,unknown,False,guest,1
ALT-006548,smartphone,Windows 11,fully_patched,True,student,5
ALT-006549,server,Android 13,unpatched,True,lab_admin,0
ALT-006550,laptop,Android 13,fully_patched,True,lab_admin,1
ALT-006551,laptop,Unknown,fully_patched,False,guest,5
ALT-006552,tablet,Android 13,partially_patched,True,student,2
ALT-006553,laptop,macOS 13,partially_patched,True,student,5
ALT-006554,server,Ubuntu 22.04,unknown,True,lab_admin,0
ALT-006555,laptop,Windows 11,fully_patched,False,guest,1
ALT-006556,workstation,Windows 10,fully_patched,True,lab_admin,4
ALT-006557,tablet,Windows 10,fully_patched,True,student,0
ALT-006558,workstation,Windows 11,partially_patched,True,faculty,2
ALT-006559,tablet,Windows 10,partially_patched,True,student,1
ALT-006560,smartphone,iOS 16,unpatched,True,student,5
ALT-006561,tablet,Windows 10,fully_patched,True,student,5
ALT-006562,laptop,Windows 11,unpatched,True,lab_admin,3
ALT-006563,unknown,unknown,unknown,,unknown,
ALT-006564,smartphone,Ubuntu 22.04,unpatched,False,guest,5
ALT-006565,unknown,unknown,unknown,,unknown,
ALT-006566,unknown,unknown,unknown,,unknown,
ALT-006567,server,Android 13,fully_patched,True,lab_admin,2
ALT-006568,unknown,unknown,unknown,,unknown,
ALT-006569,unknown,unknown,unknown,,unknown,
ALT-006570,smartphone,Windows 10,partially_patched,False,guest,4
ALT-006571,unknown,Windows 11,fully_patched,False,guest,3
ALT-006572,tablet,Windows 10,partially_patched,True,student,5
ALT-006573,smartphone,Android 13,fully_patched,False,guest,3
ALT-006574,smartphone,Android 13,partially_patched,False,guest,1
ALT-006575,unknown,Windows 11,partially_patched,False,guest,3
ALT-006576,smartphone,Android 13,unknown,True,student,3
ALT-006577,smartphone,Windows 11,partially_patched,False,guest,4
ALT-006578,laptop,iOS 16,partially_patched,True,student,5
ALT-006579,smartphone,Ubuntu 22.04,fully_patched,False,guest,1
ALT-006580,unknown,Windows 11,fully_patched,False,guest,2
ALT-006581,unknown,unknown,unknown,,unknown,
ALT-006582,workstation,Android 13,fully_patched,True,faculty,0
ALT-006583,workstation,Ubuntu 22.04,unknown,True,faculty,3
ALT-006584,laptop,Unknown,fully_patched,True,lab_admin,0
ALT-006585,smartphone,Unknown,fully_patched,False,guest,3
ALT-006586,raspberry_pi,iOS 16,fully_patched,True,faculty,5
ALT-006587,workstation,Ubuntu 22.04,partially_patched,True,lab_admin,3
ALT-006588,laptop,macOS 13,fully_patched,True,faculty,4
ALT-006589,laptop,Ubuntu 22.04,partially_patched,False,guest,2
ALT-006590,smartphone,Unknown,partially_patched,False,guest,4
ALT-006591,laptop,Android 13,unpatched,False,guest,1
ALT-006592,tablet,macOS 13,fully_patched,True,student,3
ALT-006593,laptop,Windows 11,partially_patched,False,guest,4
ALT-006594,tablet,Windows 11,fully_patched,True,student,5
ALT-006595,laptop,Ubuntu 22.04,fully_patched,False,guest,4
ALT-006596,laptop,Windows 11,fully_patched,True,student,0
ALT-006597,server,Ubuntu 22.04,fully_patched,True,lab_admin,4
ALT-006598,laptop,Windows 11,unpatched,False,guest,0
ALT-006599,tablet,Unknown,unknown,True,student,4
ALT-006600,unknown,Android 13,unpatched,False,guest,5
ALT-006601,laptop,Ubuntu 22.04,partially_patched,False,guest,2
ALT-006602,unknown,Windows 11,unpatched,False,guest,0
ALT-006603,smartphone,Android 13,unpatched,False,guest,2
ALT-006604,laptop,Android 13,partially_patched,False,guest,4
ALT-006605,workstation,Windows 11,partially_patched,True,faculty,1
ALT-006606,laptop,macOS 13,fully_patched,True,student,1
ALT-006607,smartphone,macOS 13,partially_patched,True,student,1
ALT-006608,workstation,iOS 16,fully_patched,True,lab_admin,4
ALT-006609,smartphone,Unknown,fully_patched,True,student,3
ALT-006610,smartphone,Android 13,fully_patched,False,guest,1
ALT-006611,laptop,Windows 11,unpatched,False,guest,5
ALT-006612,laptop,iOS 16,partially_patched,False,guest,0
ALT-006613,smartphone,iOS 16,partially_patched,True,student,1
ALT-006614,laptop,Android 13,fully_patched,False,guest,5
ALT-006615,laptop,macOS 13,unpatched,True,student,4
ALT-006616,unknown,unknown,unknown,,unknown,
ALT-006617,unknown,unknown,unknown,,unknown,
ALT-006618,unknown,Windows 10,unpatched,False,guest,4
ALT-006619,tablet,Ubuntu 22.04,fully_patched,True,student,4
ALT-006620,unknown,Windows 10,partially_patched,False,guest,3
ALT-006621,laptop,Windows 10,fully_patched,False,guest,3
ALT-006622,laptop,iOS 16,unpatched,True,faculty,4
ALT-006623,tablet,iOS 16,fully_patched,False,guest,1
ALT-006624,unknown,unknown,unknown,,unknown,
ALT-006625,laptop,macOS 13,fully_patched,True,student,1
ALT-006626,smartphone,iOS 16,fully_patched,False,guest,3
ALT-006627,workstation,iOS 16,fully_patched,True,lab_admin,3
ALT-006628,laptop,Unknown,fully_patched,True,student,3
ALT-006629,smartphone,Android 13,fully_patched,False,guest,4
ALT-006630,unknown,Unknown,fully_patched,False,guest,5
ALT-006631,laptop,Windows 11,fully_patched,True,lab_admin,4
ALT-006632,laptop,Android 13,partially_patched,False,guest,5
ALT-006633,tablet,Windows 11,unpatched,True,student,1
ALT-006634,laptop,Windows 10,fully_patched,True,guest,0
ALT-006635,laptop,iOS 16,partially_patched,True,guest,0
ALT-006636,smartphone,macOS 13,partially_patched,True,student,2
ALT-006637,unknown,unknown,unknown,,unknown,
ALT-006638,laptop,Android 13,fully_patched,True,student,2
ALT-006639,smartphone,Android 13,fully_patched,False,guest,4
ALT-006640,tablet,Android 13,fully_patched,True,student,0
ALT-006641,unknown,unknown,unknown,,unknown,
ALT-006642,laptop,macOS 13,fully_patched,True,student,4
ALT-006643,smartphone,iOS 16,fully_patched,False,guest,2
ALT-006644,unknown,Android 13,partially_patched,False,guest,2
ALT-006645,laptop,iOS 16,partially_patched,False,guest,0
ALT-006646,tablet,Android 13,fully_patched,True,student,3
ALT-006647,unknown,iOS 16,unknown,False,guest,2
ALT-006648,unknown,Android 13,unpatched,False,guest,2
ALT-006649,smartphone,Windows 11,fully_patched,True,student,4
ALT-006650,laptop,macOS 13,fully_patched,False,guest,3
ALT-006651,unknown,Windows 11,partially_patched,False,guest,3
ALT-006652,unknown,Ubuntu 22.04,fully_patched,False,guest,3
ALT-006653,smartphone,Android 13,fully_patched,True,student,4
ALT-006654,tablet,Windows 11,fully_patched,True,student,4
ALT-006655,unknown,iOS 16,fully_patched,False,guest,5
ALT-006656,laptop,macOS 13,partially_patched,True,guest,0
ALT-006657,unknown,Ubuntu 22.04,partially_patched,False,guest,1
ALT-006658,tablet,Unknown,fully_patched,True,student,1
ALT-006659,smartphone,Android 13,fully_patched,True,student,2
ALT-006660,smartphone,Windows 11,fully_patched,True,student,5
ALT-006661,unknown,macOS 13,fully_patched,False,guest,5
ALT-006662,smartphone,iOS 16,fully_patched,False,guest,0
ALT-006663,laptop,Unknown,partially_patched,True,student,5
ALT-006664,smartphone,macOS 13,fully_patched,False,guest,2
ALT-006665,tablet,iOS 16,fully_patched,True,student,3
ALT-006666,unknown,unknown,unknown,,unknown,
ALT-006667,laptop,Ubuntu 22.04,fully_patched,True,student,5
ALT-006668,unknown,Windows 10,fully_patched,False,guest,5
ALT-006669,smartphone,macOS 13,unpatched,True,student,0
ALT-006670,unknown,Windows 11,fully_patched,False,guest,4
ALT-006671,unknown,Windows 11,unknown,False,guest,5
ALT-006672,laptop,Unknown,partially_patched,True,student,4
ALT-006673,smartphone,Unknown,partially_patched,True,student,2
ALT-006674,laptop,Windows 10,fully_patched,False,guest,5
ALT-006675,laptop,macOS 13,fully_patched,True,student,3
ALT-006676,smartphone,Windows 11,fully_patched,False,guest,4
ALT-006677,laptop,macOS 13,partially_patched,False,guest,4
ALT-006678,unknown,unknown,unknown,,unknown,
ALT-006679,smartphone,Ubuntu 22.04,partially_patched,True,student,2
ALT-006680,laptop,Android 13,unpatched,True,student,4
ALT-006681,laptop,Android 13,fully_patched,True,student,4
ALT-006682,unknown,unknown,unknown,,unknown,
ALT-006683,unknown,Android 13,partially_patched,False,guest,4
ALT-006684,unknown,unknown,unknown,,unknown,
ALT-006685,unknown,Windows 10,partially_patched,False,guest,1
ALT-006686,laptop,Android 13,partially_patched,True,student,1
ALT-006687,smartphone,Windows 11,fully_patched,False,guest,2
ALT-006688,smartphone,iOS 16,partially_patched,False,guest,2
ALT-006689,workstation,Unknown,fully_patched,True,lab_admin,0
ALT-006690,unknown,unknown,unknown,,unknown,
ALT-006691,laptop,Android 13,partially_patched,False,guest,1
ALT-006692,unknown,macOS 13,fully_patched,False,guest,4
ALT-006693,raspberry_pi,Windows 11,partially_patched,True,faculty,5
ALT-006694,smartphone,Android 13,partially_patched,True,student,2
ALT-006695,workstation,Ubuntu 22.04,unknown,True,lab_admin,0
ALT-006696,laptop,Unknown,partially_patched,True,student,4
ALT-006697,smartphone,Windows 11,partially_patched,False,guest,0
ALT-006698,smartphone,Windows 11,fully_patched,True,student,0
ALT-006699,smartphone,Windows 11,partially_patched,False,guest,1
ALT-006700,laptop,Unknown,unpatched,False,guest,2
ALT-006701,raspberry_pi,Android 13,unpatched,True,faculty,5
ALT-006702,smartphone,iOS 16,fully_patched,True,student,3
ALT-006703,tablet,Windows 10,partially_patched,False,guest,1
ALT-006704,tablet,Windows 10,unknown,True,student,5
ALT-006705,unknown,unknown,unknown,,unknown,
ALT-006706,laptop,iOS 16,partially_patched,True,guest,0
ALT-006707,server,Ubuntu 22.04,fully_patched,True,faculty,0
ALT-006708,smartphone,Android 13,unknown,True,student,1
ALT-006709,laptop,iOS 16,fully_patched,True,student,0
ALT-006710,smartphone,Windows 11,partially_patched,False,guest,5
ALT-006711,unknown,unknown,unknown,,unknown,
ALT-006712,smartphone,Windows 11,fully_patched,False,guest,2
ALT-006713,unknown,Unknown,fully_patched,False,guest,4
ALT-006714,laptop,Android 13,fully_patched,False,guest,3
ALT-006715,unknown,iOS 16,unpatched,False,guest,5
ALT-006716,smartphone,Windows 10,fully_patched,False,guest,3
ALT-006717,smartphone,Windows 10,partially_patched,True,student,4
ALT-006718,unknown,Ubuntu 22.04,unpatched,False,guest,1
ALT-006719,unknown,unknown,unknown,,unknown,
ALT-006720,laptop,Unknown,fully_patched,True,student,3
ALT-006721,laptop,macOS 13,fully_patched,False,guest,2
ALT-006722,unknown,unknown,unknown,,unknown,
ALT-006723,laptop,Android 13,fully_patched,False,guest,3
ALT-006724,laptop,macOS 13,fully_patched,False,guest,4
ALT-006725,tablet,Ubuntu 22.04,fully_patched,True,student,5
ALT-006726,laptop,Unknown,fully_patched,False,guest,0
ALT-006727,unknown,Android 13,partially_patched,False,guest,1
ALT-006728,smartphone,iOS 16,fully_patched,False,guest,2
ALT-006729,laptop,Unknown,fully_patched,False,guest,1
ALT-006730,laptop,Windows 11,unpatched,False,guest,3
ALT-006731,laptop,macOS 13,fully_patched,False,guest,2
ALT-006732,smartphone,iOS 16,fully_patched,True,guest,1
ALT-006733,smartphone,macOS 13,fully_patched,False,guest,3
ALT-006734,unknown,Windows 10,fully_patched,False,guest,3
ALT-006735,laptop,macOS 13,partially_patched,False,guest,2
ALT-006736,unknown,Windows 11,unpatched,False,guest,0
ALT-006737,smartphone,Ubuntu 22.04,partially_patched,True,student,1
ALT-006738,workstation,Ubuntu 22.04,partially_patched,True,faculty,0
ALT-006739,smartphone,Windows 11,partially_patched,True,student,2
ALT-006740,laptop,Windows 10,partially_patched,False,guest,0
ALT-006741,unknown,unknown,unknown,,unknown,
ALT-006742,laptop,Windows 11,fully_patched,False,guest,2
ALT-006743,unknown,macOS 13,partially_patched,False,guest,0
ALT-006744,unknown,macOS 13,fully_patched,False,guest,3
ALT-006745,laptop,Windows 10,fully_patched,True,student,0
ALT-006746,unknown,unknown,unknown,,unknown,
ALT-006747,unknown,Android 13,fully_patched,False,guest,4
ALT-006748,unknown,unknown,unknown,,unknown,
ALT-006749,tablet,macOS 13,unknown,True,student,3
ALT-006750,smartphone,Windows 10,fully_patched,True,student,0
ALT-006751,unknown,unknown,unknown,,unknown,
ALT-006752,unknown,Windows 10,fully_patched,False,guest,5
ALT-006753,smartphone,macOS 13,fully_patched,True,student,2
ALT-006754,laptop,Android 13,unknown,False,guest,5
ALT-006755,smartphone,Android 13,partially_patched,True,student,1
ALT-006756,workstation,Windows 10,fully_patched,True,faculty,1
ALT-006757,unknown,iOS 16,unknown,False,guest,5
ALT-006758,laptop,Windows 10,fully_patched,True,student,1
ALT-006759,laptop,Windows 11,fully_patched,True,student,2
ALT-006760,laptop,iOS 16,unknown,False,guest,2
ALT-006761,tablet,iOS 16,unknown,True,student,1
ALT-006762,smartphone,macOS 13,fully_patched,True,student,3
ALT-006763,workstation,iOS 16,fully_patched,True,faculty,3
ALT-006764,unknown,unknown,unknown,,unknown,
ALT-006765,laptop,Ubuntu 22.04,unpatched,False,guest,1
ALT-006766,raspberry_pi,Windows 10,fully_patched,True,faculty,3
ALT-006767,laptop,Unknown,fully_patched,False,guest,0
ALT-006768,unknown,unknown,unknown,,unknown,
ALT-006769,laptop,Unknown,fully_patched,False,guest,3
ALT-006770,unknown,unknown,unknown,,unknown,
ALT-006771,laptop,Android 13,fully_patched,True,student,3
ALT-006772,unknown,iOS 16,partially_patched,False,guest,2
ALT-006773,laptop,iOS 16,fully_patched,True,student,2
ALT-006774,laptop,Ubuntu 22.04,fully_patched,False,guest,5
ALT-006775,smartphone,Android 13,unpatched,False,guest,3
ALT-006776,smartphone,Windows 10,partially_patched,True,student,0
ALT-006777,unknown,Windows 11,partially_patched,False,guest,3
ALT-006778,unknown,unknown,unknown,,unknown,
ALT-006779,smartphone,Windows 10,partially_patched,True,student,5
ALT-006780,smartphone,Windows 11,unpatched,False,guest,4
ALT-006781,smartphone,Android 13,partially_patched,False,guest,1
ALT-006782,laptop,Windows 10,fully_patched,False,guest,4
ALT-006783,unknown,unknown,unknown,,unknown,
ALT-006784,smartphone,Ubuntu 22.04,fully_patched,False,guest,4
ALT-006785,laptop,Windows 10,partially_patched,True,student,0
ALT-006786,laptop,Windows 10,unpatched,False,guest,5
ALT-006787,smartphone,Android 13,partially_patched,False,guest,1
ALT-006788,laptop,Windows 11,fully_patched,True,student,4
ALT-006789,laptop,Ubuntu 22.04,unpatched,False,guest,0
ALT-006790,smartphone,macOS 13,fully_patched,True,student,3
ALT-006791,smartphone,iOS 16,fully_patched,True,student,0
ALT-006792,laptop,iOS 16,fully_patched,False,guest,5
ALT-006793,tablet,Unknown,fully_patched,True,student,2
ALT-006794,laptop,Ubuntu 22.04,fully_patched,True,student,1
ALT-006795,smartphone,Unknown,fully_patched,False,guest,1
ALT-006796,tablet,Windows 11,partially_patched,True,student,5
ALT-006797,laptop,Android 13,fully_patched,False,guest,0
ALT-006798,unknown,Unknown,fully_patched,False,guest,2
ALT-006799,smartphone,Windows 10,unpatched,False,guest,1
ALT-006800,unknown,unknown,unknown,,unknown,
ALT-006801,unknown,macOS 13,unknown,False,guest,2
ALT-006802,tablet,macOS 13,partially_patched,True,student,1
ALT-006803,smartphone,macOS 13,fully_patched,True,student,1
ALT-006804,smartphone,Unknown,unpatched,False,guest,3
ALT-006805,unknown,Unknown,unknown,False,guest,5
ALT-006806,unknown,Android 13,unpatched,False,guest,5
ALT-006807,smartphone,Windows 10,fully_patched,True,student,4
ALT-006808,unknown,iOS 16,partially_patched,False,guest,4
ALT-006809,smartphone,iOS 16,partially_patched,True,student,1
ALT-006810,smartphone,Android 13,partially_patched,True,student,5
ALT-006811,laptop,Windows 11,partially_patched,False,guest,1
ALT-006812,workstation,iOS 16,fully_patched,True,lab_admin,5
ALT-006813,laptop,Windows 10,partially_patched,True,student,3
ALT-006814,unknown,unknown,unknown,,unknown,
ALT-006815,smartphone,Unknown,partially_patched,True,student,2
ALT-006816,smartphone,Unknown,fully_patched,False,guest,3
ALT-006817,laptop,Unknown,unknown,True,student,2
ALT-006818,workstation,macOS 13,fully_patched,True,faculty,1
ALT-006819,tablet,Unknown,fully_patched,True,student,2
ALT-006820,unknown,Windows 11,fully_patched,False,guest,4
ALT-006821,laptop,Windows 10,unknown,False,guest,5
ALT-006822,laptop,Unknown,fully_patched,True,student,3
ALT-006823,smartphone,iOS 16,fully_patched,True,guest,0
ALT-006824,unknown,unknown,unknown,,unknown,
ALT-006825,unknown,Unknown,partially_patched,False,guest,4
ALT-006826,raspberry_pi,Android 13,partially_patched,True,faculty,1
ALT-006827,tablet,macOS 13,unpatched,True,student,5
ALT-006828,laptop,Android 13,fully_patched,True,student,4
ALT-006829,unknown,Windows 11,partially_patched,False,guest,0
ALT-006830,tablet,macOS 13,fully_patched,True,student,4
ALT-006831,unknown,macOS 13,fully_patched,False,guest,0
ALT-006832,laptop,Unknown,fully_patched,True,student,2
ALT-006833,smartphone,iOS 16,fully_patched,False,guest,3
ALT-006834,unknown,Ubuntu 22.04,unknown,False,guest,3
ALT-006835,smartphone,iOS 16,partially_patched,False,guest,5
ALT-006836,laptop,macOS 13,partially_patched,False,guest,0
ALT-006837,smartphone,Windows 10,fully_patched,False,guest,0
ALT-006838,unknown,Ubuntu 22.04,fully_patched,False,guest,4
ALT-006839,smartphone,Windows 10,fully_patched,True,student,0
ALT-006840,laptop,Windows 10,unpatched,True,lab_admin,5
ALT-006841,laptop,Unknown,partially_patched,False,guest,2
ALT-006842,smartphone,macOS 13,partially_patched,True,student,0
ALT-006843,smartphone,iOS 16,fully_patched,False,guest,2
ALT-006844,tablet,Android 13,partially_patched,True,guest,0
ALT-006845,laptop,Ubuntu 22.04,fully_patched,False,guest,2
ALT-006846,smartphone,Windows 11,partially_patched,False,guest,2
ALT-006847,smartphone,Unknown,unknown,False,guest,1
ALT-006848,unknown,unknown,unknown,,unknown,
ALT-006849,workstation,Windows 11,fully_patched,True,faculty,0
ALT-006850,smartphone,iOS 16,partially_patched,True,student,4
ALT-006851,laptop,Android 13,partially_patched,False,guest,0
ALT-006852,unknown,unknown,unknown,,unknown,
ALT-006853,smartphone,iOS 16,fully_patched,False,guest,2
ALT-006854,unknown,Windows 11,unpatched,False,guest,5
ALT-006855,laptop,macOS 13,unpatched,False,guest,1
ALT-006856,laptop,Windows 10,partially_patched,True,student,0
ALT-006857,smartphone,Windows 10,unpatched,False,guest,0
ALT-006858,laptop,iOS 16,fully_patched,True,student,2
ALT-006859,smartphone,Windows 11,partially_patched,False,guest,2
ALT-006860,smartphone,Windows 11,unpatched,True,student,0
ALT-006861,smartphone,Windows 10,fully_patched,True,student,3
ALT-006862,unknown,unknown,unknown,,unknown,
ALT-006863,smartphone,Unknown,partially_patched,False,guest,3
ALT-006864,smartphone,Ubuntu 22.04,partially_patched,True,student,0
ALT-006865,tablet,Android 13,fully_patched,True,student,2
ALT-006866,smartphone,Android 13,partially_patched,False,guest,0
ALT-006867,laptop,Unknown,fully_patched,False,guest,3
ALT-006868,raspberry_pi,Unknown,fully_patched,True,lab_admin,2
ALT-006869,laptop,iOS 16,unpatched,False,guest,0
ALT-006870,tablet,macOS 13,fully_patched,True,student,2
ALT-006871,laptop,Ubuntu 22.04,fully_patched,True,student,5
ALT-006872,tablet,macOS 13,fully_patched,True,student,2
ALT-006873,raspberry_pi,Ubuntu 22.04,partially_patched,True,faculty,5
ALT-006874,unknown,unknown,unknown,,unknown,
ALT-006875,unknown,unknown,unknown,,unknown,
ALT-006876,smartphone,Windows 10,fully_patched,True,student,5
ALT-006877,smartphone,Unknown,partially_patched,False,guest,1
ALT-006878,laptop,Ubuntu 22.04,fully_patched,True,student,4
ALT-006879,smartphone,Windows 11,fully_patched,True,student,2
ALT-006880,laptop,Windows 10,unpatched,False,guest,2
ALT-006881,tablet,Ubuntu 22.04,unknown,True,student,3
ALT-006882,unknown,Windows 10,fully_patched,False,guest,3
ALT-006883,server,Windows 11,partially_patched,True,lab_admin,3
ALT-006884,laptop,Windows 11,partially_patched,True,student,0
ALT-006885,workstation,Ubuntu 22.04,fully_patched,True,lab_admin,1
ALT-006886,smartphone,macOS 13,fully_patched,False,guest,4
ALT-006887,tablet,Android 13,partially_patched,True,student,3
ALT-006888,smartphone,Unknown,unpatched,True,student,0
ALT-006889,unknown,Android 13,partially_patched,False,guest,0
ALT-006890,laptop,Windows 11,fully_patched,False,guest,5
ALT-006891,unknown,macOS 13,fully_patched,False,guest,2
ALT-006892,tablet,Unknown,partially_patched,True,student,5
ALT-006893,unknown,Ubuntu 22.04,fully_patched,False,guest,4
ALT-006894,laptop,Windows 10,fully_patched,True,student,2
ALT-006895,tablet,macOS 13,fully_patched,True,student,0
ALT-006896,smartphone,Ubuntu 22.04,fully_patched,True,student,3
ALT-006897,smartphone,Android 13,fully_patched,False,guest,4
ALT-006898,smartphone,Android 13,unpatched,False,guest,1
ALT-006899,smartphone,Windows 11,unpatched,False,guest,4
ALT-006900,smartphone,Unknown,fully_patched,True,student,3
ALT-006901,smartphone,iOS 16,fully_patched,False,guest,5
ALT-006902,unknown,Unknown,unpatched,False,guest,0
ALT-006903,laptop,Ubuntu 22.04,fully_patched,False,guest,0
ALT-006904,smartphone,iOS 16,partially_patched,False,guest,0
ALT-006905,laptop,macOS 13,fully_patched,True,student,4
ALT-006906,unknown,Unknown,fully_patched,False,guest,5
ALT-006907,smartphone,iOS 16,fully_patched,False,guest,3
ALT-006908,unknown,unknown,unknown,,unknown,
ALT-006909,smartphone,Windows 11,unknown,True,student,4
ALT-006910,laptop,iOS 16,fully_patched,False,guest,2
ALT-006911,laptop,Android 13,fully_patched,False,guest,3
ALT-006912,laptop,Windows 11,fully_patched,False,guest,5
ALT-006913,unknown,unknown,unknown,,unknown,
ALT-006914,smartphone,Android 13,fully_patched,True,student,0
ALT-006915,workstation,Windows 10,fully_patched,True,faculty,2
ALT-006916,smartphone,macOS 13,unknown,True,student,5
ALT-006917,laptop,Windows 10,partially_patched,True,student,5
ALT-006918,smartphone,macOS 13,fully_patched,False,guest,5
ALT-006919,laptop,iOS 16,partially_patched,False,guest,5
ALT-006920,server,Unknown,partially_patched,True,faculty,4
ALT-006921,laptop,iOS 16,partially_patched,False,guest,0
ALT-006922,unknown,unknown,unknown,,unknown,
ALT-006923,workstation,Windows 11,fully_patched,True,lab_admin,0
ALT-006924,smartphone,Android 13,partially_patched,True,student,5
ALT-006925,raspberry_pi,Ubuntu 22.04,fully_patched,True,lab_admin,2
ALT-006926,raspberry_pi,Windows 11,unknown,True,faculty,5
ALT-006927,unknown,Unknown,fully_patched,False,guest,2
ALT-006928,smartphone,Ubuntu 22.04,fully_patched,False,guest,3
ALT-006929,smartphone,Unknown,fully_patched,True,student,5
ALT-006930,smartphone,Unknown,partially_patched,True,student,5
ALT-006931,laptop,Android 13,fully_patched,False,guest,2
ALT-006932,laptop,Windows 10,partially_patched,True,student,5
ALT-006933,smartphone,Ubuntu 22.04,fully_patched,False,guest,3
ALT-006934,smartphone,Windows 10,partially_patched,False,guest,0
ALT-006935,laptop,macOS 13,fully_patched,True,student,3
ALT-006936,raspberry_pi,Windows 11,partially_patched,True,lab_admin,2
ALT-006937,laptop,Windows 10,fully_patched,False,guest,0
ALT-006938,smartphone,Windows 11,fully_patched,True,student,3
ALT-006939,unknown,unknown,unknown,,unknown,
ALT-006940,workstation,Windows 10,fully_patched,True,lab_admin,5
ALT-006941,laptop,Windows 10,fully_patched,False,guest,4
ALT-006942,smartphone,Unknown,partially_patched,True,student,1
ALT-006943,unknown,unknown,unknown,,unknown,
ALT-006944,laptop,Ubuntu 22.04,partially_patched,True,student,4
ALT-006945,laptop,Windows 11,partially_patched,False,guest,0
ALT-006946,tablet,iOS 16,fully_patched,True,student,1
ALT-006947,unknown,unknown,unknown,,unknown,
ALT-006948,smartphone,Android 13,fully_patched,True,student,2
ALT-006949,smartphone,iOS 16,partially_patched,False,guest,2
ALT-006950,raspberry_pi,Ubuntu 22.04,unpatched,True,faculty,3
ALT-006951,server,Ubuntu 22.04,partially_patched,True,faculty,2
ALT-006952,unknown,Android 13,fully_patched,False,guest,4
ALT-006953,unknown,Windows 10,fully_patched,False,guest,4
ALT-006954,workstation,Windows 11,fully_patched,True,faculty,3
ALT-006955,smartphone,Ubuntu 22.04,fully_patched,False,guest,0
ALT-006956,unknown,unknown,unknown,,unknown,
ALT-006957,unknown,iOS 16,partially_patched,False,guest,5
ALT-006958,smartphone,Windows 11,fully_patched,True,student,4
ALT-006959,unknown,Windows 10,fully_patched,False,guest,5
ALT-006960,workstation,Unknown,partially_patched,True,lab_admin,1
ALT-006961,laptop,Windows 11,unpatched,True,lab_admin,3
ALT-006962,smartphone,Windows 10,partially_patched,True,student,5
ALT-006963,smartphone,iOS 16,fully_patched,True,student,5
ALT-006964,laptop,macOS 13,fully_patched,True,student,0
ALT-006965,laptop,macOS 13,fully_patched,True,student,3
ALT-006966,smartphone,Windows 10,partially_patched,True,student,4
ALT-006967,smartphone,Unknown,fully_patched,True,student,5
ALT-006968,smartphone,iOS 16,fully_patched,False,guest,2
ALT-006969,raspberry_pi,Windows 11,partially_patched,True,lab_admin,2
ALT-006970,tablet,Unknown,partially_patched,True,student,1
ALT-006971,smartphone,Unknown,partially_patched,False,guest,3
ALT-006972,laptop,iOS 16,unknown,False,guest,3
ALT-006973,unknown,unknown,unknown,,unknown,
ALT-006974,unknown,Windows 11,partially_patched,False,guest,5
ALT-006975,unknown,macOS 13,partially_patched,False,guest,5
ALT-006976,raspberry_pi,iOS 16,unknown,True,faculty,3
ALT-006977,unknown,Windows 10,partially_patched,False,guest,2
ALT-006978,smartphone,Android 13,fully_patched,True,student,3
ALT-006979,raspberry_pi,Windows 11,fully_patched,True,lab_admin,4
ALT-006980,laptop,iOS 16,fully_patched,True,student,2
ALT-006981,laptop,macOS 13,partially_patched,False,guest,5
ALT-006982,unknown,unknown,unknown,,unknown,
ALT-006983,laptop,Ubuntu 22.04,fully_patched,True,student,5
ALT-006984,workstation,Windows 10,unpatched,True,faculty,2
ALT-006985,laptop,Unknown,fully_patched,True,student,1
ALT-006986,tablet,iOS 16,fully_patched,True,student,4
ALT-006987,smartphone,macOS 13,unpatched,True,student,2
ALT-006988,laptop,Android 13,fully_patched,True,student,5
ALT-006989,smartphone,Unknown,unknown,False,guest,1
ALT-006990,smartphone,macOS 13,fully_patched,False,guest,3
ALT-006991,workstation,Android 13,unpatched,True,lab_admin,0
ALT-006992,laptop,Windows 11,partially_patched,False,guest,4
ALT-006993,tablet,iOS 16,unknown,True,student,5
ALT-006994,smartphone,macOS 13,unpatched,False,guest,2
ALT-006995,laptop,Android 13,unpatched,False,guest,3
ALT-006996,unknown,Ubuntu 22.04,unpatched,False,guest,2
ALT-006997,smartphone,Windows 11,unpatched,True,student,2
ALT-006998,tablet,Windows 10,partially_patched,True,student,5
ALT-006999,smartphone,macOS 13,fully_patched,True,student,0
ALT-007000,unknown,unknown,unknown,,unknown,
ALT-007001,laptop,Ubuntu 22.04,fully_patched,False,guest,0
ALT-007002,smartphone,macOS 13,fully_patched,False,guest,1
ALT-007003,laptop,Unknown,fully_patched,True,student,2
ALT-007004,laptop,Unknown,fully_patched,False,guest,5
ALT-007005,smartphone,iOS 16,fully_patched,True,student,5
ALT-007006,laptop,Windows 11,fully_patched,False,guest,3
ALT-007007,unknown,unknown,unknown,,unknown,
ALT-007008,unknown,unknown,unknown,,unknown,
ALT-007009,unknown,macOS 13,partially_patched,False,guest,1
ALT-007010,smartphone,Windows 10,fully_patched,True,guest,0
ALT-007011,laptop,Ubuntu 22.04,partially_patched,True,student,3
ALT-007012,laptop,iOS 16,partially_patched,True,guest,1
ALT-007013,smartphone,iOS 16,fully_patched,True,student,0
ALT-007014,smartphone,Unknown,partially_patched,True,student,5
ALT-007015,unknown,unknown,unknown,,unknown,
ALT-007016,smartphone,Windows 10,unpatched,False,guest,1
ALT-007017,laptop,Windows 10,fully_patched,False,guest,0
ALT-007018,laptop,Android 13,fully_patched,True,student,1
ALT-007019,laptop,Unknown,fully_patched,True,student,1
ALT-007020,tablet,Windows 10,fully_patched,True,student,4
ALT-007021,laptop,Android 13,fully_patched,True,student,0
ALT-007022,smartphone,Windows 11,partially_patched,True,student,0
ALT-007023,server,Windows 10,fully_patched,True,faculty,2
ALT-007024,unknown,unknown,unknown,,unknown,
ALT-007025,unknown,macOS 13,unpatched,False,guest,2
ALT-007026,smartphone,macOS 13,fully_patched,True,student,1
ALT-007027,smartphone,Windows 11,unknown,False,guest,1
ALT-007028,unknown,unknown,unknown,,unknown,
ALT-007029,unknown,iOS 16,partially_patched,False,guest,5
ALT-007030,smartphone,iOS 16,unpatched,False,guest,1
ALT-007031,unknown,unknown,unknown,,unknown,
ALT-007032,tablet,iOS 16,partially_patched,True,student,4
ALT-007033,laptop,macOS 13,partially_patched,True,student,2
ALT-007034,laptop,Windows 10,fully_patched,True,guest,0
ALT-007035,smartphone,Windows 11,fully_patched,False,guest,4
ALT-007036,smartphone,Unknown,fully_patched,False,guest,4
ALT-007037,tablet,Windows 11,fully_patched,True,student,3
ALT-007038,unknown,Unknown,fully_patched,False,guest,0
ALT-007039,unknown,macOS 13,fully_patched,False,guest,1
ALT-007040,tablet,Windows 10,fully_patched,True,student,5
ALT-007041,tablet,Ubuntu 22.04,unpatched,True,student,5
ALT-007042,server,Ubuntu 22.04,partially_patched,True,lab_admin,4
ALT-007043,laptop,Unknown,partially_patched,True,student,1
ALT-007044,unknown,Windows 11,fully_patched,False,guest,5
ALT-007045,smartphone,iOS 16,fully_patched,True,student,3
ALT-007046,unknown,Ubuntu 22.04,fully_patched,False,guest,4
ALT-007047,laptop,Windows 10,fully_patched,True,student,3
ALT-007048,laptop,iOS 16,unpatched,False,guest,2
ALT-007049,smartphone,Unknown,fully_patched,True,student,0
ALT-007050,unknown,unknown,unknown,,unknown,
ALT-007051,laptop,macOS 13,partially_patched,False,guest,2
ALT-007052,laptop,Android 13,fully_patched,False,guest,0
ALT-007053,laptop,Ubuntu 22.04,partially_patched,True,faculty,4
ALT-007054,smartphone,iOS 16,fully_patched,False,guest,1
ALT-007055,tablet,Windows 10,fully_patched,True,student,4
ALT-007056,server,iOS 16,fully_patched,True,faculty,5
ALT-007057,laptop,iOS 16,fully_patched,False,guest,4
ALT-007058,smartphone,Windows 10,partially_patched,False,guest,1
ALT-007059,workstation,Unknown,fully_patched,True,faculty,1
ALT-007060,smartphone,Unknown,partially_patched,False,guest,5
ALT-007061,laptop,Windows 10,partially_patched,False,guest,0
ALT-007062,smartphone,macOS 13,fully_patched,False,guest,3
ALT-007063,server,Ubuntu 22.04,fully_patched,True,faculty,0
ALT-007064,smartphone,Windows 10,unknown,False,guest,5
ALT-007065,unknown,unknown,unknown,,unknown,
ALT-007066,unknown,Windows 10,fully_patched,False,guest,1
ALT-007067,laptop,macOS 13,partially_patched,False,guest,4
ALT-007068,laptop,iOS 16,partially_patched,False,guest,1
ALT-007069,unknown,Windows 10,fully_patched,False,guest,4
ALT-007070,unknown,unknown,unknown,,unknown,
ALT-007071,laptop,Unknown,fully_patched,True,lab_admin,1
ALT-007072,unknown,Windows 10,fully_patched,False,guest,1
ALT-007073,tablet,Ubuntu 22.04,fully_patched,True,student,0
ALT-007074,workstation,iOS 16,unpatched,True,faculty,3
ALT-007075,server,Unknown,fully_patched,True,lab_admin,1
ALT-007076,smartphone,Windows 11,unpatched,False,guest,4
ALT-007077,server,Unknown,unknown,True,faculty,3
ALT-007078,laptop,Unknown,fully_patched,False,guest,5
ALT-007079,smartphone,Windows 11,fully_patched,False,guest,5
ALT-007080,unknown,unknown,unknown,,unknown,
ALT-007081,unknown,unknown,unknown,,unknown,
ALT-007082,unknown,unknown,unknown,,unknown,
ALT-007083,laptop,Android 13,unpatched,False,guest,0
ALT-007084,unknown,Ubuntu 22.04,fully_patched,False,guest,0
ALT-007085,unknown,Ubuntu 22.04,fully_patched,False,guest,5
ALT-007086,smartphone,Android 13,fully_patched,False,guest,4
ALT-007087,smartphone,Unknown,fully_patched,False,guest,1
ALT-007088,laptop,Android 13,fully_patched,True,student,3
ALT-007089,smartphone,Ubuntu 22.04,partially_patched,False,guest,1
ALT-007090,laptop,iOS 16,partially_patched,False,guest,4
ALT-007091,laptop,Ubuntu 22.04,partially_patched,False,guest,4
ALT-007092,smartphone,Windows 10,unpatched,True,student,4
ALT-007093,smartphone,Windows 11,fully_patched,False,guest,5
ALT-007094,smartphone,Windows 11,unpatched,False,guest,5
ALT-007095,unknown,Android 13,fully_patched,False,guest,4
ALT-007096,tablet,Android 13,fully_patched,True,student,3
ALT-007097,tablet,Windows 10,fully_patched,True,student,4
ALT-007098,tablet,Windows 11,partially_patched,True,student,2
ALT-007099,smartphone,iOS 16,partially_patched,False,guest,0
ALT-007100,unknown,Ubuntu 22.04,fully_patched,False,guest,1
ALT-007101,workstation,Unknown,fully_patched,True,lab_admin,5
ALT-007102,unknown,unknown,unknown,,unknown,
ALT-007103,laptop,macOS 13,partially_patched,False,guest,5
ALT-007104,laptop,Ubuntu 22.04,fully_patched,True,student,5
ALT-007105,unknown,unknown,unknown,,unknown,
ALT-007106,workstation,Ubuntu 22.04,fully_patched,True,lab_admin,5
ALT-007107,tablet,macOS 13,unpatched,True,student,5
ALT-007108,unknown,unknown,unknown,,unknown,
ALT-007109,smartphone,Unknown,fully_patched,False,guest,3
ALT-007110,unknown,iOS 16,fully_patched,False,guest,1
ALT-007111,smartphone,Android 13,partially_patched,False,guest,4
ALT-007112,workstation,Unknown,fully_patched,True,faculty,1
ALT-007113,unknown,iOS 16,unpatched,False,guest,2
ALT-007114,workstation,Android 13,fully_patched,True,lab_admin,2
ALT-007115,workstation,iOS 16,partially_patched,True,lab_admin,5
ALT-007116,unknown,Windows 10,fully_patched,False,guest,1
ALT-007117,laptop,Windows 10,fully_patched,True,guest,0
ALT-007118,smartphone,Windows 11,partially_patched,False,guest,1
ALT-007119,tablet,Android 13,partially_patched,True,student,0
ALT-007120,laptop,Windows 11,partially_patched,False,guest,4
ALT-007121,laptop,Ubuntu 22.04,fully_patched,True,student,1
ALT-007122,unknown,Windows 10,unpatched,False,guest,0
ALT-007123,tablet,Windows 10,unknown,True,student,3
ALT-007124,laptop,macOS 13,fully_patched,True,student,5
ALT-007125,workstation,macOS 13,partially_patched,True,lab_admin,5
ALT-007126,tablet,Windows 11,fully_patched,True,student,4
ALT-007127,laptop,Unknown,fully_patched,False,guest,0
ALT-007128,smartphone,iOS 16,fully_patched,True,student,5
ALT-007129,unknown,macOS 13,fully_patched,False,guest,3
ALT-007130,laptop,iOS 16,unpatched,True,student,2
ALT-007131,laptop,Windows 11,fully_patched,False,guest,1
ALT-007132,unknown,Unknown,fully_patched,False,guest,0
ALT-007133,smartphone,Windows 11,partially_patched,False,guest,1
ALT-007134,laptop,Windows 10,fully_patched,False,guest,1
ALT-007135,laptop,Unknown,fully_patched,True,student,0
ALT-007136,unknown,unknown,unknown,,unknown,
ALT-007137,server,Windows 10,unpatched,True,faculty,2
ALT-007138,smartphone,Windows 11,partially_patched,True,student,4
ALT-007139,server,Windows 10,partially_patched,True,faculty,0
ALT-007140,workstation,Windows 11,fully_patched,True,lab_admin,1
ALT-007141,unknown,Unknown,fully_patched,False,guest,3
ALT-007142,laptop,Windows 11,fully_patched,True,lab_admin,2
ALT-007143,smartphone,Windows 11,fully_patched,False,guest,1
ALT-007144,smartphone,Android 13,fully_patched,False,guest,0
ALT-007145,laptop,Unknown,partially_patched,False,guest,2
ALT-007146,tablet,iOS 16,fully_patched,True,student,2
ALT-007147,server,Ubuntu 22.04,fully_patched,True,lab_admin,3
ALT-007148,unknown,Android 13,partially_patched,False,guest,0
ALT-007149,laptop,Windows 10,partially_patched,True,guest,0
ALT-007150,raspberry_pi,macOS 13,partially_patched,True,faculty,5
ALT-007151,unknown,unknown,unknown,,unknown,
ALT-007152,smartphone,Android 13,fully_patched,True,student,0
ALT-007153,workstation,Android 13,partially_patched,True,lab_admin,1
ALT-007154,smartphone,iOS 16,unpatched,True,student,4
ALT-007155,unknown,unknown,unknown,,unknown,
ALT-007156,tablet,iOS 16,fully_patched,True,student,0
ALT-007157,unknown,unknown,unknown,,unknown,
ALT-007158,unknown,unknown,unknown,,unknown,
ALT-007159,smartphone,Unknown,unknown,False,guest,3
ALT-007160,unknown,Windows 10,partially_patched,False,guest,5
ALT-007161,tablet,macOS 13,fully_patched,True,student,3
ALT-007162,laptop,Windows 11,fully_patched,True,student,5
ALT-007163,unknown,iOS 16,fully_patched,False,guest,1
ALT-007164,tablet,Windows 11,unpatched,True,student,5
ALT-007165,unknown,macOS 13,unknown,False,guest,1
ALT-007166,smartphone,Unknown,fully_patched,True,student,2
ALT-007167,tablet,Windows 10,fully_patched,True,student,0
ALT-007168,tablet,iOS 16,partially_patched,True,student,0
ALT-007169,unknown,Ubuntu 22.04,fully_patched,False,guest,5
ALT-007170,unknown,unknown,unknown,,unknown,
ALT-007171,laptop,Ubuntu 22.04,fully_patched,False,guest,4
ALT-007172,smartphone,iOS 16,fully_patched,True,student,0
ALT-007173,smartphone,iOS 16,fully_patched,False,guest,0
ALT-007174,unknown,macOS 13,partially_patched,False,guest,5
ALT-007175,smartphone,Unknown,partially_patched,False,guest,2
ALT-007176,unknown,unknown,unknown,,unknown,
ALT-007177,laptop,iOS 16,unpatched,True,student,3
ALT-007178,unknown,Android 13,fully_patched,False,guest,4
ALT-007179,workstation,Windows 11,fully_patched,True,lab_admin,1
ALT-007180,unknown,Windows 10,partially_patched,False,guest,3
ALT-007181,laptop,Windows 11,fully_patched,False,guest,0
ALT-007182,laptop,Windows 10,partially_patched,False,guest,3
ALT-007183,unknown,Android 13,fully_patched,False,guest,4
ALT-007184,workstation,Windows 10,fully_patched,True,faculty,1
ALT-007185,laptop,Ubuntu 22.04,unpatched,False,guest,4
ALT-007186,smartphone,Windows 10,fully_patched,False,guest,3
ALT-007187,tablet,Windows 11,fully_patched,True,student,5
ALT-007188,unknown,Unknown,fully_patched,False,guest,4
ALT-007189,tablet,Windows 10,partially_patched,True,student,2
ALT-007190,laptop,iOS 16,partially_patched,False,guest,2
ALT-007191,tablet,Unknown,partially_patched,True,student,0
ALT-007192,smartphone,iOS 16,fully_patched,True,guest,1
ALT-007193,unknown,unknown,unknown,,unknown,
ALT-007194,laptop,Android 13,partially_patched,True,faculty,5
ALT-007195,workstation,Windows 11,fully_patched,True,lab_admin,1
ALT-007196,unknown,Windows 10,fully_patched,False,guest,3
ALT-007197,laptop,Android 13,fully_patched,True,student,5
ALT-007198,smartphone,Android 13,fully_patched,True,student,4
ALT-007199,workstation,Ubuntu 22.04,fully_patched,True,faculty,1
ALT-007200,laptop,macOS 13,fully_patched,False,guest,4
ALT-007201,server,Windows 10,partially_patched,True,lab_admin,2
ALT-007202,smartphone,Android 13,fully_patched,True,guest,0
ALT-007203,unknown,Android 13,fully_patched,False,guest,0
ALT-007204,smartphone,Ubuntu 22.04,partially_patched,True,student,3
ALT-007205,smartphone,macOS 13,unknown,True,student,0
ALT-007206,laptop,Windows 10,fully_patched,False,guest,3
ALT-007207,smartphone,Unknown,unknown,False,guest,5
ALT-007208,tablet,Unknown,fully_patched,True,student,5
ALT-007209,laptop,Android 13,unpatched,False,guest,0
ALT-007210,laptop,Ubuntu 22.04,fully_patched,True,student,0
ALT-007211,unknown,unknown,unknown,,unknown,
ALT-007212,tablet,Windows 11,partially_patched,True,student,5
ALT-007213,unknown,unknown,unknown,,unknown,
ALT-007214,tablet,Windows 11,fully_patched,True,student,3
ALT-007215,unknown,Android 13,partially_patched,False,guest,5
ALT-007216,smartphone,Windows 10,unpatched,False,guest,0
ALT-007217,laptop,Unknown,partially_patched,True,student,0
ALT-007218,unknown,iOS 16,partially_patched,False,guest,5
ALT-007219,unknown,Android 13,partially_patched,False,guest,3
ALT-007220,smartphone,Windows 10,fully_patched,True,student,0
ALT-007221,unknown,unknown,unknown,,unknown,
ALT-007222,smartphone,iOS 16,partially_patched,True,student,3
ALT-007223,smartphone,Ubuntu 22.04,partially_patched,False,guest,0
ALT-007224,tablet,Android 13,partially_patched,True,guest,0
ALT-007225,workstation,Ubuntu 22.04,fully_patched,True,lab_admin,4
ALT-007226,laptop,Windows 11,unknown,False,guest,0
ALT-007227,server,Unknown,partially_patched,True,faculty,3
ALT-007228,unknown,Unknown,fully_patched,False,guest,4
ALT-007229,smartphone,iOS 16,fully_patched,False,guest,0
ALT-007230,unknown,unknown,unknown,,unknown,
ALT-007231,laptop,Ubuntu 22.04,fully_patched,True,student,2
ALT-007232,unknown,Android 13,fully_patched,False,guest,2
ALT-007233,laptop,Android 13,fully_patched,True,lab_admin,5
ALT-007234,laptop,iOS 16,fully_patched,True,student,1
ALT-007235,tablet,Unknown,fully_patched,True,student,5
ALT-007236,raspberry_pi,Ubuntu 22.04,unpatched,True,lab_admin,4
ALT-007237,unknown,Unknown,unpatched,False,guest,4
ALT-007238,smartphone,Windows 11,fully_patched,True,student,1
ALT-007239,unknown,Unknown,partially_patched,False,guest,5
ALT-007240,laptop,Windows 11,fully_patched,True,student,4
ALT-007241,workstation,Ubuntu 22.04,fully_patched,True,lab_admin,5
ALT-007242,smartphone,iOS 16,fully_patched,False,guest,0
ALT-007243,unknown,Unknown,fully_patched,False,guest,1
ALT-007244,unknown,Windows 10,fully_patched,False,guest,3
ALT-007245,laptop,Windows 11,unpatched,True,faculty,4
ALT-007246,laptop,macOS 13,partially_patched,False,guest,0
ALT-007247,laptop,Android 13,fully_patched,False,guest,3
ALT-007248,laptop,macOS 13,fully_patched,True,guest,0
ALT-007249,laptop,macOS 13,fully_patched,True,student,0
ALT-007250,tablet,iOS 16,fully_patched,True,student,1
ALT-007251,unknown,Unknown,partially_patched,False,guest,0
ALT-007252,smartphone,Windows 10,partially_patched,False,guest,0
ALT-007253,smartphone,Windows 10,fully_patched,True,student,2
ALT-007254,unknown,unknown,unknown,,unknown,
ALT-007255,laptop,Ubuntu 22.04,unpatched,True,student,0
ALT-007256,unknown,unknown,unknown,,unknown,
ALT-007257,workstation,Android 13,fully_patched,True,lab_admin,0
ALT-007258,laptop,Windows 10,fully_patched,True,student,4
ALT-007259,smartphone,Unknown,fully_patched,True,student,0
ALT-007260,server,Ubuntu 22.04,fully_patched,True,lab_admin,0
ALT-007261,unknown,Windows 11,unknown,False,guest,1
ALT-007262,laptop,macOS 13,partially_patched,True,student,2
ALT-007263,smartphone,Ubuntu 22.04,fully_patched,False,guest,1
ALT-007264,smartphone,Android 13,partially_patched,True,student,4
ALT-007265,laptop,Ubuntu 22.04,fully_patched,False,guest,3
ALT-007266,laptop,Windows 11,unpatched,False,guest,5
ALT-007267,laptop,Windows 11,fully_patched,True,student,2
ALT-007268,smartphone,Android 13,partially_patched,False,guest,3
ALT-007269,laptop,Ubuntu 22.04,partially_patched,True,student,3
ALT-007270,raspberry_pi,Windows 11,fully_patched,True,lab_admin,4
ALT-007271,unknown,Android 13,unpatched,False,guest,1
ALT-007272,laptop,Windows 10,unpatched,True,student,3
ALT-007273,laptop,iOS 16,fully_patched,False,guest,1
ALT-007274,unknown,unknown,unknown,,unknown,
ALT-007275,smartphone,Windows 10,partially_patched,True,student,2
ALT-007276,smartphone,iOS 16,fully_patched,False,guest,0
ALT-007277,smartphone,Android 13,partially_patched,False,guest,4
ALT-007278,unknown,Ubuntu 22.04,fully_patched,False,guest,2
ALT-007279,unknown,iOS 16,partially_patched,False,guest,1
ALT-007280,smartphone,Windows 11,fully_patched,True,student,4
ALT-007281,laptop,Windows 11,fully_patched,False,guest,0
ALT-007282,laptop,macOS 13,unpatched,True,student,0
ALT-007283,unknown,unknown,unknown,,unknown,
ALT-007284,laptop,Windows 11,fully_patched,False,guest,0
ALT-007285,tablet,iOS 16,partially_patched,True,student,3
ALT-007286,laptop,iOS 16,fully_patched,True,student,4
ALT-007287,unknown,macOS 13,fully_patched,False,guest,3
ALT-007288,smartphone,Windows 10,fully_patched,False,guest,4
ALT-007289,unknown,Windows 11,unpatched,False,guest,1
ALT-007290,tablet,iOS 16,partially_patched,True,student,4
ALT-007291,server,Ubuntu 22.04,fully_patched,True,lab_admin,0
ALT-007292,unknown,unknown,unknown,,unknown,
ALT-007293,smartphone,Android 13,fully_patched,False,guest,5
ALT-007294,smartphone,Android 13,fully_patched,False,guest,4
ALT-007295,laptop,Android 13,fully_patched,False,guest,4
ALT-007296,tablet,Unknown,fully_patched,True,student,4
ALT-007297,unknown,Android 13,partially_patched,False,guest,2
ALT-007298,smartphone,macOS 13,partially_patched,False,guest,1
ALT-007299,smartphone,iOS 16,unpatched,False,guest,4
ALT-007300,unknown,Windows 10,fully_patched,False,guest,0
ALT-007301,smartphone,Ubuntu 22.04,fully_patched,True,student,2
ALT-007302,laptop,Ubuntu 22.04,unpatched,True,student,5
ALT-007303,smartphone,macOS 13,fully_patched,True,student,3
ALT-007304,smartphone,Ubuntu 22.04,fully_patched,True,student,0
ALT-007305,smartphone,Windows 10,fully_patched,False,guest,3
ALT-007306,laptop,Unknown,partially_patched,True,faculty,3
ALT-007307,laptop,iOS 16,fully_patched,False,guest,3
ALT-007308,unknown,Ubuntu 22.04,unpatched,False,guest,5
ALT-007309,unknown,Unknown,unpatched,False,guest,5
ALT-007310,unknown,macOS 13,fully_patched,False,guest,0
ALT-007311,laptop,Windows 11,fully_patched,False,guest,0
ALT-007312,smartphone,Windows 11,fully_patched,False,guest,0
ALT-007313,unknown,unknown,unknown,,unknown,
ALT-007314,smartphone,iOS 16,fully_patched,True,guest,0
ALT-007315,smartphone,Windows 11,fully_patched,False,guest,1
ALT-007316,raspberry_pi,Unknown,unpatched,True,lab_admin,4
ALT-007317,tablet,iOS 16,partially_patched,True,guest,0
ALT-007318,unknown,Unknown,unpatched,False,guest,1
ALT-007319,unknown,unknown,unknown,,unknown,
ALT-007320,unknown,macOS 13,partially_patched,False,guest,5
ALT-007321,raspberry_pi,macOS 13,fully_patched,True,faculty,2
ALT-007322,tablet,Ubuntu 22.04,unpatched,True,student,5
ALT-007323,smartphone,Windows 11,fully_patched,True,student,0
ALT-007324,smartphone,Unknown,unpatched,True,student,0
ALT-007325,unknown,Windows 10,fully_patched,False,guest,2
ALT-007326,tablet,Windows 10,fully_patched,True,student,1
ALT-007327,unknown,Windows 11,partially_patched,False,guest,4
ALT-007328,laptop,Ubuntu 22.04,unknown,True,student,0
ALT-007329,laptop,Windows 10,partially_patched,False,guest,0
ALT-007330,smartphone,Unknown,unpatched,True,student,2
ALT-007331,laptop,macOS 13,fully_patched,False,guest,2
ALT-007332,smartphone,Android 13,partially_patched,True,student,2
ALT-007333,smartphone,Ubuntu 22.04,fully_patched,True,student,5
ALT-007334,laptop,iOS 16,unpatched,True,student,4
ALT-007335,smartphone,Unknown,unpatched,False,guest,3
ALT-007336,raspberry_pi,macOS 13,fully_patched,True,faculty,5
ALT-007337,smartphone,Windows 10,fully_patched,False,guest,0
ALT-007338,laptop,Android 13,unpatched,True,lab_admin,4
ALT-007339,laptop,Unknown,partially_patched,False,guest,0
ALT-007340,smartphone,Windows 10,partially_patched,False,guest,4
ALT-007341,smartphone,Windows 10,fully_patched,False,guest,0
ALT-007342,smartphone,Windows 10,unpatched,True,student,2
ALT-007343,unknown,unknown,unknown,,unknown,
ALT-007344,smartphone,Windows 11,fully_patched,False,guest,3
ALT-007345,smartphone,Windows 10,fully_patched,True,student,2
ALT-007346,unknown,unknown,unknown,,unknown,
ALT-007347,tablet,Windows 11,unpatched,True,student,5
ALT-007348,laptop,Windows 11,fully_patched,False,guest,2
ALT-007349,smartphone,Android 13,fully_patched,True,student,1
ALT-007350,smartphone,Android 13,partially_patched,False,guest,0
ALT-007351,unknown,unknown,unknown,,unknown,
ALT-007352,laptop,macOS 13,unpatched,True,student,5
ALT-007353,tablet,iOS 16,unknown,True,student,2
ALT-007354,smartphone,Android 13,partially_patched,True,student,2
ALT-007355,laptop,iOS 16,fully_patched,True,student,1
ALT-007356,laptop,Ubuntu 22.04,partially_patched,True,student,2
ALT-007357,laptop,Windows 10,unpatched,True,student,0
ALT-007358,laptop,iOS 16,fully_patched,True,student,4
ALT-007359,smartphone,Windows 10,fully_patched,True,student,4
ALT-007360,laptop,Ubuntu 22.04,partially_patched,False,guest,1
ALT-007361,unknown,unknown,unknown,,unknown,
ALT-007362,smartphone,Windows 10,fully_patched,False,guest,2
ALT-007363,laptop,Unknown,unpatched,True,student,4
ALT-007364,laptop,iOS 16,partially_patched,False,guest,3
ALT-007365,unknown,unknown,unknown,,unknown,
ALT-007366,laptop,iOS 16,fully_patched,True,student,0
ALT-007367,tablet,iOS 16,fully_patched,True,student,0
ALT-007368,tablet,macOS 13,partially_patched,True,student,4
ALT-007369,smartphone,Ubuntu 22.04,fully_patched,False,guest,0
ALT-007370,laptop,Windows 10,fully_patched,False,guest,4
ALT-007371,smartphone,Android 13,partially_patched,False,guest,5
ALT-007372,laptop,Ubuntu 22.04,unknown,True,student,5
ALT-007373,smartphone,Android 13,fully_patched,True,student,3
ALT-007374,smartphone,Android 13,fully_patched,True,student,0
ALT-007375,smartphone,Windows 10,unpatched,False,guest,3
ALT-007376,laptop,macOS 13,partially_patched,True,student,1
ALT-007377,tablet,Android 13,partially_patched,False,guest,0
ALT-007378,tablet,Unknown,fully_patched,True,student,1
ALT-007379,unknown,iOS 16,partially_patched,False,guest,4
ALT-007380,unknown,Unknown,unknown,False,guest,4
ALT-007381,unknown,unknown,unknown,,unknown,
ALT-007382,laptop,iOS 16,unpatched,False,guest,0
ALT-007383,smartphone,Windows 10,fully_patched,True,student,3
ALT-007384,tablet,Unknown,partially_patched,True,student,1
ALT-007385,unknown,unknown,unknown,,unknown,
ALT-007386,unknown,unknown,unknown,,unknown,
ALT-007387,smartphone,Windows 11,unpatched,False,guest,4
ALT-007388,laptop,Windows 10,fully_patched,False,guest,5
ALT-007389,laptop,iOS 16,partially_patched,False,guest,2
ALT-007390,unknown,unknown,unknown,,unknown,
ALT-007391,raspberry_pi,Ubuntu 22.04,fully_patched,True,lab_admin,1
ALT-007392,unknown,Windows 10,fully_patched,False,guest,0
ALT-007393,unknown,Ubuntu 22.04,partially_patched,False,guest,5
ALT-007394,tablet,Windows 10,partially_patched,True,student,5
ALT-007395,unknown,unknown,unknown,,unknown,
ALT-007396,workstation,Android 13,unpatched,True,lab_admin,4
ALT-007397,workstation,Ubuntu 22.04,unpatched,True,faculty,5
ALT-007398,smartphone,iOS 16,fully_patched,False,guest,1
ALT-007399,unknown,Windows 10,fully_patched,False,guest,3
ALT-007400,laptop,iOS 16,fully_patched,True,student,5
ALT-007401,smartphone,iOS 16,fully_patched,True,guest,0
ALT-007402,smartphone,Windows 10,partially_patched,False,guest,1
ALT-007403,unknown,unknown,unknown,,unknown,
ALT-007404,smartphone,Android 13,partially_patched,False,guest,2
ALT-007405,laptop,Unknown,partially_patched,True,student,2
ALT-007406,smartphone,Android 13,fully_patched,True,student,4
ALT-007407,unknown,Unknown,partially_patched,False,guest,3
ALT-007408,laptop,Windows 10,partially_patched,False,guest,5
ALT-007409,smartphone,Windows 11,unpatched,True,student,3
ALT-007410,smartphone,Unknown,partially_patched,False,guest,0
ALT-007411,tablet,Unknown,fully_patched,True,student,4
ALT-007412,unknown,iOS 16,fully_patched,False,guest,1
ALT-007413,smartphone,Android 13,fully_patched,True,student,4
ALT-007414,raspberry_pi,Unknown,fully_patched,True,faculty,1
ALT-007415,laptop,Unknown,fully_patched,False,guest,3
ALT-007416,unknown,macOS 13,partially_patched,False,guest,5
ALT-007417,unknown,unknown,unknown,,unknown,
ALT-007418,workstation,Ubuntu 22.04,fully_patched,True,faculty,0
ALT-007419,laptop,Android 13,partially_patched,False,guest,3
ALT-007420,unknown,macOS 13,partially_patched,False,guest,1
ALT-007421,laptop,Unknown,unpatched,True,student,2
ALT-007422,unknown,unknown,unknown,,unknown,
ALT-007423,smartphone,iOS 16,partially_patched,False,guest,2
ALT-007424,workstation,macOS 13,partially_patched,True,faculty,2
ALT-007425,laptop,Ubuntu 22.04,fully_patched,True,student,4
ALT-007426,unknown,Windows 10,fully_patched,False,guest,5
ALT-007427,smartphone,Ubuntu 22.04,fully_patched,True,student,2
ALT-007428,laptop,Windows 11,partially_patched,True,faculty,2
ALT-007429,laptop,Android 13,fully_patched,True,student,0
ALT-007430,laptop,macOS 13,fully_patched,False,guest,3
ALT-007431,laptop,Ubuntu 22.04,unpatched,True,student,4
ALT-007432,laptop,Ubuntu 22.04,partially_patched,False,guest,1
ALT-007433,laptop,macOS 13,fully_patched,True,student,4
ALT-007434,laptop,Unknown,fully_patched,True,student,0
ALT-007435,raspberry_pi,iOS 16,fully_patched,True,faculty,1
ALT-007436,workstation,macOS 13,fully_patched,True,lab_admin,3
ALT-007437,unknown,unknown,unknown,,unknown,
ALT-007438,raspberry_pi,Android 13,fully_patched,True,faculty,5
ALT-007439,laptop,Android 13,fully_patched,False,guest,0
ALT-007440,laptop,macOS 13,fully_patched,True,lab_admin,1
ALT-007441,laptop,Windows 10,partially_patched,False,guest,4
ALT-007442,laptop,Windows 11,partially_patched,True,student,0
ALT-007443,tablet,iOS 16,partially_patched,True,student,0
ALT-007444,tablet,Ubuntu 22.04,partially_patched,True,student,2
ALT-007445,unknown,Ubuntu 22.04,fully_patched,False,guest,0
ALT-007446,tablet,Ubuntu 22.04,fully_patched,True,student,0
ALT-007447,laptop,Android 13,unpatched,True,student,4
ALT-007448,unknown,unknown,unknown,,unknown,
ALT-007449,unknown,iOS 16,partially_patched,False,guest,3
ALT-007450,smartphone,Ubuntu 22.04,fully_patched,False,guest,5
ALT-007451,raspberry_pi,Unknown,unpatched,True,lab_admin,1
ALT-007452,unknown,iOS 16,partially_patched,False,guest,2
ALT-007453,smartphone,Ubuntu 22.04,unpatched,False,guest,0
ALT-007454,unknown,unknown,unknown,,unknown,
ALT-007455,laptop,Android 13,partially_patched,True,faculty,2
ALT-007456,laptop,iOS 16,fully_patched,True,student,3
ALT-007457,laptop,Windows 10,unknown,True,student,5
ALT-007458,laptop,Windows 11,partially_patched,False,guest,3
ALT-007459,laptop,macOS 13,fully_patched,False,guest,1
ALT-007460,laptop,iOS 16,partially_patched,True,student,4
ALT-007461,smartphone,Windows 11,partially_patched,False,guest,3
ALT-007462,unknown,unknown,unknown,,unknown,
ALT-007463,laptop,Windows 11,partially_patched,False,guest,3
ALT-007464,laptop,Android 13,partially_patched,False,guest,5
ALT-007465,unknown,unknown,unknown,,unknown,
ALT-007466,unknown,unknown,unknown,,unknown,
ALT-007467,unknown,iOS 16,fully_patched,False,guest,0
ALT-007468,tablet,Windows 11,fully_patched,True,student,2
ALT-007469,unknown,unknown,unknown,,unknown,
ALT-007470,smartphone,Android 13,fully_patched,True,student,1
ALT-007471,tablet,Windows 11,partially_patched,True,student,3
ALT-007472,raspberry_pi,macOS 13,partially_patched,True,lab_admin,2
ALT-007473,laptop,Android 13,fully_patched,True,lab_admin,1
ALT-007474,smartphone,Unknown,fully_patched,False,guest,0
ALT-007475,smartphone,Android 13,fully_patched,True,student,2
ALT-007476,unknown,unknown,unknown,,unknown,
ALT-007477,unknown,Ubuntu 22.04,unpatched,False,guest,0
ALT-007478,laptop,Unknown,fully_patched,True,faculty,0
ALT-007479,laptop,Android 13,partially_patched,True,student,2
ALT-007480,smartphone,Ubuntu 22.04,fully_patched,True,student,3
ALT-007481,smartphone,Unknown,fully_patched,False,guest,2
ALT-007482,laptop,Windows 11,partially_patched,True,student,1
ALT-007483,unknown,unknown,unknown,,unknown,
ALT-007484,unknown,Windows 11,unpatched,False,guest,0
ALT-007485,smartphone,Android 13,fully_patched,True,student,2
ALT-007486,workstation,Windows 11,fully_patched,True,faculty,0
ALT-007487,laptop,macOS 13,fully_patched,True,student,3
ALT-007488,laptop,Unknown,fully_patched,True,student,5
ALT-007489,unknown,macOS 13,unpatched,False,guest,3
ALT-007490,laptop,Windows 11,unpatched,True,student,0
ALT-007491,laptop,Unknown,fully_patched,False,guest,5
ALT-007492,laptop,Unknown,fully_patched,False,guest,0
ALT-007493,unknown,unknown,unknown,,unknown,
ALT-007494,smartphone,iOS 16,partially_patched,False,guest,3
ALT-007495,laptop,Android 13,partially_patched,True,faculty,3
ALT-007496,laptop,Ubuntu 22.04,fully_patched,True,student,3
ALT-007497,unknown,Windows 10,fully_patched,False,guest,2
ALT-007498,smartphone,Windows 10,fully_patched,False,guest,4
ALT-007499,unknown,unknown,unknown,,unknown,
ALT-007500,smartphone,Windows 10,unpatched,True,student,1
ALT-007501,smartphone,Unknown,fully_patched,False,guest,1
ALT-007502,unknown,unknown,unknown,,unknown,
ALT-007503,unknown,Ubuntu 22.04,unknown,False,guest,4
ALT-007504,smartphone,Ubuntu 22.04,unpatched,False,guest,1
ALT-007505,smartphone,Windows 11,fully_patched,False,guest,1
ALT-007506,laptop,Unknown,fully_patched,True,student,3
ALT-007507,unknown,unknown,unknown,,unknown,
ALT-007508,smartphone,Windows 10,partially_patched,False,guest,2
ALT-007509,laptop,Windows 10,fully_patched,False,guest,5
ALT-007510,laptop,Ubuntu 22.04,unknown,False,guest,3
ALT-007511,laptop,Windows 11,unpatched,True,student,3
ALT-007512,server,Android 13,unpatched,True,faculty,5
ALT-007513,workstation,Windows 11,fully_patched,True,faculty,3
ALT-007514,smartphone,Windows 10,partially_patched,True,student,4
ALT-007515,workstation,Windows 10,unpatched,True,lab_admin,0
ALT-007516,laptop,Unknown,fully_patched,True,student,3
ALT-007517,tablet,macOS 13,fully_patched,True,student,4
ALT-007518,tablet,macOS 13,fully_patched,True,student,5
ALT-007519,laptop,Windows 11,partially_patched,False,guest,3
ALT-007520,raspberry_pi,Android 13,fully_patched,True,faculty,3
ALT-007521,smartphone,macOS 13,partially_patched,True,student,2
ALT-007522,unknown,unknown,unknown,,unknown,
ALT-007523,laptop,Ubuntu 22.04,partially_patched,True,student,3
ALT-007524,laptop,Ubuntu 22.04,unpatched,False,guest,5
ALT-007525,laptop,Windows 11,fully_patched,True,lab_admin,2
ALT-007526,laptop,Windows 10,partially_patched,False,guest,5
ALT-007527,unknown,Windows 10,fully_patched,False,guest,0
ALT-007528,workstation,Windows 11,partially_patched,True,lab_admin,5
ALT-007529,tablet,Windows 10,fully_patched,True,student,1
ALT-007530,laptop,iOS 16,partially_patched,True,student,1
ALT-007531,raspberry_pi,Android 13,fully_patched,True,lab_admin,3
ALT-007532,laptop,Windows 11,partially_patched,True,student,0
ALT-007533,tablet,Unknown,partially_patched,True,student,4
ALT-007534,tablet,Ubuntu 22.04,partially_patched,True,student,0
ALT-007535,smartphone,Windows 11,unpatched,True,student,1
ALT-007536,unknown,Unknown,fully_patched,False,guest,2
ALT-007537,unknown,macOS 13,fully_patched,False,guest,0
ALT-007538,tablet,Unknown,unknown,True,student,5
ALT-007539,workstation,Unknown,unpatched,True,lab_admin,3
ALT-007540,laptop,Windows 10,fully_patched,False,guest,2
ALT-007541,server,macOS 13,partially_patched,True,faculty,4
ALT-007542,unknown,Windows 10,fully_patched,False,guest,5
ALT-007543,unknown,unknown,unknown,,unknown,
ALT-007544,server,Ubuntu 22.04,fully_patched,True,faculty,0
ALT-007545,unknown,Unknown,fully_patched,False,guest,1
ALT-007546,unknown,unknown,unknown,,unknown,
ALT-007547,unknown,Windows 11,fully_patched,False,guest,2
ALT-007548,tablet,iOS 16,fully_patched,True,student,0
ALT-007549,tablet,Windows 10,partially_patched,True,student,0
ALT-007550,unknown,unknown,unknown,,unknown,
ALT-007551,unknown,iOS 16,unpatched,False,guest,1
ALT-007552,raspberry_pi,Unknown,partially_patched,True,faculty,1
ALT-007553,server,Windows 11,fully_patched,True,faculty,0
ALT-007554,unknown,Windows 11,unpatched,False,guest,4
ALT-007555,unknown,iOS 16,fully_patched,False,guest,5
ALT-007556,unknown,Windows 10,fully_patched,False,guest,3
ALT-007557,tablet,iOS 16,unpatched,True,student,0
ALT-007558,unknown,macOS 13,fully_patched,False,guest,4
ALT-007559,smartphone,macOS 13,partially_patched,True,guest,0
ALT-007560,laptop,Windows 11,fully_patched,False,guest,4
ALT-007561,laptop,Windows 10,unpatched,False,guest,0
ALT-007562,laptop,Windows 10,fully_patched,True,student,3
ALT-007563,workstation,Ubuntu 22.04,fully_patched,True,faculty,2
ALT-007564,laptop,Windows 11,fully_patched,True,student,2
ALT-007565,laptop,Ubuntu 22.04,fully_patched,False,guest,0
ALT-007566,unknown,Unknown,unpatched,False,guest,5
ALT-007567,smartphone,Windows 10,fully_patched,False,guest,3
ALT-007568,smartphone,Android 13,fully_patched,True,student,4
ALT-007569,unknown,Windows 11,unpatched,False,guest,4
ALT-007570,unknown,Unknown,fully_patched,False,guest,1
ALT-007571,smartphone,iOS 16,partially_patched,False,guest,0
ALT-007572,unknown,iOS 16,partially_patched,False,guest,1
ALT-007573,raspberry_pi,Windows 10,partially_patched,True,faculty,0
ALT-007574,laptop,Android 13,partially_patched,True,student,3
ALT-007575,tablet,Android 13,partially_patched,True,student,0
ALT-007576,raspberry_pi,macOS 13,unknown,True,faculty,4
ALT-007577,laptop,Windows 10,fully_patched,False,guest,1
ALT-007578,smartphone,Android 13,unpatched,False,guest,2
ALT-007579,unknown,unknown,unknown,,unknown,
ALT-007580,laptop,Unknown,partially_patched,True,student,1
ALT-007581,laptop,Windows 10,fully_patched,False,guest,0
ALT-007582,tablet,Android 13,fully_patched,True,student,2
ALT-007583,tablet,Android 13,partially_patched,True,student,2
ALT-007584,smartphone,Windows 11,fully_patched,False,guest,2
ALT-007585,smartphone,macOS 13,fully_patched,False,guest,4
ALT-007586,smartphone,Ubuntu 22.04,partially_patched,False,guest,3
ALT-007587,unknown,Ubuntu 22.04,partially_patched,False,guest,1
ALT-007588,smartphone,Android 13,partially_patched,False,guest,5
ALT-007589,smartphone,Windows 11,partially_patched,True,student,3
ALT-007590,smartphone,macOS 13,partially_patched,True,student,4
ALT-007591,smartphone,Android 13,unpatched,True,student,5
ALT-007592,smartphone,Ubuntu 22.04,unpatched,True,student,4
ALT-007593,smartphone,iOS 16,unknown,False,guest,5
ALT-007594,raspberry_pi,iOS 16,fully_patched,True,lab_admin,4
ALT-007595,unknown,unknown,unknown,,unknown,
ALT-007596,unknown,unknown,unknown,,unknown,
ALT-007597,laptop,Ubuntu 22.04,partially_patched,False,guest,5
ALT-007598,smartphone,Unknown,fully_patched,True,student,4
ALT-007599,laptop,iOS 16,fully_patched,False,guest,3
ALT-007600,workstation,iOS 16,fully_patched,True,lab_admin,0
ALT-007601,workstation,Windows 10,partially_patched,True,faculty,2
ALT-007602,laptop,Android 13,fully_patched,True,student,5
ALT-007603,unknown,Unknown,unpatched,False,guest,2
ALT-007604,smartphone,macOS 13,fully_patched,True,student,4
ALT-007605,unknown,Ubuntu 22.04,fully_patched,False,guest,4
ALT-007606,laptop,macOS 13,fully_patched,False,guest,3
ALT-007607,server,Windows 11,partially_patched,True,lab_admin,1
ALT-007608,smartphone,Ubuntu 22.04,fully_patched,False,guest,5
ALT-007609,smartphone,Windows 10,partially_patched,False,guest,5
ALT-007610,unknown,unknown,unknown,,unknown,
ALT-007611,laptop,Android 13,fully_patched,True,student,1
ALT-007612,smartphone,Windows 11,fully_patched,True,student,2
ALT-007613,laptop,Windows 10,unknown,False,guest,0
ALT-007614,unknown,unknown,unknown,,unknown,
ALT-007615,tablet,Windows 11,unpatched,True,student,3
ALT-007616,smartphone,Windows 11,fully_patched,False,guest,1
ALT-007617,tablet,macOS 13,fully_patched,True,student,4
ALT-007618,unknown,unknown,unknown,,unknown,
ALT-007619,raspberry_pi,iOS 16,partially_patched,True,faculty,5
ALT-007620,unknown,unknown,unknown,,unknown,
ALT-007621,laptop,Ubuntu 22.04,fully_patched,False,guest,4
ALT-007622,unknown,unknown,unknown,,unknown,
ALT-007623,server,Windows 11,fully_patched,True,lab_admin,0
ALT-007624,smartphone,Unknown,fully_patched,True,student,2
ALT-007625,smartphone,Windows 11,unpatched,True,student,4
ALT-007626,smartphone,iOS 16,fully_patched,False,guest,4
ALT-007627,unknown,Ubuntu 22.04,fully_patched,False,guest,4
ALT-007628,smartphone,iOS 16,fully_patched,False,guest,3
ALT-007629,unknown,Windows 10,partially_patched,False,guest,1
ALT-007630,laptop,Unknown,unpatched,False,guest,1
ALT-007631,tablet,Ubuntu 22.04,fully_patched,True,student,0
ALT-007632,laptop,macOS 13,fully_patched,False,guest,5
ALT-007633,smartphone,Unknown,fully_patched,False,guest,0
ALT-007634,tablet,macOS 13,partially_patched,True,student,1
ALT-007635,smartphone,Unknown,fully_patched,False,guest,4
ALT-007636,laptop,Android 13,fully_patched,True,student,1
ALT-007637,tablet,Windows 10,partially_patched,True,guest,1
ALT-007638,laptop,Android 13,fully_patched,False,guest,3
ALT-007639,unknown,iOS 16,unpatched,False,guest,0
ALT-007640,smartphone,macOS 13,fully_patched,False,guest,2
ALT-007641,unknown,Ubuntu 22.04,fully_patched,False,guest,3
ALT-007642,smartphone,Windows 11,unpatched,True,student,3
ALT-007643,laptop,iOS 16,fully_patched,True,lab_admin,2
ALT-007644,raspberry_pi,macOS 13,partially_patched,True,faculty,4
ALT-007645,tablet,iOS 16,partially_patched,True,student,4
ALT-007646,server,Unknown,fully_patched,True,lab_admin,0
ALT-007647,server,macOS 13,fully_patched,True,lab_admin,4
ALT-007648,workstation,Android 13,fully_patched,True,faculty,0
ALT-007649,tablet,iOS 16,partially_patched,True,student,4
ALT-007650,smartphone,Android 13,fully_patched,False,guest,3
ALT-007651,laptop,Unknown,partially_patched,True,student,1
ALT-007652,smartphone,Windows 11,fully_patched,True,student,4
ALT-007653,raspberry_pi,macOS 13,fully_patched,True,lab_admin,3
ALT-007654,laptop,Windows 10,partially_patched,False,guest,4
ALT-007655,smartphone,macOS 13,partially_patched,False,guest,4
ALT-007656,laptop,Windows 10,unpatched,True,student,4
ALT-007657,smartphone,macOS 13,fully_patched,False,guest,5
ALT-007658,laptop,iOS 16,partially_patched,True,student,1
ALT-007659,tablet,Android 13,partially_patched,True,student,2
ALT-007660,laptop,Ubuntu 22.04,fully_patched,True,lab_admin,2
ALT-007661,unknown,Android 13,fully_patched,False,guest,4
ALT-007662,laptop,Windows 10,partially_patched,False,guest,1
ALT-007663,smartphone,Windows 10,partially_patched,False,guest,5
ALT-007664,laptop,iOS 16,fully_patched,False,guest,4
ALT-007665,unknown,Windows 10,fully_patched,False,guest,3
ALT-007666,workstation,Android 13,fully_patched,True,faculty,2
ALT-007667,unknown,macOS 13,fully_patched,False,guest,0
ALT-007668,tablet,Windows 10,unpatched,True,student,1
ALT-007669,smartphone,iOS 16,fully_patched,False,guest,0
ALT-007670,laptop,Windows 11,fully_patched,True,student,5
ALT-007671,unknown,Unknown,fully_patched,False,guest,1
ALT-007672,laptop,Windows 10,fully_patched,False,guest,3
ALT-007673,unknown,Windows 10,fully_patched,False,guest,0
ALT-007674,smartphone,Windows 11,fully_patched,True,student,3
ALT-007675,smartphone,Android 13,fully_patched,True,student,1
ALT-007676,smartphone,Unknown,fully_patched,True,student,2
ALT-007677,smartphone,Windows 10,partially_patched,False,guest,4
ALT-007678,laptop,Windows 10,partially_patched,False,guest,5
ALT-007679,smartphone,macOS 13,unknown,True,student,5
ALT-007680,smartphone,Unknown,partially_patched,False,guest,4
ALT-007681,laptop,Android 13,fully_patched,False,guest,3
ALT-007682,unknown,unknown,unknown,,unknown,
ALT-007683,unknown,Android 13,fully_patched,False,guest,5
ALT-007684,workstation,Ubuntu 22.04,unpatched,True,faculty,1
ALT-007685,unknown,unknown,unknown,,unknown,
ALT-007686,workstation,macOS 13,unpatched,True,faculty,2
ALT-007687,unknown,Windows 11,partially_patched,False,guest,4
ALT-007688,unknown,Windows 11,partially_patched,False,guest,1
ALT-007689,laptop,iOS 16,partially_patched,False,guest,0
ALT-007690,unknown,unknown,unknown,,unknown,
ALT-007691,smartphone,Android 13,unpatched,False,guest,5
ALT-007692,tablet,Unknown,fully_patched,True,student,3
ALT-007693,laptop,Android 13,fully_patched,True,student,2
ALT-007694,unknown,Ubuntu 22.04,fully_patched,False,guest,2
ALT-007695,unknown,iOS 16,unpatched,False,guest,1
ALT-007696,unknown,Ubuntu 22.04,fully_patched,False,guest,5
ALT-007697,smartphone,Windows 10,partially_patched,False,guest,2
ALT-007698,workstation,Ubuntu 22.04,fully_patched,True,lab_admin,0
ALT-007699,laptop,Unknown,partially_patched,False,guest,1
ALT-007700,server,Windows 10,fully_patched,True,lab_admin,3
ALT-007701,raspberry_pi,Windows 11,unpatched,True,faculty,4
ALT-007702,laptop,macOS 13,fully_patched,False,guest,2
ALT-007703,laptop,macOS 13,fully_patched,True,student,3
ALT-007704,tablet,Android 13,fully_patched,True,guest,0
ALT-007705,unknown,Unknown,partially_patched,False,guest,0
ALT-007706,laptop,Android 13,fully_patched,False,guest,2
ALT-007707,unknown,unknown,unknown,,unknown,
ALT-007708,laptop,Ubuntu 22.04,fully_patched,True,student,4
ALT-007709,laptop,macOS 13,fully_patched,True,student,5
ALT-007710,unknown,unknown,unknown,,unknown,
ALT-007711,unknown,Windows 10,partially_patched,False,guest,0
ALT-007712,laptop,iOS 16,fully_patched,False,guest,3
ALT-007713,unknown,iOS 16,unpatched,False,guest,1
ALT-007714,smartphone,Windows 11,fully_patched,False,guest,5
ALT-007715,laptop,Windows 10,partially_patched,True,student,1
ALT-007716,server,Ubuntu 22.04,unknown,True,lab_admin,3
ALT-007717,laptop,Unknown,fully_patched,True,student,4
ALT-007718,smartphone,Ubuntu 22.04,unknown,False,guest,0
ALT-007719,unknown,macOS 13,fully_patched,False,guest,2
ALT-007720,unknown,unknown,unknown,,unknown,
ALT-007721,raspberry_pi,Windows 11,partially_patched,True,lab_admin,4
ALT-007722,unknown,macOS 13,fully_patched,False,guest,3
ALT-007723,tablet,Windows 10,partially_patched,True,student,3
ALT-007724,unknown,Windows 11,unknown,False,guest,5
ALT-007725,smartphone,Windows 11,fully_patched,False,guest,0
ALT-007726,smartphone,macOS 13,partially_patched,True,student,0
ALT-007727,unknown,unknown,unknown,,unknown,
ALT-007728,unknown,unknown,unknown,,unknown,
ALT-007729,unknown,Windows 10,partially_patched,False,guest,2
ALT-007730,tablet,Windows 10,fully_patched,True,student,4
ALT-007731,laptop,Windows 10,fully_patched,False,guest,0
ALT-007732,unknown,Ubuntu 22.04,unpatched,False,guest,3
ALT-007733,tablet,iOS 16,fully_patched,True,student,0
ALT-007734,smartphone,Windows 10,unpatched,False,guest,1
ALT-007735,smartphone,iOS 16,fully_patched,True,student,0
ALT-007736,tablet,macOS 13,fully_patched,True,student,1
ALT-007737,smartphone,Ubuntu 22.04,unpatched,False,guest,4
ALT-007738,laptop,iOS 16,unpatched,True,student,2
ALT-007739,laptop,iOS 16,fully_patched,False,guest,4
ALT-007740,laptop,Windows 10,fully_patched,False,guest,0
ALT-007741,unknown,unknown,unknown,,unknown,
ALT-007742,laptop,Ubuntu 22.04,partially_patched,False,guest,3
ALT-007743,unknown,unknown,unknown,,unknown,
ALT-007744,server,Android 13,fully_patched,True,lab_admin,2
ALT-007745,unknown,Unknown,partially_patched,False,guest,1
ALT-007746,smartphone,macOS 13,partially_patched,False,guest,3
ALT-007747,workstation,Ubuntu 22.04,fully_patched,True,faculty,2
ALT-007748,laptop,Unknown,partially_patched,True,student,4
ALT-007749,smartphone,Ubuntu 22.04,fully_patched,True,student,0
ALT-007750,smartphone,Windows 11,fully_patched,True,guest,0
ALT-007751,tablet,iOS 16,fully_patched,True,student,3
ALT-007752,laptop,Unknown,fully_patched,True,student,5
ALT-007753,unknown,unknown,unknown,,unknown,
ALT-007754,smartphone,Ubuntu 22.04,fully_patched,True,student,3
ALT-007755,laptop,Ubuntu 22.04,partially_patched,True,faculty,3
ALT-007756,smartphone,Android 13,unpatched,True,student,2
ALT-007757,unknown,Ubuntu 22.04,unpatched,False,guest,2
ALT-007758,laptop,Windows 10,fully_patched,False,guest,3
ALT-007759,unknown,unknown,unknown,,unknown,
ALT-007760,laptop,Ubuntu 22.04,fully_patched,True,student,4
ALT-007761,laptop,Unknown,fully_patched,False,guest,3
ALT-007762,unknown,iOS 16,unpatched,False,guest,0
ALT-007763,tablet,Windows 10,fully_patched,True,student,5
ALT-007764,smartphone,Ubuntu 22.04,fully_patched,True,student,5
ALT-007765,laptop,Windows 10,partially_patched,True,faculty,3
ALT-007766,smartphone,Unknown,partially_patched,True,student,4
ALT-007767,smartphone,Ubuntu 22.04,unpatched,False,guest,3
ALT-007768,smartphone,Windows 10,fully_patched,False,guest,3
ALT-007769,smartphone,Android 13,partially_patched,True,student,4
ALT-007770,smartphone,Windows 10,fully_patched,False,guest,4
ALT-007771,laptop,Unknown,fully_patched,False,guest,2
ALT-007772,tablet,Android 13,fully_patched,True,student,5
ALT-007773,unknown,macOS 13,fully_patched,False,guest,5
ALT-007774,tablet,Windows 10,fully_patched,True,student,5
ALT-007775,unknown,unknown,unknown,,unknown,
ALT-007776,smartphone,Windows 11,partially_patched,False,guest,5
ALT-007777,smartphone,Windows 10,fully_patched,False,guest,4
ALT-007778,laptop,Unknown,partially_patched,False,guest,1
ALT-007779,unknown,unknown,unknown,,unknown,
ALT-007780,smartphone,macOS 13,partially_patched,False,guest,2
ALT-007781,laptop,Windows 11,partially_patched,True,student,4
ALT-007782,smartphone,Ubuntu 22.04,fully_patched,True,student,1
ALT-007783,unknown,Windows 11,fully_patched,False,guest,1
ALT-007784,laptop,Windows 10,unknown,False,guest,4
ALT-007785,unknown,unknown,unknown,,unknown,
ALT-007786,unknown,Windows 10,partially_patched,False,guest,5
ALT-007787,smartphone,macOS 13,fully_patched,False,guest,1
ALT-007788,laptop,Windows 10,fully_patched,False,guest,2
ALT-007789,smartphone,Windows 10,fully_patched,False,guest,5
ALT-007790,workstation,Windows 11,fully_patched,True,faculty,1
ALT-007791,laptop,Unknown,unpatched,True,student,5
ALT-007792,tablet,Windows 11,fully_patched,True,student,4
ALT-007793,tablet,Unknown,fully_patched,True,student,2
ALT-007794,unknown,Windows 11,partially_patched,False,guest,1
ALT-007795,laptop,iOS 16,partially_patched,False,guest,0
ALT-007796,tablet,Ubuntu 22.04,fully_patched,True,student,2
ALT-007797,workstation,iOS 16,partially_patched,True,faculty,5
ALT-007798,tablet,Ubuntu 22.04,fully_patched,True,student,1
ALT-007799,laptop,Unknown,fully_patched,True,student,2
ALT-007800,laptop,Unknown,partially_patched,True,student,3
ALT-007801,tablet,Android 13,partially_patched,True,student,0
ALT-007802,smartphone,Unknown,fully_patched,False,guest,2
ALT-007803,laptop,Unknown,fully_patched,True,faculty,2
ALT-007804,tablet,Windows 10,partially_patched,True,student,1
ALT-007805,smartphone,macOS 13,fully_patched,False,guest,0
ALT-007806,workstation,iOS 16,fully_patched,True,faculty,4
ALT-007807,tablet,Unknown,partially_patched,True,student,4
ALT-007808,laptop,Windows 11,unpatched,False,guest,4
ALT-007809,laptop,Unknown,partially_patched,False,guest,2
ALT-007810,laptop,macOS 13,partially_patched,True,student,4
ALT-007811,laptop,Windows 10,fully_patched,False,guest,3
ALT-007812,tablet,iOS 16,partially_patched,True,student,4
ALT-007813,laptop,Windows 10,partially_patched,True,student,5
ALT-007814,unknown,Ubuntu 22.04,unknown,False,guest,2
ALT-007815,unknown,Unknown,fully_patched,False,guest,2
ALT-007816,unknown,Windows 10,fully_patched,False,guest,0
ALT-007817,tablet,Ubuntu 22.04,partially_patched,True,student,0
ALT-007818,workstation,iOS 16,fully_patched,True,lab_admin,3
ALT-007819,unknown,unknown,unknown,,unknown,
ALT-007820,smartphone,Windows 11,partially_patched,False,guest,3
ALT-007821,laptop,iOS 16,partially_patched,True,student,1
ALT-007822,unknown,Windows 10,unpatched,False,guest,1
ALT-007823,laptop,Unknown,partially_patched,True,student,2
ALT-007824,unknown,Windows 11,partially_patched,False,guest,4
ALT-007825,unknown,Windows 11,fully_patched,False,guest,3
ALT-007826,tablet,Ubuntu 22.04,fully_patched,True,student,5
ALT-007827,laptop,Windows 10,fully_patched,True,lab_admin,4
ALT-007828,unknown,unknown,unknown,,unknown,
ALT-007829,laptop,Windows 10,partially_patched,False,guest,1
ALT-007830,laptop,Ubuntu 22.04,partially_patched,False,guest,1
ALT-007831,unknown,unknown,unknown,,unknown,
ALT-007832,workstation,Ubuntu 22.04,fully_patched,True,lab_admin,0
ALT-007833,unknown,iOS 16,fully_patched,False,guest,4
ALT-007834,unknown,Ubuntu 22.04,fully_patched,False,guest,0
ALT-007835,workstation,Windows 10,unpatched,True,faculty,0
ALT-007836,tablet,Windows 10,fully_patched,True,student,0
ALT-007837,smartphone,Windows 10,partially_patched,False,guest,5
ALT-007838,tablet,Ubuntu 22.04,unpatched,True,student,1
ALT-007839,raspberry_pi,iOS 16,fully_patched,True,faculty,0
ALT-007840,smartphone,Windows 10,fully_patched,True,student,5
ALT-007841,laptop,Windows 10,fully_patched,False,guest,1
ALT-007842,smartphone,macOS 13,unpatched,False,guest,5
ALT-007843,unknown,Windows 11,partially_patched,False,guest,2
ALT-007844,unknown,Windows 10,partially_patched,False,guest,1
ALT-007845,smartphone,Android 13,partially_patched,True,guest,0
ALT-007846,laptop,Unknown,fully_patched,False,guest,2
ALT-007847,smartphone,Ubuntu 22.04,partially_patched,False,guest,3
ALT-007848,tablet,Android 13,fully_patched,True,guest,0
ALT-007849,laptop,Windows 11,fully_patched,True,student,3
ALT-007850,smartphone,Unknown,fully_patched,False,guest,1
ALT-007851,workstation,iOS 16,partially_patched,True,lab_admin,0
ALT-007852,smartphone,Ubuntu 22.04,fully_patched,True,student,5
ALT-007853,laptop,iOS 16,partially_patched,False,guest,5
ALT-007854,smartphone,macOS 13,partially_patched,False,guest,5
ALT-007855,unknown,Ubuntu 22.04,unpatched,False,guest,5
ALT-007856,laptop,Windows 11,partially_patched,True,guest,0
ALT-007857,tablet,Unknown,partially_patched,True,student,2
ALT-007858,unknown,macOS 13,partially_patched,False,guest,2
ALT-007859,laptop,iOS 16,fully_patched,True,student,3
ALT-007860,server,Unknown,fully_patched,True,lab_admin,3
ALT-007861,laptop,iOS 16,fully_patched,False,guest,1
ALT-007862,smartphone,Windows 10,partially_patched,True,student,4
ALT-007863,laptop,Windows 10,unpatched,True,student,4
ALT-007864,laptop,macOS 13,fully_patched,False,guest,2
ALT-007865,laptop,iOS 16,partially_patched,False,guest,2
ALT-007866,tablet,Windows 10,fully_patched,True,student,3
ALT-007867,tablet,macOS 13,fully_patched,True,student,4
ALT-007868,smartphone,macOS 13,fully_patched,False,guest,1
ALT-007869,laptop,Ubuntu 22.04,unpatched,True,student,2
ALT-007870,laptop,Windows 11,fully_patched,False,guest,0
ALT-007871,smartphone,Windows 11,partially_patched,False,guest,3
ALT-007872,tablet,iOS 16,partially_patched,True,student,3
ALT-007873,laptop,Ubuntu 22.04,partially_patched,False,guest,4
ALT-007874,laptop,Ubuntu 22.04,partially_patched,False,guest,1
ALT-007875,smartphone,macOS 13,fully_patched,False,guest,4
ALT-007876,laptop,Unknown,unpatched,True,lab_admin,2
ALT-007877,unknown,Windows 10,unpatched,False,guest,4
ALT-007878,smartphone,Windows 10,fully_patched,False,guest,4
ALT-007879,smartphone,Android 13,fully_patched,False,guest,1
ALT-007880,laptop,Unknown,fully_patched,False,guest,1
ALT-007881,smartphone,Windows 11,unpatched,False,guest,1
ALT-007882,smartphone,Windows 10,fully_patched,False,guest,3
ALT-007883,laptop,Windows 10,fully_patched,True,faculty,2
ALT-007884,smartphone,Android 13,fully_patched,False,guest,0
ALT-007885,laptop,Ubuntu 22.04,partially_patched,False,guest,3
ALT-007886,smartphone,Windows 11,unpatched,False,guest,1
ALT-007887,server,Windows 11,fully_patched,True,lab_admin,0
ALT-007888,tablet,Unknown,partially_patched,True,student,0
ALT-007889,unknown,macOS 13,fully_patched,False,guest,5
ALT-007890,unknown,Unknown,unpatched,False,guest,5
ALT-007891,laptop,macOS 13,fully_patched,False,guest,5
ALT-007892,laptop,macOS 13,fully_patched,False,guest,1
ALT-007893,laptop,Windows 11,partially_patched,False,guest,3
ALT-007894,laptop,Android 13,fully_patched,True,student,1
ALT-007895,unknown,macOS 13,partially_patched,False,guest,2
ALT-007896,unknown,Android 13,fully_patched,False,guest,2
ALT-007897,server,Windows 10,fully_patched,True,faculty,5
ALT-007898,laptop,iOS 16,fully_patched,True,faculty,0
ALT-007899,tablet,Android 13,partially_patched,True,student,4
ALT-007900,unknown,Unknown,unknown,False,guest,1
ALT-007901,smartphone,Windows 11,unpatched,False,guest,3
ALT-007902,laptop,iOS 16,partially_patched,False,guest,1
ALT-007903,unknown,Android 13,unpatched,False,guest,2
ALT-007904,unknown,unknown,unknown,,unknown,
ALT-007905,tablet,macOS 13,partially_patched,True,student,5
ALT-007906,laptop,macOS 13,fully_patched,False,guest,5
ALT-007907,laptop,iOS 16,partially_patched,False,guest,4
ALT-007908,laptop,iOS 16,partially_patched,False,guest,5
ALT-007909,laptop,Windows 10,fully_patched,False,guest,0
ALT-007910,laptop,Ubuntu 22.04,partially_patched,True,student,3
ALT-007911,smartphone,iOS 16,partially_patched,True,guest,0
ALT-007912,tablet,Android 13,unknown,True,student,5
ALT-007913,laptop,macOS 13,fully_patched,True,student,2
ALT-007914,smartphone,Unknown,unknown,False,guest,4
ALT-007915,laptop,Android 13,partially_patched,True,student,3
ALT-007916,laptop,Windows 10,fully_patched,False,guest,1
ALT-007917,laptop,Windows 10,partially_patched,True,student,2
ALT-007918,laptop,Android 13,unpatched,True,student,3
ALT-007919,laptop,Windows 11,unpatched,False,guest,2
ALT-007920,smartphone,iOS 16,fully_patched,False,guest,2
ALT-007921,unknown,Android 13,unknown,False,guest,0
ALT-007922,smartphone,Windows 11,unpatched,True,student,0
ALT-007923,raspberry_pi,Android 13,unknown,True,faculty,5
ALT-007924,smartphone,Windows 11,partially_patched,False,guest,1
ALT-007925,smartphone,Unknown,fully_patched,False,guest,3
ALT-007926,workstation,macOS 13,fully_patched,True,lab_admin,5
ALT-007927,laptop,Unknown,fully_patched,False,guest,4
ALT-007928,smartphone,iOS 16,partially_patched,False,guest,1
ALT-007929,laptop,Windows 10,fully_patched,False,guest,2
ALT-007930,unknown,Windows 11,fully_patched,False,guest,0
ALT-007931,laptop,Ubuntu 22.04,fully_patched,True,student,3
ALT-007932,smartphone,Windows 10,fully_patched,False,guest,1
ALT-007933,smartphone,iOS 16,fully_patched,True,student,5
ALT-007934,unknown,Android 13,partially_patched,False,guest,0
ALT-007935,smartphone,macOS 13,fully_patched,False,guest,1
ALT-007936,unknown,Android 13,fully_patched,False,guest,2
ALT-007937,workstation,Windows 11,partially_patched,True,lab_admin,2
ALT-007938,smartphone,Windows 11,partially_patched,True,student,5
ALT-007939,tablet,Windows 11,partially_patched,True,student,5
ALT-007940,smartphone,Ubuntu 22.04,fully_patched,True,student,3
ALT-007941,tablet,Unknown,fully_patched,True,student,0
ALT-007942,laptop,Windows 10,unpatched,False,guest,0
ALT-007943,smartphone,Ubuntu 22.04,partially_patched,True,student,1
ALT-007944,raspberry_pi,Ubuntu 22.04,fully_patched,True,lab_admin,3
ALT-007945,smartphone,Windows 10,unpatched,True,student,4
ALT-007946,raspberry_pi,iOS 16,fully_patched,True,faculty,4
ALT-007947,tablet,iOS 16,partially_patched,True,guest,0
ALT-007948,laptop,Unknown,partially_patched,True,student,3
ALT-007949,smartphone,Unknown,fully_patched,True,student,1
ALT-007950,unknown,macOS 13,fully_patched,False,guest,4
ALT-007951,laptop,Android 13,fully_patched,False,guest,3
ALT-007952,smartphone,Windows 10,fully_patched,True,student,2
ALT-007953,laptop,Ubuntu 22.04,unpatched,True,student,5
ALT-007954,tablet,Windows 11,partially_patched,True,student,1
ALT-007955,smartphone,macOS 13,fully_patched,False,guest,4
ALT-007956,tablet,Android 13,unpatched,True,student,0
ALT-007957,server,Unknown,partially_patched,True,lab_admin,2
ALT-007958,laptop,iOS 16,partially_patched,False,guest,4
ALT-007959,tablet,Unknown,fully_patched,True,student,2
ALT-007960,smartphone,Windows 10,fully_patched,False,guest,0
ALT-007961,smartphone,Unknown,partially_patched,False,guest,0
ALT-007962,unknown,macOS 13,fully_patched,False,guest,2
ALT-007963,unknown,Android 13,fully_patched,False,guest,5
ALT-007964,unknown,unknown,unknown,,unknown,
ALT-007965,unknown,iOS 16,unpatched,False,guest,2
ALT-007966,laptop,Ubuntu 22.04,fully_patched,True,student,1
ALT-007967,unknown,unknown,unknown,,unknown,
ALT-007968,laptop,iOS 16,fully_patched,True,student,1
ALT-007969,smartphone,iOS 16,fully_patched,True,student,5
ALT-007970,unknown,unknown,unknown,,unknown,
ALT-007971,workstation,Android 13,partially_patched,True,faculty,1
ALT-007972,tablet,Ubuntu 22.04,fully_patched,True,student,0
ALT-007973,workstation,Unknown,partially_patched,True,faculty,3
ALT-007974,laptop,iOS 16,fully_patched,False,guest,1
ALT-007975,laptop,Unknown,fully_patched,True,student,2
ALT-007976,unknown,unknown,unknown,,unknown,
ALT-007977,smartphone,Unknown,partially_patched,True,student,3
ALT-007978,unknown,unknown,unknown,,unknown,
ALT-007979,unknown,iOS 16,partially_patched,False,guest,0
ALT-007980,unknown,Ubuntu 22.04,fully_patched,False,guest,0
ALT-007981,unknown,unknown,unknown,,unknown,
ALT-007982,laptop,Windows 10,unknown,False,guest,5
ALT-007983,laptop,macOS 13,unknown,True,student,0
ALT-007984,workstation,Ubuntu 22.04,unpatched,True,faculty,3
ALT-007985,unknown,Windows 11,fully_patched,False,guest,4
ALT-007986,tablet,macOS 13,fully_patched,True,student,5
ALT-007987,smartphone,Android 13,fully_patched,False,guest,1
ALT-007988,unknown,Windows 11,unpatched,False,guest,0
ALT-007989,laptop,Windows 11,partially_patched,True,student,2
ALT-007990,unknown,Windows 10,fully_patched,False,guest,0
ALT-007991,laptop,Android 13,unpatched,True,student,2
ALT-007992,unknown,unknown,unknown,,unknown,
ALT-007993,unknown,unknown,unknown,,unknown,
ALT-007994,unknown,iOS 16,fully_patched,False,guest,0
ALT-007995,unknown,Windows 11,unpatched,False,guest,5
ALT-007996,unknown,Ubuntu 22.04,fully_patched,False,guest,1
ALT-007997,workstation,Android 13,partially_patched,True,faculty,0
ALT-007998,smartphone,macOS 13,fully_patched,True,student,1
ALT-007999,smartphone,macOS 13,fully_patched,True,student,2
ALT-008000,laptop,iOS 16,fully_patched,True,student,4
ALT-008001,unknown,Android 13,fully_patched,False,guest,2
ALT-008002,unknown,Windows 11,partially_patched,False,guest,5
ALT-008003,smartphone,Windows 10,fully_patched,True,student,2
ALT-008004,laptop,Unknown,fully_patched,False,guest,4
ALT-008005,tablet,Unknown,fully_patched,True,student,0
ALT-008006,laptop,Windows 11,fully_patched,False,guest,1
ALT-008007,smartphone,macOS 13,fully_patched,True,student,1
ALT-008008,smartphone,iOS 16,fully_patched,False,guest,3
ALT-008009,laptop,Windows 10,fully_patched,False,guest,3
ALT-008010,laptop,Unknown,partially_patched,True,student,1
ALT-008011,unknown,Unknown,fully_patched,False,guest,4
ALT-008012,unknown,macOS 13,fully_patched,False,guest,5
ALT-008013,laptop,Windows 10,partially_patched,True,lab_admin,4
ALT-008014,workstation,Windows 11,fully_patched,True,lab_admin,1
ALT-008015,smartphone,Android 13,partially_patched,False,guest,5
ALT-008016,smartphone,macOS 13,partially_patched,True,student,0
ALT-008017,smartphone,Windows 10,partially_patched,True,guest,0
ALT-008018,laptop,Windows 10,fully_patched,True,faculty,0
ALT-008019,smartphone,Ubuntu 22.04,unknown,True,student,2
ALT-008020,smartphone,iOS 16,fully_patched,True,student,4
ALT-008021,laptop,macOS 13,fully_patched,False,guest,5
ALT-008022,laptop,iOS 16,partially_patched,True,student,3
ALT-008023,laptop,Windows 11,fully_patched,False,guest,2
ALT-008024,laptop,Windows 11,fully_patched,False,guest,5
ALT-008025,smartphone,Windows 10,partially_patched,True,student,1
ALT-008026,smartphone,iOS 16,partially_patched,True,student,2
ALT-008027,server,Windows 10,partially_patched,True,faculty,2
ALT-008028,laptop,Windows 11,fully_patched,False,guest,2
ALT-008029,unknown,Android 13,fully_patched,False,guest,2
ALT-008030,smartphone,Windows 11,fully_patched,True,student,5
ALT-008031,smartphone,Windows 11,fully_patched,True,student,0
ALT-008032,unknown,unknown,unknown,,unknown,
ALT-008033,laptop,macOS 13,fully_patched,True,student,2
ALT-008034,smartphone,iOS 16,partially_patched,False,guest,2
ALT-008035,unknown,unknown,unknown,,unknown,
ALT-008036,laptop,Windows 11,fully_patched,False,guest,0
ALT-008037,smartphone,Ubuntu 22.04,fully_patched,True,student,5
ALT-008038,laptop,Windows 11,fully_patched,True,student,3
ALT-008039,smartphone,macOS 13,fully_patched,False,guest,0
ALT-008040,workstation,Android 13,fully_patched,True,lab_admin,0
ALT-008041,laptop,Unknown,fully_patched,False,guest,5
ALT-008042,unknown,unknown,unknown,,unknown,
ALT-008043,unknown,macOS 13,fully_patched,False,guest,4
ALT-008044,laptop,Windows 10,fully_patched,True,lab_admin,3
ALT-008045,laptop,Unknown,partially_patched,False,guest,0
ALT-008046,unknown,Windows 10,partially_patched,False,guest,1
ALT-008047,smartphone,Windows 11,fully_patched,False,guest,2
ALT-008048,laptop,Unknown,partially_patched,False,guest,3
ALT-008049,smartphone,Unknown,fully_patched,False,guest,1
ALT-008050,smartphone,Android 13,fully_patched,False,guest,4
ALT-008051,laptop,Windows 10,fully_patched,True,student,0
ALT-008052,unknown,iOS 16,partially_patched,False,guest,2
ALT-008053,raspberry_pi,Windows 10,unknown,True,lab_admin,0
ALT-008054,unknown,Android 13,partially_patched,False,guest,1
ALT-008055,unknown,unknown,unknown,,unknown,
ALT-008056,unknown,iOS 16,fully_patched,False,guest,1
ALT-008057,smartphone,Windows 11,fully_patched,False,guest,2
ALT-008058,laptop,Android 13,partially_patched,True,student,1
ALT-008059,tablet,Android 13,fully_patched,True,student,2
ALT-008060,unknown,iOS 16,unpatched,False,guest,0
ALT-008061,laptop,iOS 16,unpatched,False,guest,4
ALT-008062,unknown,macOS 13,fully_patched,False,guest,2
ALT-008063,laptop,Windows 11,fully_patched,True,student,4
ALT-008064,smartphone,Windows 10,partially_patched,True,student,1
ALT-008065,smartphone,Ubuntu 22.04,partially_patched,True,student,3
ALT-008066,laptop,macOS 13,unpatched,True,student,4
ALT-008067,laptop,Android 13,fully_patched,True,lab_admin,4
ALT-008068,laptop,iOS 16,fully_patched,True,student,5
ALT-008069,workstation,Windows 10,fully_patched,True,faculty,5
ALT-008070,laptop,Ubuntu 22.04,fully_patched,False,guest,0
ALT-008071,laptop,Windows 11,fully_patched,False,guest,4
ALT-008072,laptop,Windows 10,partially_patched,False,guest,0
ALT-008073,laptop,Android 13,partially_patched,True,student,3
ALT-008074,smartphone,Windows 11,fully_patched,False,guest,2
ALT-008075,smartphone,iOS 16,fully_patched,True,student,4
ALT-008076,smartphone,iOS 16,partially_patched,True,student,0
ALT-008077,smartphone,Windows 11,fully_patched,True,student,2
ALT-008078,unknown,iOS 16,fully_patched,False,guest,5
ALT-008079,laptop,macOS 13,fully_patched,False,guest,1
ALT-008080,laptop,Android 13,unpatched,True,student,0
ALT-008081,unknown,macOS 13,fully_patched,False,guest,0
ALT-008082,smartphone,Unknown,unpatched,False,guest,4
ALT-008083,laptop,macOS 13,fully_patched,False,guest,0
ALT-008084,unknown,macOS 13,fully_patched,False,guest,2
ALT-008085,workstation,Unknown,fully_patched,True,faculty,4
ALT-008086,smartphone,Android 13,fully_patched,False,guest,5
ALT-008087,smartphone,iOS 16,unpatched,False,guest,5
ALT-008088,unknown,Windows 11,unpatched,False,guest,5
ALT-008089,laptop,Android 13,unpatched,False,guest,2
ALT-008090,smartphone,Windows 10,partially_patched,False,guest,2
ALT-008091,smartphone,Windows 11,partially_patched,True,student,3
ALT-008092,unknown,unknown,unknown,,unknown,
ALT-008093,smartphone,Android 13,fully_patched,True,student,0
ALT-008094,workstation,Windows 10,unknown,True,lab_admin,4
ALT-008095,laptop,Unknown,fully_patched,False,guest,5
ALT-008096,unknown,unknown,unknown,,unknown,
ALT-008097,unknown,Windows 10,fully_patched,False,guest,4
ALT-008098,unknown,Windows 11,fully_patched,False,guest,5
ALT-008099,smartphone,iOS 16,fully_patched,False,guest,4
ALT-008100,unknown,Android 13,unpatched,False,guest,3
ALT-008101,tablet,Windows 11,partially_patched,True,student,5
ALT-008102,laptop,Unknown,unknown,False,guest,5
ALT-008103,smartphone,Ubuntu 22.04,partially_patched,False,guest,1
ALT-008104,smartphone,Ubuntu 22.04,fully_patched,False,guest,2
ALT-008105,tablet,Android 13,unpatched,True,student,1
ALT-008106,smartphone,Windows 10,fully_patched,False,guest,2
ALT-008107,unknown,unknown,unknown,,unknown,
ALT-008108,laptop,macOS 13,fully_patched,False,guest,2
ALT-008109,unknown,Windows 10,partially_patched,False,guest,2
ALT-008110,tablet,iOS 16,fully_patched,True,student,2
ALT-008111,laptop,iOS 16,unknown,False,guest,2
ALT-008112,unknown,unknown,unknown,,unknown,
ALT-008113,unknown,unknown,unknown,,unknown,
ALT-008114,tablet,iOS 16,fully_patched,True,student,4
ALT-008115,smartphone,Ubuntu 22.04,fully_patched,False,guest,0
ALT-008116,laptop,Unknown,fully_patched,False,guest,2
ALT-008117,smartphone,macOS 13,partially_patched,True,student,1
ALT-008118,unknown,Android 13,fully_patched,False,guest,2
ALT-008119,smartphone,Android 13,unpatched,True,student,5
ALT-008120,raspberry_pi,Windows 11,partially_patched,True,lab_admin,1
ALT-008121,unknown,Ubuntu 22.04,partially_patched,False,guest,5
ALT-008122,unknown,unknown,unknown,,unknown,
ALT-008123,workstation,Windows 10,unpatched,True,lab_admin,1
ALT-008124,tablet,iOS 16,fully_patched,True,student,4
ALT-008125,laptop,macOS 13,unpatched,True,student,5
ALT-008126,smartphone,Unknown,fully_patched,True,student,3
ALT-008127,smartphone,macOS 13,partially_patched,True,student,2
ALT-008128,smartphone,Windows 10,unpatched,True,student,2
ALT-008129,unknown,unknown,unknown,,unknown,
ALT-008130,smartphone,Windows 10,fully_patched,False,guest,2
ALT-008131,tablet,Windows 10,fully_patched,True,student,3
ALT-008132,unknown,unknown,unknown,,unknown,
ALT-008133,laptop,macOS 13,fully_patched,True,student,0
ALT-008134,tablet,Windows 10,partially_patched,True,student,5
ALT-008135,raspberry_pi,Unknown,fully_patched,True,faculty,3
ALT-008136,tablet,Windows 11,unpatched,True,student,4
ALT-008137,unknown,Ubuntu 22.04,partially_patched,False,guest,4
ALT-008138,smartphone,Ubuntu 22.04,fully_patched,True,student,3
ALT-008139,smartphone,iOS 16,partially_patched,True,guest,0
ALT-008140,unknown,Unknown,partially_patched,False,guest,4
ALT-008141,unknown,Windows 11,fully_patched,False,guest,1
ALT-008142,smartphone,Unknown,fully_patched,False,guest,0
ALT-008143,laptop,Ubuntu 22.04,fully_patched,False,guest,1
ALT-008144,unknown,unknown,unknown,,unknown,
ALT-008145,smartphone,Ubuntu 22.04,partially_patched,True,student,2
ALT-008146,smartphone,Windows 11,unknown,False,guest,1
ALT-008147,laptop,Android 13,partially_patched,True,student,2
ALT-008148,laptop,Android 13,fully_patched,True,student,4
ALT-008149,unknown,unknown,unknown,,unknown,
ALT-008150,laptop,macOS 13,fully_patched,False,guest,4
ALT-008151,unknown,Windows 10,fully_patched,False,guest,0
ALT-008152,unknown,unknown,unknown,,unknown,
ALT-008153,workstation,iOS 16,fully_patched,True,lab_admin,1
ALT-008154,smartphone,iOS 16,fully_patched,False,guest,2
ALT-008155,smartphone,macOS 13,partially_patched,True,student,4
ALT-008156,workstation,Windows 10,fully_patched,True,faculty,2
ALT-008157,unknown,unknown,unknown,,unknown,
ALT-008158,workstation,macOS 13,partially_patched,True,faculty,5
ALT-008159,unknown,Windows 11,fully_patched,False,guest,5
ALT-008160,smartphone,Windows 11,fully_patched,True,student,3
ALT-008161,smartphone,macOS 13,fully_patched,False,guest,2
ALT-008162,laptop,macOS 13,fully_patched,True,student,5
ALT-008163,smartphone,Android 13,fully_patched,False,guest,2
ALT-008164,laptop,Android 13,partially_patched,False,guest,2
ALT-008165,tablet,Windows 10,fully_patched,True,student,1
ALT-008166,server,Ubuntu 22.04,fully_patched,True,faculty,4
ALT-008167,unknown,Ubuntu 22.04,unpatched,False,guest,2
ALT-008168,smartphone,Ubuntu 22.04,unpatched,False,guest,2
ALT-008169,tablet,iOS 16,fully_patched,False,guest,0
ALT-008170,laptop,Android 13,partially_patched,False,guest,0
ALT-008171,smartphone,Android 13,fully_patched,False,guest,2
ALT-008172,unknown,unknown,unknown,,unknown,
ALT-008173,laptop,Android 13,partially_patched,True,student,1
ALT-008174,smartphone,iOS 16,partially_patched,True,student,2
ALT-008175,laptop,macOS 13,fully_patched,True,student,4
ALT-008176,smartphone,Unknown,partially_patched,False,guest,4
ALT-008177,laptop,Ubuntu 22.04,fully_patched,False,guest,5
ALT-008178,tablet,macOS 13,fully_patched,True,student,1
ALT-008179,unknown,unknown,unknown,,unknown,
ALT-008180,laptop,Android 13,fully_patched,False,guest,5
ALT-008181,unknown,unknown,unknown,,unknown,
ALT-008182,raspberry_pi,Windows 11,fully_patched,True,faculty,1
ALT-008183,laptop,iOS 16,fully_patched,True,faculty,1
ALT-008184,unknown,unknown,unknown,,unknown,
ALT-008185,tablet,macOS 13,fully_patched,True,student,2
ALT-008186,laptop,Windows 11,unpatched,True,faculty,3
ALT-008187,laptop,Android 13,partially_patched,False,guest,0
ALT-008188,unknown,unknown,unknown,,unknown,
ALT-008189,laptop,Windows 11,partially_patched,True,student,4
ALT-008190,unknown,Windows 10,fully_patched,False,guest,1
ALT-008191,unknown,iOS 16,fully_patched,False,guest,1
ALT-008192,smartphone,macOS 13,fully_patched,False,guest,3
ALT-008193,smartphone,Unknown,partially_patched,True,student,3
ALT-008194,workstation,Unknown,fully_patched,True,lab_admin,3
ALT-008195,unknown,unknown,unknown,,unknown,
ALT-008196,unknown,unknown,unknown,,unknown,
ALT-008197,tablet,Ubuntu 22.04,fully_patched,True,student,3
ALT-008198,tablet,Unknown,fully_patched,True,student,0
ALT-008199,unknown,Android 13,fully_patched,False,guest,0
ALT-008200,unknown,iOS 16,partially_patched,False,guest,3
ALT-008201,laptop,macOS 13,fully_patched,True,faculty,4
ALT-008202,tablet,Unknown,partially_patched,True,student,3
ALT-008203,smartphone,Unknown,fully_patched,True,student,4
ALT-008204,smartphone,Windows 11,fully_patched,True,student,0
ALT-008205,smartphone,Ubuntu 22.04,fully_patched,False,guest,5
ALT-008206,unknown,Unknown,fully_patched,False,guest,1
ALT-008207,smartphone,Android 13,partially_patched,False,guest,5
ALT-008208,smartphone,macOS 13,partially_patched,True,student,3
ALT-008209,workstation,Unknown,fully_patched,True,faculty,0
ALT-008210,laptop,Unknown,partially_patched,True,student,1
ALT-008211,workstation,Unknown,fully_patched,True,faculty,1
ALT-008212,smartphone,Windows 11,partially_patched,True,student,5
ALT-008213,tablet,Unknown,partially_patched,True,student,4
ALT-008214,tablet,iOS 16,fully_patched,True,guest,1
ALT-008215,smartphone,Windows 11,partially_patched,False,guest,3
ALT-008216,smartphone,iOS 16,partially_patched,True,student,5
ALT-008217,unknown,iOS 16,fully_patched,False,guest,4
ALT-008218,unknown,unknown,unknown,,unknown,
ALT-008219,smartphone,iOS 16,fully_patched,True,student,5
ALT-008220,smartphone,macOS 13,fully_patched,False,guest,0
ALT-008221,laptop,Windows 11,fully_patched,False,guest,5
ALT-008222,unknown,Ubuntu 22.04,partially_patched,False,guest,5
ALT-008223,server,Android 13,fully_patched,True,faculty,1
ALT-008224,laptop,Windows 11,fully_patched,False,guest,4
ALT-008225,unknown,Windows 11,unpatched,False,guest,2
ALT-008226,smartphone,Windows 11,unpatched,True,student,5
ALT-008227,laptop,Android 13,fully_patched,True,student,3
ALT-008228,unknown,unknown,unknown,,unknown,
ALT-008229,laptop,iOS 16,fully_patched,True,student,5
ALT-008230,laptop,Windows 11,fully_patched,False,guest,5
ALT-008231,smartphone,Windows 11,fully_patched,True,student,0
ALT-008232,smartphone,Ubuntu 22.04,fully_patched,False,guest,0
ALT-008233,workstation,iOS 16,fully_patched,True,faculty,0
ALT-008234,smartphone,iOS 16,partially_patched,False,guest,1
ALT-008235,laptop,Unknown,fully_patched,False,guest,5
ALT-008236,smartphone,Windows 10,fully_patched,False,guest,3
ALT-008237,unknown,macOS 13,fully_patched,False,guest,3
ALT-008238,unknown,Windows 11,partially_patched,False,guest,4
ALT-008239,unknown,macOS 13,partially_patched,False,guest,1
ALT-008240,tablet,Android 13,unpatched,True,student,0
ALT-008241,laptop,iOS 16,partially_patched,False,guest,2
ALT-008242,laptop,Unknown,unpatched,True,student,3
ALT-008243,smartphone,macOS 13,unpatched,False,guest,3
ALT-008244,unknown,unknown,unknown,,unknown,
ALT-008245,smartphone,iOS 16,partially_patched,True,student,0
ALT-008246,smartphone,Android 13,unpatched,False,guest,4
ALT-008247,laptop,Windows 10,partially_patched,True,student,4
ALT-008248,smartphone,Ubuntu 22.04,fully_patched,True,student,1
ALT-008249,tablet,macOS 13,unpatched,True,student,1
ALT-008250,laptop,iOS 16,fully_patched,False,guest,2
ALT-008251,smartphone,Ubuntu 22.04,partially_patched,False,guest,3
ALT-008252,raspberry_pi,iOS 16,fully_patched,True,lab_admin,2
ALT-008253,smartphone,iOS 16,fully_patched,False,guest,1
ALT-008254,unknown,Windows 10,fully_patched,False,guest,5
ALT-008255,smartphone,macOS 13,partially_patched,True,student,4
ALT-008256,laptop,Android 13,fully_patched,False,guest,1
ALT-008257,smartphone,Windows 10,partially_patched,False,guest,4
ALT-008258,smartphone,Android 13,fully_patched,False,guest,4
ALT-008259,smartphone,Android 13,partially_patched,True,student,2
ALT-008260,tablet,Windows 10,fully_patched,True,student,3
ALT-008261,unknown,Windows 10,fully_patched,False,guest,1
ALT-008262,unknown,unknown,unknown,,unknown,
ALT-008263,laptop,Windows 10,unknown,True,student,2
ALT-008264,smartphone,Ubuntu 22.04,partially_patched,True,student,1
ALT-008265,tablet,Ubuntu 22.04,partially_patched,True,student,3
ALT-008266,smartphone,Unknown,partially_patched,False,guest,2
ALT-008267,tablet,Android 13,fully_patched,False,guest,1
ALT-008268,smartphone,Windows 10,partially_patched,False,guest,0
ALT-008269,unknown,unknown,unknown,,unknown,
ALT-008270,laptop,Ubuntu 22.04,unpatched,False,guest,0
ALT-008271,tablet,Windows 11,fully_patched,True,student,0
ALT-008272,tablet,iOS 16,partially_patched,True,guest,0
ALT-008273,unknown,iOS 16,fully_patched,False,guest,2
ALT-008274,smartphone,macOS 13,fully_patched,False,guest,4
ALT-008275,smartphone,Windows 11,partially_patched,True,student,1
ALT-008276,laptop,Windows 11,partially_patched,False,guest,2
ALT-008277,unknown,unknown,unknown,,unknown,
ALT-008278,tablet,macOS 13,partially_patched,True,student,1
ALT-008279,tablet,Windows 11,fully_patched,True,student,5
ALT-008280,laptop,Windows 10,fully_patched,False,guest,5
ALT-008281,unknown,unknown,unknown,,unknown,
ALT-008282,unknown,Windows 11,fully_patched,False,guest,4
ALT-008283,smartphone,Unknown,unpatched,False,guest,0
ALT-008284,unknown,macOS 13,unpatched,False,guest,2
ALT-008285,unknown,unknown,unknown,,unknown,
ALT-008286,laptop,Windows 11,fully_patched,False,guest,5
ALT-008287,smartphone,Windows 10,partially_patched,False,guest,0
ALT-008288,laptop,Windows 10,fully_patched,True,student,4
ALT-008289,unknown,Ubuntu 22.04,partially_patched,False,guest,0
ALT-008290,laptop,Android 13,fully_patched,True,student,0
ALT-008291,laptop,Android 13,partially_patched,True,student,2
ALT-008292,unknown,unknown,unknown,,unknown,
ALT-008293,unknown,Windows 11,fully_patched,False,guest,5
ALT-008294,tablet,macOS 13,unpatched,True,student,1
ALT-008295,tablet,Windows 11,partially_patched,True,student,4
ALT-008296,workstation,iOS 16,fully_patched,True,faculty,4
ALT-008297,laptop,iOS 16,unpatched,True,student,2
ALT-008298,laptop,Windows 11,fully_patched,False,guest,4
ALT-008299,workstation,Windows 10,partially_patched,True,lab_admin,5
ALT-008300,tablet,iOS 16,unpatched,True,student,0
ALT-008301,smartphone,Ubuntu 22.04,partially_patched,True,student,2
ALT-008302,tablet,Windows 10,fully_patched,True,student,1
ALT-008303,unknown,iOS 16,fully_patched,False,guest,1
ALT-008304,smartphone,Android 13,partially_patched,False,guest,4
ALT-008305,smartphone,macOS 13,unknown,True,student,4
ALT-008306,smartphone,Windows 10,fully_patched,True,student,5
ALT-008307,smartphone,Windows 11,fully_patched,False,guest,3
ALT-008308,workstation,Ubuntu 22.04,fully_patched,True,lab_admin,0
ALT-008309,smartphone,iOS 16,partially_patched,False,guest,3
ALT-008310,smartphone,Android 13,unknown,False,guest,4
ALT-008311,smartphone,Ubuntu 22.04,partially_patched,True,student,5
ALT-008312,tablet,Windows 11,fully_patched,True,student,0
ALT-008313,tablet,Windows 11,unpatched,True,student,2
ALT-008314,tablet,Unknown,fully_patched,True,student,0
ALT-008315,unknown,Windows 11,partially_patched,False,guest,3
ALT-008316,laptop,Windows 11,partially_patched,False,guest,5
ALT-008317,laptop,Android 13,fully_patched,True,student,2
ALT-008318,tablet,Ubuntu 22.04,fully_patched,True,student,2
ALT-008319,smartphone,macOS 13,unknown,False,guest,5
ALT-008320,unknown,unknown,unknown,,unknown,
ALT-008321,raspberry_pi,Ubuntu 22.04,partially_patched,True,faculty,0
ALT-008322,tablet,Windows 11,partially_patched,True,student,0
ALT-008323,unknown,unknown,unknown,,unknown,
ALT-008324,workstation,macOS 13,fully_patched,True,faculty,5
ALT-008325,tablet,Android 13,fully_patched,True,student,3
ALT-008326,laptop,iOS 16,fully_patched,True,student,4
ALT-008327,unknown,macOS 13,unknown,False,guest,2
ALT-008328,smartphone,Windows 10,unpatched,False,guest,0
ALT-008329,laptop,Windows 10,partially_patched,True,student,0
ALT-008330,laptop,Windows 11,partially_patched,False,guest,1
ALT-008331,unknown,unknown,unknown,,unknown,
ALT-008332,unknown,unknown,unknown,,unknown,
ALT-008333,smartphone,macOS 13,fully_patched,False,guest,3
ALT-008334,unknown,Ubuntu 22.04,unpatched,False,guest,3
ALT-008335,unknown,Ubuntu 22.04,unpatched,False,guest,0
ALT-008336,smartphone,Windows 10,fully_patched,True,student,1
ALT-008337,unknown,Windows 11,unknown,False,guest,0
ALT-008338,tablet,iOS 16,partially_patched,False,guest,1
ALT-008339,server,Unknown,fully_patched,True,faculty,0
ALT-008340,tablet,Android 13,unknown,True,student,5
ALT-008341,laptop,macOS 13,fully_patched,True,student,2
ALT-008342,unknown,unknown,unknown,,unknown,
ALT-008343,unknown,Windows 11,fully_patched,False,guest,4
ALT-008344,tablet,Windows 10,partially_patched,True,guest,1
ALT-008345,tablet,macOS 13,unpatched,True,student,4
ALT-008346,smartphone,iOS 16,partially_patched,True,student,2
ALT-008347,laptop,Ubuntu 22.04,fully_patched,False,guest,3
ALT-008348,unknown,unknown,unknown,,unknown,
ALT-008349,smartphone,Windows 10,fully_patched,False,guest,3
ALT-008350,unknown,unknown,unknown,,unknown,
ALT-008351,laptop,Windows 10,fully_patched,True,student,4
ALT-008352,unknown,Windows 10,unpatched,False,guest,4
ALT-008353,unknown,Unknown,partially_patched,False,guest,1
ALT-008354,laptop,Windows 10,unknown,True,student,1
ALT-008355,workstation,Ubuntu 22.04,fully_patched,True,faculty,5
ALT-008356,smartphone,Ubuntu 22.04,fully_patched,True,student,3
ALT-008357,smartphone,Android 13,fully_patched,False,guest,0
ALT-008358,smartphone,Windows 11,partially_patched,False,guest,2
ALT-008359,raspberry_pi,Windows 11,partially_patched,True,lab_admin,1
ALT-008360,laptop,Ubuntu 22.04,partially_patched,False,guest,5
ALT-008361,laptop,Android 13,unknown,False,guest,5
ALT-008362,laptop,Windows 11,partially_patched,False,guest,0
ALT-008363,laptop,Windows 10,unpatched,False,guest,0
ALT-008364,smartphone,Ubuntu 22.04,partially_patched,True,student,5
ALT-008365,laptop,Unknown,unpatched,False,guest,3
ALT-008366,smartphone,Ubuntu 22.04,unknown,False,guest,4
ALT-008367,smartphone,macOS 13,unpatched,False,guest,2
ALT-008368,unknown,Windows 10,fully_patched,False,guest,2
ALT-008369,smartphone,Windows 11,fully_patched,True,student,0
ALT-008370,smartphone,Unknown,unpatched,True,student,1
ALT-008371,unknown,unknown,unknown,,unknown,
ALT-008372,server,iOS 16,unknown,True,lab_admin,0
ALT-008373,smartphone,Unknown,fully_patched,True,student,3
ALT-008374,unknown,unknown,unknown,,unknown,
ALT-008375,unknown,Windows 10,partially_patched,False,guest,5
ALT-008376,unknown,unknown,unknown,,unknown,
ALT-008377,laptop,Ubuntu 22.04,fully_patched,False,guest,3
ALT-008378,smartphone,macOS 13,unknown,True,student,5
ALT-008379,laptop,macOS 13,partially_patched,True,student,2
ALT-008380,tablet,Ubuntu 22.04,partially_patched,True,student,2
ALT-008381,workstation,Windows 11,partially_patched,True,faculty,0
ALT-008382,laptop,iOS 16,unpatched,True,faculty,2
ALT-008383,unknown,Windows 10,fully_patched,False,guest,0
ALT-008384,unknown,unknown,unknown,,unknown,
ALT-008385,laptop,Android 13,fully_patched,False,guest,4
ALT-008386,smartphone,Windows 10,unpatched,False,guest,4
ALT-008387,laptop,iOS 16,fully_patched,False,guest,5
ALT-008388,unknown,macOS 13,fully_patched,False,guest,3
ALT-008389,laptop,Windows 11,partially_patched,False,guest,1
ALT-008390,unknown,unknown,unknown,,unknown,
ALT-008391,tablet,macOS 13,fully_patched,True,student,5
ALT-008392,laptop,Windows 10,unpatched,False,guest,5
ALT-008393,laptop,iOS 16,fully_patched,False,guest,3
ALT-008394,unknown,unknown,unknown,,unknown,
ALT-008395,laptop,iOS 16,fully_patched,True,student,1
ALT-008396,workstation,Unknown,unpatched,True,faculty,3
ALT-008397,tablet,Windows 11,unknown,True,student,4
ALT-008398,laptop,Android 13,fully_patched,False,guest,2
ALT-008399,smartphone,macOS 13,fully_patched,True,student,3
ALT-008400,laptop,Android 13,unpatched,False,guest,4
ALT-008401,smartphone,Windows 11,fully_patched,False,guest,3
ALT-008402,smartphone,Windows 10,fully_patched,False,guest,1
ALT-008403,unknown,Android 13,unpatched,False,guest,0
ALT-008404,laptop,Ubuntu 22.04,partially_patched,True,student,0
ALT-008405,smartphone,Unknown,partially_patched,True,student,2
ALT-008406,tablet,Android 13,unpatched,True,student,1
ALT-008407,unknown,Unknown,partially_patched,False,guest,3
ALT-008408,unknown,Ubuntu 22.04,fully_patched,False,guest,5
ALT-008409,unknown,Ubuntu 22.04,partially_patched,False,guest,4
ALT-008410,tablet,Unknown,unpatched,True,student,0
ALT-008411,unknown,Ubuntu 22.04,fully_patched,False,guest,2
ALT-008412,laptop,macOS 13,partially_patched,False,guest,0
ALT-008413,unknown,unknown,unknown,,unknown,
ALT-008414,smartphone,macOS 13,fully_patched,True,student,4
ALT-008415,unknown,unknown,unknown,,unknown,
ALT-008416,laptop,Windows 10,unknown,False,guest,2
ALT-008417,laptop,Unknown,fully_patched,False,guest,4
ALT-008418,laptop,Unknown,partially_patched,False,guest,3
ALT-008419,laptop,Windows 10,fully_patched,True,student,0
ALT-008420,laptop,Android 13,fully_patched,True,student,2
ALT-008421,tablet,iOS 16,fully_patched,True,student,1
ALT-008422,tablet,iOS 16,fully_patched,True,student,4
ALT-008423,laptop,Windows 11,unknown,False,guest,0
ALT-008424,unknown,Unknown,partially_patched,False,guest,0
ALT-008425,smartphone,Windows 11,partially_patched,False,guest,3
ALT-008426,unknown,Android 13,unpatched,False,guest,3
ALT-008427,raspberry_pi,Ubuntu 22.04,unpatched,True,faculty,0
ALT-008428,laptop,Windows 11,fully_patched,True,student,2
ALT-008429,unknown,Android 13,partially_patched,False,guest,4
ALT-008430,laptop,iOS 16,fully_patched,True,lab_admin,1
ALT-008431,unknown,unknown,unknown,,unknown,
ALT-008432,laptop,Windows 10,partially_patched,True,student,5
ALT-008433,smartphone,Windows 11,partially_patched,True,student,5
ALT-008434,laptop,Ubuntu 22.04,partially_patched,True,faculty,1
ALT-008435,tablet,Android 13,partially_patched,True,student,2
ALT-008436,unknown,unknown,unknown,,unknown,
ALT-008437,smartphone,Windows 11,partially_patched,False,guest,2
ALT-008438,laptop,iOS 16,fully_patched,False,guest,3
ALT-008439,laptop,Windows 11,partially_patched,True,student,4
ALT-008440,smartphone,macOS 13,unknown,False,guest,2
ALT-008441,unknown,Ubuntu 22.04,partially_patched,False,guest,2
ALT-008442,server,Windows 11,fully_patched,True,lab_admin,0
ALT-008443,laptop,Windows 11,partially_patched,True,student,0
ALT-008444,smartphone,macOS 13,unpatched,False,guest,5
ALT-008445,unknown,Windows 10,unpatched,False,guest,0
ALT-008446,unknown,Unknown,fully_patched,False,guest,0
ALT-008447,laptop,Windows 11,unpatched,False,guest,0
ALT-008448,smartphone,Ubuntu 22.04,unpatched,False,guest,0
ALT-008449,smartphone,Ubuntu 22.04,partially_patched,False,guest,3
ALT-008450,tablet,Windows 11,unpatched,True,student,4
ALT-008451,tablet,Ubuntu 22.04,partially_patched,True,student,2
ALT-008452,laptop,iOS 16,fully_patched,True,student,1
ALT-008453,smartphone,Ubuntu 22.04,fully_patched,True,student,3
ALT-008454,smartphone,macOS 13,partially_patched,True,student,2
ALT-008455,laptop,Windows 10,partially_patched,False,guest,5
ALT-008456,smartphone,iOS 16,partially_patched,False,guest,4
ALT-008457,tablet,Unknown,fully_patched,True,student,5
ALT-008458,tablet,Android 13,fully_patched,True,student,5
ALT-008459,smartphone,Ubuntu 22.04,partially_patched,True,student,2
ALT-008460,smartphone,iOS 16,unpatched,False,guest,2
ALT-008461,tablet,Windows 11,unpatched,True,student,5
ALT-008462,unknown,Windows 10,partially_patched,False,guest,1
ALT-008463,smartphone,Unknown,fully_patched,False,guest,5
ALT-008464,unknown,macOS 13,partially_patched,False,guest,2
ALT-008465,unknown,unknown,unknown,,unknown,
ALT-008466,workstation,Windows 11,fully_patched,True,faculty,0
ALT-008467,unknown,unknown,unknown,,unknown,
ALT-008468,unknown,unknown,unknown,,unknown,
ALT-008469,server,Unknown,fully_patched,True,lab_admin,3
ALT-008470,tablet,Android 13,fully_patched,True,student,2
ALT-008471,laptop,Windows 10,fully_patched,False,guest,4
ALT-008472,laptop,Ubuntu 22.04,partially_patched,True,student,0
ALT-008473,smartphone,Windows 11,partially_patched,True,student,0
ALT-008474,smartphone,macOS 13,partially_patched,False,guest,0
ALT-008475,unknown,iOS 16,partially_patched,False,guest,4
ALT-008476,laptop,Unknown,partially_patched,True,student,2
ALT-008477,raspberry_pi,iOS 16,fully_patched,True,faculty,4
ALT-008478,smartphone,Windows 11,fully_patched,True,student,0
ALT-008479,workstation,Android 13,partially_patched,True,faculty,1
ALT-008480,laptop,Android 13,fully_patched,False,guest,4
ALT-008481,laptop,iOS 16,partially_patched,False,guest,3
ALT-008482,laptop,macOS 13,partially_patched,True,student,3
ALT-008483,server,Ubuntu 22.04,fully_patched,True,lab_admin,4
ALT-008484,tablet,Windows 10,fully_patched,True,student,2
ALT-008485,workstation,Windows 11,fully_patched,True,faculty,0
ALT-008486,unknown,unknown,unknown,,unknown,
ALT-008487,unknown,Windows 10,unpatched,False,guest,1
ALT-008488,laptop,Windows 10,fully_patched,True,student,3
ALT-008489,laptop,Unknown,unpatched,True,student,1
ALT-008490,unknown,Ubuntu 22.04,fully_patched,False,guest,0
ALT-008491,laptop,macOS 13,fully_patched,True,student,0
ALT-008492,laptop,Unknown,partially_patched,False,guest,2
ALT-008493,smartphone,Android 13,fully_patched,False,guest,5
ALT-008494,laptop,Android 13,fully_patched,True,student,2
ALT-008495,smartphone,Windows 10,partially_patched,True,student,4
ALT-008496,laptop,macOS 13,fully_patched,False,guest,1
ALT-008497,unknown,iOS 16,fully_patched,False,guest,0
ALT-008498,unknown,unknown,unknown,,unknown,
ALT-008499,smartphone,iOS 16,partially_patched,True,student,0
ALT-008500,unknown,Windows 11,fully_patched,False,guest,0
ALT-008501,unknown,Windows 11,fully_patched,False,guest,2
ALT-008502,laptop,Unknown,fully_patched,False,guest,2
ALT-008503,tablet,macOS 13,fully_patched,True,student,0
ALT-008504,unknown,Windows 11,partially_patched,False,guest,2
ALT-008505,laptop,Unknown,fully_patched,True,student,1
ALT-008506,smartphone,Windows 10,partially_patched,True,guest,0
ALT-008507,laptop,Windows 11,fully_patched,False,guest,1
ALT-008508,smartphone,Windows 10,partially_patched,False,guest,5
ALT-008509,tablet,macOS 13,partially_patched,True,student,5
ALT-008510,laptop,Android 13,fully_patched,True,student,2
ALT-008511,tablet,Ubuntu 22.04,fully_patched,True,student,3
ALT-008512,unknown,Unknown,unpatched,False,guest,4
ALT-008513,smartphone,Windows 11,partially_patched,False,guest,1
ALT-008514,workstation,Windows 10,fully_patched,True,faculty,2
ALT-008515,unknown,unknown,unknown,,unknown,
ALT-008516,tablet,Unknown,fully_patched,True,student,4
ALT-008517,laptop,Ubuntu 22.04,fully_patched,False,guest,4
ALT-008518,laptop,iOS 16,fully_patched,False,guest,0
ALT-008519,laptop,Unknown,partially_patched,False,guest,3
ALT-008520,tablet,iOS 16,partially_patched,True,student,3
ALT-008521,laptop,macOS 13,fully_patched,False,guest,5
ALT-008522,tablet,Windows 10,partially_patched,True,student,1
ALT-008523,smartphone,iOS 16,partially_patched,False,guest,4
ALT-008524,laptop,Windows 10,partially_patched,False,guest,0
ALT-008525,laptop,Android 13,partially_patched,False,guest,0
ALT-008526,unknown,unknown,unknown,,unknown,
ALT-008527,laptop,iOS 16,partially_patched,False,guest,4
ALT-008528,unknown,Unknown,fully_patched,False,guest,2
ALT-008529,smartphone,Windows 11,fully_patched,True,student,1
ALT-008530,unknown,Android 13,unpatched,False,guest,5
ALT-008531,unknown,iOS 16,fully_patched,False,guest,3
ALT-008532,unknown,unknown,unknown,,unknown,
ALT-008533,laptop,macOS 13,fully_patched,True,lab_admin,4
ALT-008534,laptop,macOS 13,fully_patched,False,guest,4
ALT-008535,unknown,Windows 10,fully_patched,False,guest,2
ALT-008536,unknown,Windows 10,fully_patched,False,guest,5
ALT-008537,laptop,iOS 16,fully_patched,True,student,3
ALT-008538,unknown,unknown,unknown,,unknown,
ALT-008539,laptop,Ubuntu 22.04,unpatched,False,guest,4
ALT-008540,workstation,Ubuntu 22.04,partially_patched,True,lab_admin,2
ALT-008541,smartphone,iOS 16,fully_patched,False,guest,4
ALT-008542,unknown,Windows 10,partially_patched,False,guest,1
ALT-008543,smartphone,Unknown,partially_patched,True,student,3
ALT-008544,unknown,unknown,unknown,,unknown,
ALT-008545,unknown,Unknown,unpatched,False,guest,4
ALT-008546,unknown,unknown,unknown,,unknown,
ALT-008547,laptop,macOS 13,partially_patched,False,guest,2
ALT-008548,unknown,Unknown,fully_patched,False,guest,1
ALT-008549,unknown,Android 13,partially_patched,False,guest,1
ALT-008550,laptop,Unknown,fully_patched,True,student,1
ALT-008551,smartphone,Windows 10,fully_patched,True,student,2
ALT-008552,unknown,Unknown,fully_patched,False,guest,2
ALT-008553,laptop,Ubuntu 22.04,fully_patched,False,guest,0
ALT-008554,laptop,Windows 11,partially_patched,True,student,2
ALT-008555,laptop,Unknown,fully_patched,False,guest,3
ALT-008556,server,Windows 10,partially_patched,True,lab_admin,5
ALT-008557,workstation,Windows 11,partially_patched,True,lab_admin,0
ALT-008558,smartphone,Ubuntu 22.04,unpatched,True,student,4
ALT-008559,laptop,Android 13,fully_patched,True,student,0
ALT-008560,laptop,macOS 13,fully_patched,False,guest,2
ALT-008561,smartphone,macOS 13,partially_patched,False,guest,0
ALT-008562,smartphone,iOS 16,fully_patched,False,guest,5
ALT-008563,unknown,unknown,unknown,,unknown,
ALT-008564,laptop,Unknown,fully_patched,False,guest,2
ALT-008565,tablet,Windows 11,fully_patched,True,student,0
ALT-008566,server,Windows 10,unpatched,True,lab_admin,2
ALT-008567,smartphone,Ubuntu 22.04,unpatched,False,guest,5
ALT-008568,laptop,macOS 13,partially_patched,True,faculty,3
ALT-008569,laptop,Unknown,unpatched,False,guest,2
ALT-008570,laptop,Android 13,fully_patched,False,guest,0
ALT-008571,smartphone,iOS 16,partially_patched,True,student,2
ALT-008572,smartphone,macOS 13,partially_patched,False,guest,5
ALT-008573,laptop,macOS 13,unpatched,True,student,3
ALT-008574,tablet,Unknown,partially_patched,True,student,2
ALT-008575,smartphone,macOS 13,partially_patched,False,guest,2
ALT-008576,workstation,macOS 13,unpatched,True,faculty,2
ALT-008577,unknown,unknown,unknown,,unknown,
ALT-008578,smartphone,Android 13,unknown,False,guest,0
ALT-008579,workstation,Windows 11,fully_patched,True,lab_admin,3
ALT-008580,smartphone,Windows 11,fully_patched,False,guest,0
ALT-008581,smartphone,Windows 10,partially_patched,True,guest,0
ALT-008582,smartphone,macOS 13,fully_patched,True,student,3
ALT-008583,smartphone,Windows 11,fully_patched,True,student,3
ALT-008584,laptop,Ubuntu 22.04,fully_patched,True,student,2
ALT-008585,smartphone,Android 13,partially_patched,True,guest,0
ALT-008586,laptop,macOS 13,fully_patched,True,student,4
ALT-008587,unknown,unknown,unknown,,unknown,
ALT-008588,laptop,Android 13,partially_patched,False,guest,4
ALT-008589,unknown,Windows 10,fully_patched,False,guest,5
ALT-008590,unknown,Unknown,fully_patched,False,guest,3
ALT-008591,smartphone,Ubuntu 22.04,partially_patched,True,student,1
ALT-008592,smartphone,iOS 16,fully_patched,False,guest,2
ALT-008593,smartphone,Windows 10,fully_patched,False,guest,5
ALT-008594,unknown,unknown,unknown,,unknown,
ALT-008595,unknown,unknown,unknown,,unknown,
ALT-008596,unknown,Ubuntu 22.04,partially_patched,False,guest,3
ALT-008597,laptop,iOS 16,unpatched,True,student,4
ALT-008598,laptop,Windows 11,fully_patched,True,faculty,2
ALT-008599,raspberry_pi,Windows 10,unpatched,True,lab_admin,5
ALT-008600,smartphone,Android 13,partially_patched,False,guest,4
ALT-008601,smartphone,macOS 13,fully_patched,False,guest,5
ALT-008602,laptop,iOS 16,fully_patched,True,student,4
ALT-008603,laptop,Android 13,fully_patched,False,guest,2
ALT-008604,unknown,iOS 16,partially_patched,False,guest,4
ALT-008605,smartphone,iOS 16,fully_patched,True,student,2
ALT-008606,unknown,unknown,unknown,,unknown,
ALT-008607,smartphone,iOS 16,fully_patched,True,student,1
ALT-008608,unknown,unknown,unknown,,unknown,
ALT-008609,tablet,Windows 11,fully_patched,True,student,0
ALT-008610,smartphone,iOS 16,fully_patched,False,guest,1
ALT-008611,smartphone,Ubuntu 22.04,fully_patched,False,guest,5
ALT-008612,unknown,Android 13,fully_patched,False,guest,4
ALT-008613,unknown,Ubuntu 22.04,fully_patched,False,guest,3
ALT-008614,smartphone,Ubuntu 22.04,unpatched,False,guest,0
ALT-008615,smartphone,Ubuntu 22.04,partially_patched,False,guest,1
ALT-008616,unknown,unknown,unknown,,unknown,
ALT-008617,laptop,Unknown,fully_patched,False,guest,1
ALT-008618,tablet,iOS 16,unpatched,True,student,4
ALT-008619,smartphone,macOS 13,partially_patched,True,student,5
ALT-008620,smartphone,Android 13,fully_patched,False,guest,0
ALT-008621,unknown,unknown,unknown,,unknown,
ALT-008622,unknown,macOS 13,fully_patched,False,guest,3
ALT-008623,smartphone,Unknown,fully_patched,False,guest,1
ALT-008624,laptop,Ubuntu 22.04,partially_patched,False,guest,4
ALT-008625,smartphone,Ubuntu 22.04,partially_patched,True,student,0
ALT-008626,laptop,macOS 13,unknown,False,guest,5
ALT-008627,unknown,Android 13,unpatched,False,guest,5
ALT-008628,raspberry_pi,Unknown,unpatched,True,faculty,5
ALT-008629,unknown,unknown,unknown,,unknown,
ALT-008630,smartphone,Windows 10,fully_patched,False,guest,4
ALT-008631,laptop,Ubuntu 22.04,fully_patched,True,student,5
ALT-008632,smartphone,Windows 11,fully_patched,True,student,4
ALT-008633,unknown,Ubuntu 22.04,fully_patched,False,guest,0
ALT-008634,laptop,Windows 10,partially_patched,True,student,0
ALT-008635,laptop,macOS 13,unpatched,True,faculty,1
ALT-008636,unknown,unknown,unknown,,unknown,
ALT-008637,workstation,Windows 11,unpatched,True,lab_admin,4
ALT-008638,laptop,macOS 13,unknown,True,student,4
ALT-008639,laptop,macOS 13,fully_patched,False,guest,3
ALT-008640,laptop,Ubuntu 22.04,partially_patched,True,student,5
ALT-008641,smartphone,Android 13,partially_patched,True,student,0
ALT-008642,tablet,iOS 16,fully_patched,True,student,1
ALT-008643,unknown,unknown,unknown,,unknown,
ALT-008644,unknown,Unknown,unknown,False,guest,1
ALT-008645,unknown,unknown,unknown,,unknown,
ALT-008646,smartphone,Android 13,unpatched,True,student,3
ALT-008647,unknown,unknown,unknown,,unknown,
ALT-008648,smartphone,Windows 11,fully_patched,True,student,3
ALT-008649,smartphone,macOS 13,fully_patched,True,student,1
ALT-008650,tablet,Ubuntu 22.04,unpatched,True,student,4
ALT-008651,laptop,Unknown,unpatched,False,guest,0
ALT-008652,unknown,macOS 13,partially_patched,False,guest,3
ALT-008653,smartphone,Ubuntu 22.04,partially_patched,False,guest,5
ALT-008654,tablet,Ubuntu 22.04,partially_patched,True,student,1
ALT-008655,smartphone,Android 13,partially_patched,True,student,2
ALT-008656,unknown,unknown,unknown,,unknown,
ALT-008657,tablet,Windows 10,partially_patched,True,student,5
ALT-008658,tablet,Windows 10,fully_patched,True,student,1
ALT-008659,unknown,unknown,unknown,,unknown,
ALT-008660,tablet,Windows 11,fully_patched,True,student,5
ALT-008661,unknown,unknown,unknown,,unknown,
ALT-008662,server,macOS 13,partially_patched,True,lab_admin,0
ALT-008663,tablet,Windows 11,unpatched,True,student,2
ALT-008664,tablet,iOS 16,partially_patched,False,guest,0
ALT-008665,laptop,Android 13,partially_patched,True,student,5
ALT-008666,smartphone,Windows 11,unpatched,False,guest,5
ALT-008667,smartphone,Android 13,fully_patched,False,guest,0
ALT-008668,laptop,Windows 10,fully_patched,False,guest,1
ALT-008669,laptop,macOS 13,fully_patched,False,guest,0
ALT-008670,smartphone,Android 13,partially_patched,False,guest,1
ALT-008671,smartphone,Unknown,fully_patched,False,guest,4
ALT-008672,unknown,unknown,unknown,,unknown,
ALT-008673,tablet,Android 13,fully_patched,True,student,1
ALT-008674,smartphone,Unknown,unpatched,True,student,2
ALT-008675,laptop,macOS 13,fully_patched,True,guest,0
ALT-008676,smartphone,macOS 13,partially_patched,True,student,2
ALT-008677,laptop,macOS 13,unpatched,True,student,0
ALT-008678,smartphone,Unknown,partially_patched,False,guest,1
ALT-008679,smartphone,macOS 13,fully_patched,True,student,1
ALT-008680,laptop,iOS 16,fully_patched,True,student,2
ALT-008681,unknown,unknown,unknown,,unknown,
ALT-008682,smartphone,Android 13,unpatched,False,guest,0
ALT-008683,laptop,macOS 13,unpatched,False,guest,4
ALT-008684,smartphone,Ubuntu 22.04,unpatched,True,student,1
ALT-008685,unknown,unknown,unknown,,unknown,
ALT-008686,laptop,iOS 16,unpatched,True,lab_admin,5
ALT-008687,unknown,unknown,unknown,,unknown,
ALT-008688,laptop,Unknown,partially_patched,True,student,1
ALT-008689,unknown,unknown,unknown,,unknown,
ALT-008690,unknown,macOS 13,partially_patched,False,guest,3
ALT-008691,unknown,Windows 11,partially_patched,False,guest,4
ALT-008692,smartphone,Windows 10,unknown,False,guest,4
ALT-008693,smartphone,Windows 10,fully_patched,True,student,1
ALT-008694,laptop,Windows 10,unpatched,True,student,3
ALT-008695,laptop,iOS 16,fully_patched,True,student,1
ALT-008696,unknown,unknown,unknown,,unknown,
ALT-008697,unknown,iOS 16,unpatched,False,guest,3
ALT-008698,unknown,unknown,unknown,,unknown,
ALT-008699,laptop,macOS 13,fully_patched,False,guest,3
ALT-008700,smartphone,Ubuntu 22.04,unpatched,False,guest,2
ALT-008701,laptop,macOS 13,fully_patched,False,guest,1
ALT-008702,laptop,Ubuntu 22.04,unpatched,True,student,4
ALT-008703,unknown,unknown,unknown,,unknown,
ALT-008704,smartphone,Ubuntu 22.04,fully_patched,False,guest,0
ALT-008705,unknown,Unknown,fully_patched,False,guest,0
ALT-008706,laptop,macOS 13,fully_patched,False,guest,1
ALT-008707,laptop,Android 13,fully_patched,True,student,5
ALT-008708,unknown,Unknown,fully_patched,False,guest,2
ALT-008709,smartphone,iOS 16,partially_patched,True,student,2
ALT-008710,tablet,Android 13,partially_patched,True,student,3
ALT-008711,unknown,Windows 10,fully_patched,False,guest,3
ALT-008712,laptop,Windows 11,fully_patched,True,student,3
ALT-008713,unknown,Ubuntu 22.04,unpatched,False,guest,0
ALT-008714,workstation,Windows 10,partially_patched,True,faculty,1
ALT-008715,smartphone,macOS 13,partially_patched,False,guest,0
ALT-008716,unknown,Ubuntu 22.04,unknown,False,guest,4
ALT-008717,unknown,unknown,unknown,,unknown,
ALT-008718,smartphone,Unknown,unpatched,False,guest,2
ALT-008719,server,Windows 10,unpatched,True,faculty,3
ALT-008720,unknown,Windows 10,unpatched,False,guest,3
ALT-008721,tablet,Android 13,fully_patched,True,student,1
ALT-008722,laptop,Android 13,fully_patched,True,student,5
ALT-008723,tablet,iOS 16,unknown,True,student,4
ALT-008724,smartphone,Windows 11,fully_patched,True,student,5
ALT-008725,unknown,Windows 11,fully_patched,False,guest,2
ALT-008726,laptop,Ubuntu 22.04,fully_patched,False,guest,4
ALT-008727,workstation,iOS 16,fully_patched,True,faculty,2
ALT-008728,smartphone,Windows 11,partially_patched,False,guest,0
ALT-008729,tablet,Ubuntu 22.04,unpatched,True,student,3
ALT-008730,laptop,Windows 11,partially_patched,False,guest,5
ALT-008731,unknown,Windows 11,unpatched,False,guest,2
ALT-008732,laptop,Windows 10,fully_patched,True,student,4
ALT-008733,laptop,Windows 10,fully_patched,True,student,3
ALT-008734,laptop,Unknown,fully_patched,True,student,4
ALT-008735,unknown,macOS 13,partially_patched,False,guest,4
ALT-008736,unknown,macOS 13,fully_patched,False,guest,4
ALT-008737,unknown,iOS 16,fully_patched,False,guest,2
ALT-008738,laptop,Ubuntu 22.04,partially_patched,False,guest,2
ALT-008739,tablet,Windows 10,partially_patched,True,student,0
ALT-008740,workstation,Ubuntu 22.04,fully_patched,True,lab_admin,0
ALT-008741,laptop,Windows 11,fully_patched,True,student,2
ALT-008742,tablet,Ubuntu 22.04,fully_patched,True,student,1
ALT-008743,laptop,Android 13,unknown,True,student,4
ALT-008744,tablet,Ubuntu 22.04,fully_patched,True,student,3
ALT-008745,unknown,Windows 11,partially_patched,False,guest,0
ALT-008746,smartphone,Android 13,fully_patched,False,guest,1
ALT-008747,smartphone,Unknown,unknown,True,student,1
ALT-008748,smartphone,Windows 10,fully_patched,True,student,2
ALT-008749,smartphone,Windows 10,partially_patched,False,guest,4
ALT-008750,workstation,macOS 13,unknown,True,lab_admin,3
ALT-008751,smartphone,Windows 11,fully_patched,True,student,3
ALT-008752,laptop,macOS 13,unpatched,True,student,0
ALT-008753,tablet,iOS 16,unpatched,True,student,5
ALT-008754,server,Windows 11,fully_patched,True,faculty,0
ALT-008755,unknown,Windows 10,partially_patched,False,guest,0
ALT-008756,unknown,Unknown,fully_patched,False,guest,3
ALT-008757,unknown,unknown,unknown,,unknown,
ALT-008758,unknown,Unknown,partially_patched,False,guest,2
ALT-008759,tablet,Windows 11,partially_patched,True,student,5
ALT-008760,smartphone,Windows 10,partially_patched,True,student,0
ALT-008761,unknown,unknown,unknown,,unknown,
ALT-008762,smartphone,Windows 11,unknown,False,guest,4
ALT-008763,laptop,Unknown,unpatched,False,guest,3
ALT-008764,unknown,Android 13,fully_patched,False,guest,1
ALT-008765,smartphone,iOS 16,partially_patched,True,guest,0
ALT-008766,smartphone,Ubuntu 22.04,partially_patched,True,student,0
ALT-008767,tablet,macOS 13,partially_patched,True,student,3
ALT-008768,smartphone,Android 13,unknown,False,guest,3
ALT-008769,unknown,unknown,unknown,,unknown,
ALT-008770,unknown,unknown,unknown,,unknown,
ALT-008771,smartphone,Ubuntu 22.04,partially_patched,True,student,2
ALT-008772,smartphone,Android 13,partially_patched,True,student,5
ALT-008773,laptop,Android 13,partially_patched,True,student,4
ALT-008774,laptop,Android 13,unknown,False,guest,4
ALT-008775,smartphone,Android 13,fully_patched,False,guest,1
ALT-008776,workstation,Unknown,fully_patched,True,faculty,4
ALT-008777,laptop,Windows 11,unknown,False,guest,5
ALT-008778,smartphone,Windows 10,unknown,True,student,3
ALT-008779,laptop,Windows 11,fully_patched,False,guest,1
ALT-008780,laptop,Android 13,partially_patched,False,guest,3
ALT-008781,laptop,Ubuntu 22.04,unpatched,False,guest,3
ALT-008782,smartphone,Android 13,partially_patched,False,guest,1
ALT-008783,tablet,Windows 10,partially_patched,True,student,2
ALT-008784,laptop,Unknown,fully_patched,True,student,0
ALT-008785,unknown,Windows 10,fully_patched,False,guest,1
ALT-008786,laptop,macOS 13,fully_patched,True,lab_admin,0
ALT-008787,laptop,Android 13,partially_patched,False,guest,4
ALT-008788,tablet,Android 13,fully_patched,True,student,3
ALT-008789,smartphone,iOS 16,fully_patched,True,student,5
ALT-008790,laptop,macOS 13,fully_patched,False,guest,1
ALT-008791,laptop,Windows 11,unpatched,False,guest,1
ALT-008792,smartphone,Windows 10,fully_patched,True,student,4
ALT-008793,smartphone,Windows 11,fully_patched,True,student,2
ALT-008794,unknown,Windows 11,fully_patched,False,guest,3
ALT-008795,laptop,Windows 10,fully_patched,False,guest,5
ALT-008796,workstation,iOS 16,partially_patched,True,faculty,1
ALT-008797,laptop,Windows 11,unpatched,False,guest,2
ALT-008798,tablet,macOS 13,partially_patched,True,student,4
ALT-008799,server,macOS 13,unknown,True,lab_admin,4
ALT-008800,unknown,Windows 10,partially_patched,False,guest,2
ALT-008801,smartphone,Windows 10,unpatched,False,guest,3
ALT-008802,laptop,macOS 13,fully_patched,True,student,3
ALT-008803,laptop,Ubuntu 22.04,fully_patched,True,student,0
ALT-008804,smartphone,iOS 16,unknown,False,guest,3
ALT-008805,smartphone,Windows 10,partially_patched,True,student,0
ALT-008806,laptop,Ubuntu 22.04,fully_patched,False,guest,1
ALT-008807,laptop,Unknown,unpatched,True,student,3
ALT-008808,raspberry_pi,iOS 16,partially_patched,True,lab_admin,1
ALT-008809,smartphone,Windows 11,fully_patched,True,student,1
ALT-008810,tablet,Unknown,partially_patched,True,student,5
ALT-008811,smartphone,Ubuntu 22.04,partially_patched,True,student,2
ALT-008812,laptop,Windows 11,fully_patched,False,guest,1
ALT-008813,laptop,Windows 10,unpatched,False,guest,4
ALT-008814,smartphone,Ubuntu 22.04,fully_patched,False,guest,2
ALT-008815,tablet,Windows 10,fully_patched,True,student,4
ALT-008816,laptop,Ubuntu 22.04,unpatched,False,guest,4
ALT-008817,server,iOS 16,partially_patched,True,faculty,1
ALT-008818,workstation,Unknown,partially_patched,True,lab_admin,1
ALT-008819,tablet,Windows 11,fully_patched,True,student,4
ALT-008820,smartphone,Windows 11,fully_patched,True,student,3
ALT-008821,tablet,macOS 13,fully_patched,True,student,2
ALT-008822,unknown,unknown,unknown,,unknown,
ALT-008823,laptop,Windows 11,fully_patched,True,faculty,1
ALT-008824,smartphone,Windows 10,partially_patched,False,guest,4
ALT-008825,unknown,iOS 16,fully_patched,False,guest,4
ALT-008826,laptop,Ubuntu 22.04,fully_patched,True,faculty,1
ALT-008827,tablet,iOS 16,partially_patched,True,student,2
ALT-008828,tablet,Windows 11,fully_patched,True,student,0
ALT-008829,smartphone,macOS 13,partially_patched,False,guest,0
ALT-008830,raspberry_pi,Android 13,partially_patched,True,faculty,5
ALT-008831,laptop,Windows 11,unknown,True,student,5
ALT-008832,laptop,Unknown,fully_patched,False,guest,4
ALT-008833,smartphone,Windows 10,unpatched,False,guest,2
ALT-008834,laptop,Ubuntu 22.04,unpatched,False,guest,2
ALT-008835,server,Windows 11,fully_patched,True,lab_admin,3
ALT-008836,unknown,unknown,unknown,,unknown,
ALT-008837,tablet,Ubuntu 22.04,unpatched,True,student,1
ALT-008838,unknown,unknown,unknown,,unknown,
ALT-008839,smartphone,Windows 11,fully_patched,True,student,4
ALT-008840,laptop,Unknown,unknown,True,student,1
ALT-008841,smartphone,Ubuntu 22.04,unpatched,True,student,3
ALT-008842,smartphone,Windows 11,fully_patched,True,student,0
ALT-008843,raspberry_pi,Android 13,partially_patched,True,faculty,4
ALT-008844,laptop,Android 13,partially_patched,True,student,5
ALT-008845,laptop,Ubuntu 22.04,unknown,True,student,5
ALT-008846,server,Windows 11,partially_patched,True,lab_admin,4
ALT-008847,smartphone,iOS 16,unpatched,False,guest,0
ALT-008848,smartphone,Android 13,fully_patched,False,guest,3
ALT-008849,unknown,Windows 10,unpatched,False,guest,5
ALT-008850,unknown,unknown,unknown,,unknown,
ALT-008851,laptop,Ubuntu 22.04,partially_patched,True,student,3
ALT-008852,unknown,Android 13,fully_patched,False,guest,4
ALT-008853,unknown,Windows 10,partially_patched,False,guest,2
ALT-008854,smartphone,Unknown,unpatched,False,guest,5
ALT-008855,unknown,Windows 11,fully_patched,False,guest,3
ALT-008856,laptop,Android 13,partially_patched,False,guest,1
ALT-008857,unknown,Android 13,partially_patched,False,guest,0
ALT-008858,laptop,Unknown,unpatched,True,student,5
ALT-008859,unknown,Android 13,unpatched,False,guest,2
ALT-008860,unknown,iOS 16,partially_patched,False,guest,1
ALT-008861,smartphone,Windows 10,fully_patched,False,guest,2
ALT-008862,unknown,Unknown,fully_patched,False,guest,4
ALT-008863,smartphone,Windows 10,unpatched,True,student,2
ALT-008864,unknown,unknown,unknown,,unknown,
ALT-008865,unknown,Unknown,partially_patched,False,guest,4
ALT-008866,unknown,unknown,unknown,,unknown,
ALT-008867,smartphone,Unknown,partially_patched,False,guest,0
ALT-008868,laptop,Windows 11,partially_patched,True,student,0
ALT-008869,server,Windows 11,fully_patched,True,lab_admin,2
ALT-008870,unknown,unknown,unknown,,unknown,
ALT-008871,smartphone,Windows 11,partially_patched,True,student,0
ALT-008872,smartphone,Windows 11,fully_patched,False,guest,2
ALT-008873,laptop,Unknown,partially_patched,False,guest,1
ALT-008874,unknown,Android 13,partially_patched,False,guest,1
ALT-008875,smartphone,macOS 13,unpatched,False,guest,3
ALT-008876,laptop,macOS 13,unpatched,True,faculty,2
ALT-008877,smartphone,iOS 16,partially_patched,True,student,1
ALT-008878,server,Ubuntu 22.04,partially_patched,True,lab_admin,2
ALT-008879,smartphone,Android 13,partially_patched,False,guest,1
ALT-008880,smartphone,Android 13,unpatched,True,student,5
ALT-008881,smartphone,Ubuntu 22.04,partially_patched,False,guest,5
ALT-008882,smartphone,iOS 16,partially_patched,False,guest,2
ALT-008883,smartphone,iOS 16,fully_patched,False,guest,2
ALT-008884,smartphone,Windows 10,fully_patched,True,student,0
ALT-008885,laptop,Windows 10,fully_patched,False,guest,5
ALT-008886,laptop,Unknown,unpatched,False,guest,4
ALT-008887,laptop,Windows 10,fully_patched,False,guest,1
ALT-008888,unknown,unknown,unknown,,unknown,
ALT-008889,smartphone,Windows 11,partially_patched,False,guest,0
ALT-008890,laptop,Windows 10,partially_patched,True,student,1
ALT-008891,smartphone,macOS 13,fully_patched,False,guest,5
ALT-008892,workstation,Windows 11,fully_patched,True,faculty,0
ALT-008893,unknown,iOS 16,partially_patched,False,guest,0
ALT-008894,laptop,macOS 13,unpatched,False,guest,0
ALT-008895,workstation,Android 13,fully_patched,True,faculty,2
ALT-008896,unknown,iOS 16,unpatched,False,guest,3
ALT-008897,laptop,macOS 13,partially_patched,False,guest,5
ALT-008898,laptop,Android 13,partially_patched,False,guest,4
ALT-008899,tablet,Android 13,fully_patched,True,student,1
ALT-008900,laptop,iOS 16,fully_patched,False,guest,1
ALT-008901,laptop,Windows 10,partially_patched,False,guest,5
ALT-008902,smartphone,iOS 16,unpatched,False,guest,2
ALT-008903,unknown,unknown,unknown,,unknown,
ALT-008904,laptop,macOS 13,fully_patched,False,guest,0
ALT-008905,laptop,Unknown,partially_patched,True,student,4
ALT-008906,smartphone,macOS 13,fully_patched,False,guest,3
ALT-008907,tablet,Unknown,fully_patched,True,student,3
ALT-008908,tablet,Ubuntu 22.04,fully_patched,True,student,0
ALT-008909,unknown,macOS 13,partially_patched,False,guest,4
ALT-008910,smartphone,Unknown,fully_patched,False,guest,0
ALT-008911,laptop,Windows 10,unpatched,False,guest,4
ALT-008912,unknown,Windows 10,unpatched,False,guest,2
ALT-008913,laptop,Windows 11,fully_patched,True,student,0
ALT-008914,laptop,Android 13,unknown,True,faculty,0
ALT-008915,smartphone,iOS 16,fully_patched,False,guest,0
ALT-008916,laptop,Windows 10,fully_patched,True,student,0
ALT-008917,unknown,unknown,unknown,,unknown,
ALT-008918,smartphone,iOS 16,fully_patched,False,guest,3
ALT-008919,laptop,Unknown,partially_patched,True,student,2
ALT-008920,smartphone,Ubuntu 22.04,unknown,False,guest,2
ALT-008921,laptop,Android 13,fully_patched,True,faculty,5
ALT-008922,unknown,macOS 13,fully_patched,False,guest,3
ALT-008923,laptop,Ubuntu 22.04,fully_patched,False,guest,3
ALT-008924,unknown,unknown,unknown,,unknown,
ALT-008925,smartphone,Android 13,fully_patched,False,guest,5
ALT-008926,workstation,Windows 11,partially_patched,True,faculty,0
ALT-008927,raspberry_pi,Android 13,fully_patched,True,lab_admin,5
ALT-008928,smartphone,Android 13,unpatched,True,student,0
ALT-008929,smartphone,Windows 11,fully_patched,True,student,1
ALT-008930,unknown,unknown,unknown,,unknown,
ALT-008931,unknown,unknown,unknown,,unknown,
ALT-008932,laptop,Android 13,fully_patched,True,student,2
ALT-008933,laptop,iOS 16,fully_patched,False,guest,1
ALT-008934,smartphone,Windows 10,partially_patched,True,student,0
ALT-008935,laptop,Unknown,fully_patched,False,guest,4
ALT-008936,tablet,iOS 16,fully_patched,True,guest,0
ALT-008937,tablet,Ubuntu 22.04,partially_patched,True,student,4
ALT-008938,unknown,Ubuntu 22.04,partially_patched,False,guest,0
ALT-008939,tablet,Android 13,fully_patched,True,student,3
ALT-008940,smartphone,Windows 10,fully_patched,False,guest,4
ALT-008941,unknown,unknown,unknown,,unknown,
ALT-008942,laptop,Unknown,unpatched,False,guest,4
ALT-008943,unknown,Ubuntu 22.04,partially_patched,False,guest,4
ALT-008944,laptop,Unknown,fully_patched,True,student,5
ALT-008945,smartphone,Android 13,fully_patched,True,student,4
ALT-008946,raspberry_pi,Unknown,unknown,True,lab_admin,0
ALT-008947,laptop,Android 13,unknown,False,guest,0
ALT-008948,unknown,Windows 11,fully_patched,False,guest,2
ALT-008949,unknown,unknown,unknown,,unknown,
ALT-008950,laptop,macOS 13,unpatched,True,student,5
ALT-008951,unknown,unknown,unknown,,unknown,
ALT-008952,laptop,iOS 16,fully_patched,True,guest,0
ALT-008953,laptop,macOS 13,fully_patched,True,student,0
ALT-008954,laptop,iOS 16,fully_patched,True,faculty,0
ALT-008955,laptop,Windows 11,fully_patched,True,student,4
ALT-008956,unknown,Android 13,fully_patched,False,guest,5
ALT-008957,tablet,Windows 11,fully_patched,True,student,2
ALT-008958,smartphone,Windows 10,fully_patched,True,student,3
ALT-008959,smartphone,macOS 13,fully_patched,True,student,4
ALT-008960,workstation,Unknown,fully_patched,True,lab_admin,1
ALT-008961,smartphone,Ubuntu 22.04,partially_patched,True,student,0
ALT-008962,smartphone,macOS 13,fully_patched,True,student,0
ALT-008963,laptop,macOS 13,partially_patched,False,guest,5
ALT-008964,laptop,iOS 16,partially_patched,True,student,0
ALT-008965,unknown,unknown,unknown,,unknown,
ALT-008966,unknown,unknown,unknown,,unknown,
ALT-008967,laptop,Windows 11,fully_patched,False,guest,0
ALT-008968,laptop,Windows 11,unknown,False,guest,2
ALT-008969,raspberry_pi,macOS 13,unpatched,True,lab_admin,1
ALT-008970,unknown,unknown,unknown,,unknown,
ALT-008971,smartphone,Ubuntu 22.04,fully_patched,False,guest,3
ALT-008972,smartphone,macOS 13,partially_patched,False,guest,2
ALT-008973,smartphone,Windows 10,partially_patched,False,guest,5
ALT-008974,unknown,iOS 16,fully_patched,False,guest,2
ALT-008975,unknown,unknown,unknown,,unknown,
ALT-008976,workstation,Windows 11,fully_patched,True,lab_admin,0
ALT-008977,smartphone,Android 13,fully_patched,False,guest,3
ALT-008978,smartphone,Windows 11,partially_patched,False,guest,3
ALT-008979,tablet,Windows 11,fully_patched,True,student,0
ALT-008980,laptop,macOS 13,fully_patched,False,guest,4
ALT-008981,server,Ubuntu 22.04,unpatched,True,faculty,5
ALT-008982,unknown,unknown,unknown,,unknown,
ALT-008983,smartphone,Windows 11,partially_patched,True,student,1
ALT-008984,unknown,unknown,unknown,,unknown,
ALT-008985,smartphone,Unknown,partially_patched,True,student,1
ALT-008986,laptop,macOS 13,fully_patched,False,guest,0
ALT-008987,laptop,Ubuntu 22.04,partially_patched,False,guest,4
ALT-008988,unknown,Android 13,unknown,False,guest,3
ALT-008989,laptop,Ubuntu 22.04,fully_patched,True,student,2
ALT-008990,unknown,iOS 16,unpatched,False,guest,2
ALT-008991,smartphone,macOS 13,unpatched,True,student,4
ALT-008992,laptop,macOS 13,fully_patched,False,guest,1
ALT-008993,laptop,Ubuntu 22.04,partially_patched,False,guest,5
ALT-008994,raspberry_pi,Ubuntu 22.04,unpatched,True,lab_admin,3
ALT-008995,smartphone,Windows 10,fully_patched,False,guest,2
ALT-008996,smartphone,Windows 11,fully_patched,True,student,2
ALT-008997,smartphone,Unknown,fully_patched,False,guest,2
ALT-008998,unknown,Ubuntu 22.04,partially_patched,False,guest,4
ALT-008999,laptop,Android 13,partially_patched,False,guest,4
ALT-009000,unknown,Windows 11,fully_patched,False,guest,0
ALT-009001,smartphone,Windows 10,unpatched,True,student,5
ALT-009002,smartphone,iOS 16,partially_patched,True,student,0
ALT-009003,unknown,iOS 16,unpatched,False,guest,1
ALT-009004,server,iOS 16,unpatched,True,faculty,3
ALT-009005,smartphone,Android 13,unpatched,False,guest,2
ALT-009006,workstation,Android 13,fully_patched,True,faculty,5
ALT-009007,smartphone,iOS 16,unpatched,False,guest,3
ALT-009008,unknown,Ubuntu 22.04,partially_patched,False,guest,2
ALT-009009,tablet,Android 13,fully_patched,True,student,0
ALT-009010,unknown,unknown,unknown,,unknown,
ALT-009011,unknown,macOS 13,unknown,False,guest,2
ALT-009012,laptop,Android 13,fully_patched,True,student,5
ALT-009013,unknown,Windows 10,fully_patched,False,guest,4
ALT-009014,laptop,iOS 16,partially_patched,True,student,0
ALT-009015,smartphone,macOS 13,unknown,False,guest,1
ALT-009016,unknown,unknown,unknown,,unknown,
ALT-009017,laptop,Windows 11,partially_patched,False,guest,0
ALT-009018,unknown,unknown,unknown,,unknown,
ALT-009019,tablet,Ubuntu 22.04,fully_patched,True,student,1
ALT-009020,smartphone,iOS 16,fully_patched,False,guest,5
ALT-009021,laptop,Windows 11,partially_patched,False,guest,2
ALT-009022,laptop,iOS 16,unpatched,True,student,5
ALT-009023,laptop,macOS 13,fully_patched,False,guest,5
ALT-009024,workstation,iOS 16,fully_patched,True,lab_admin,2
ALT-009025,smartphone,Windows 11,unpatched,True,student,2
ALT-009026,smartphone,Windows 11,partially_patched,False,guest,0
ALT-009027,laptop,Ubuntu 22.04,fully_patched,False,guest,3
ALT-009028,unknown,Ubuntu 22.04,unpatched,False,guest,2
ALT-009029,unknown,unknown,unknown,,unknown,
ALT-009030,tablet,Windows 10,fully_patched,True,student,2
ALT-009031,smartphone,Windows 11,partially_patched,True,student,4
ALT-009032,smartphone,Windows 10,unknown,False,guest,0
ALT-009033,smartphone,Android 13,fully_patched,True,student,1
ALT-009034,laptop,iOS 16,unpatched,True,student,5
ALT-009035,unknown,unknown,unknown,,unknown,
ALT-009036,smartphone,Android 13,fully_patched,False,guest,0
ALT-009037,unknown,iOS 16,partially_patched,False,guest,3
ALT-009038,unknown,macOS 13,unpatched,False,guest,3
ALT-009039,laptop,Unknown,partially_patched,False,guest,0
ALT-009040,laptop,Ubuntu 22.04,partially_patched,False,guest,1
ALT-009041,laptop,Windows 11,fully_patched,True,student,0
ALT-009042,laptop,iOS 16,fully_patched,False,guest,0
ALT-009043,laptop,Android 13,partially_patched,False,guest,0
ALT-009044,smartphone,Android 13,fully_patched,True,student,5
ALT-009045,laptop,macOS 13,fully_patched,False,guest,3
ALT-009046,tablet,Android 13,fully_patched,True,student,5
ALT-009047,unknown,unknown,unknown,,unknown,
ALT-009048,smartphone,macOS 13,fully_patched,True,student,4
ALT-009049,smartphone,Android 13,fully_patched,True,student,4
ALT-009050,smartphone,Windows 11,unpatched,True,student,3
ALT-009051,smartphone,Ubuntu 22.04,fully_patched,False,guest,0
ALT-009052,laptop,Unknown,partially_patched,False,guest,2
ALT-009053,smartphone,macOS 13,unknown,False,guest,2
ALT-009054,workstation,Windows 11,fully_patched,True,faculty,2
ALT-009055,unknown,unknown,unknown,,unknown,
ALT-009056,smartphone,Windows 11,fully_patched,False,guest,5
ALT-009057,smartphone,macOS 13,unpatched,False,guest,0
ALT-009058,laptop,Ubuntu 22.04,partially_patched,False,guest,5
ALT-009059,laptop,macOS 13,fully_patched,True,student,1
ALT-009060,server,macOS 13,unpatched,True,lab_admin,5
ALT-009061,unknown,Ubuntu 22.04,partially_patched,False,guest,4
ALT-009062,laptop,macOS 13,fully_patched,True,student,1
ALT-009063,laptop,macOS 13,fully_patched,True,student,1
ALT-009064,unknown,Windows 10,fully_patched,False,guest,2
ALT-009065,smartphone,Android 13,partially_patched,True,guest,1
ALT-009066,raspberry_pi,Android 13,fully_patched,True,faculty,4
ALT-009067,tablet,Windows 10,partially_patched,True,guest,1
ALT-009068,smartphone,Ubuntu 22.04,unpatched,False,guest,4
ALT-009069,raspberry_pi,Windows 11,fully_patched,True,faculty,5
ALT-009070,laptop,Unknown,fully_patched,False,guest,5
ALT-009071,laptop,Ubuntu 22.04,partially_patched,False,guest,0
ALT-009072,unknown,Unknown,partially_patched,False,guest,3
ALT-009073,smartphone,Ubuntu 22.04,fully_patched,False,guest,3
ALT-009074,workstation,Windows 11,partially_patched,True,lab_admin,2
ALT-009075,laptop,Windows 11,fully_patched,True,student,1
ALT-009076,smartphone,Ubuntu 22.04,fully_patched,False,guest,5
ALT-009077,smartphone,Ubuntu 22.04,partially_patched,True,student,3
ALT-009078,unknown,Android 13,fully_patched,False,guest,4
ALT-009079,smartphone,Unknown,fully_patched,False,guest,3
ALT-009080,laptop,iOS 16,fully_patched,False,guest,0
ALT-009081,unknown,unknown,unknown,,unknown,
ALT-009082,unknown,Android 13,fully_patched,False,guest,5
ALT-009083,tablet,Ubuntu 22.04,fully_patched,True,student,4
ALT-009084,unknown,Windows 10,fully_patched,False,guest,5
ALT-009085,unknown,Windows 11,unpatched,False,guest,0
ALT-009086,tablet,iOS 16,fully_patched,True,student,5
ALT-009087,laptop,macOS 13,partially_patched,False,guest,0
ALT-009088,laptop,Ubuntu 22.04,fully_patched,False,guest,4
ALT-009089,laptop,Android 13,fully_patched,True,student,3
ALT-009090,laptop,Windows 10,partially_patched,False,guest,0
ALT-009091,unknown,Ubuntu 22.04,fully_patched,False,guest,5
ALT-009092,laptop,Windows 10,fully_patched,False,guest,2
ALT-009093,workstation,Windows 10,partially_patched,True,faculty,5
ALT-009094,smartphone,Windows 10,fully_patched,False,guest,3
ALT-009095,tablet,Android 13,partially_patched,False,guest,1
ALT-009096,smartphone,Ubuntu 22.04,fully_patched,False,guest,1
ALT-009097,tablet,Windows 10,partially_patched,True,student,4
ALT-009098,smartphone,Unknown,unpatched,True,student,0
ALT-009099,laptop,iOS 16,partially_patched,False,guest,5
ALT-009100,unknown,iOS 16,unpatched,False,guest,0
ALT-009101,unknown,Android 13,partially_patched,False,guest,4
ALT-009102,tablet,Windows 10,partially_patched,True,student,5
ALT-009103,smartphone,macOS 13,unpatched,True,student,5
ALT-009104,laptop,Windows 10,partially_patched,True,faculty,4
ALT-009105,laptop,Windows 11,fully_patched,True,student,5
ALT-009106,raspberry_pi,Unknown,fully_patched,True,lab_admin,5
ALT-009107,unknown,Windows 11,partially_patched,False,guest,1
ALT-009108,laptop,Windows 11,fully_patched,False,guest,3
ALT-009109,tablet,Android 13,fully_patched,True,student,0
ALT-009110,laptop,iOS 16,partially_patched,False,guest,3
ALT-009111,unknown,unknown,unknown,,unknown,
ALT-009112,workstation,Ubuntu 22.04,partially_patched,True,faculty,0
ALT-009113,smartphone,iOS 16,fully_patched,False,guest,5
ALT-009114,unknown,unknown,unknown,,unknown,
ALT-009115,laptop,Android 13,partially_patched,True,guest,1
ALT-009116,laptop,Windows 11,fully_patched,True,student,2
ALT-009117,unknown,Unknown,fully_patched,False,guest,2
ALT-009118,laptop,Android 13,fully_patched,False,guest,1
ALT-009119,smartphone,iOS 16,fully_patched,False,guest,1
ALT-009120,smartphone,Windows 10,fully_patched,True,student,0
ALT-009121,smartphone,Ubuntu 22.04,unpatched,True,student,5
ALT-009122,laptop,Ubuntu 22.04,fully_patched,False,guest,3
ALT-009123,smartphone,Unknown,partially_patched,True,student,1
ALT-009124,laptop,Android 13,fully_patched,True,student,2
ALT-009125,laptop,Android 13,partially_patched,True,student,5
ALT-009126,server,Ubuntu 22.04,fully_patched,True,faculty,0
ALT-009127,unknown,Unknown,partially_patched,False,guest,0
ALT-009128,unknown,macOS 13,partially_patched,False,guest,3
ALT-009129,laptop,macOS 13,fully_patched,False,guest,3
ALT-009130,server,macOS 13,fully_patched,True,lab_admin,2
ALT-009131,smartphone,Windows 11,fully_patched,True,guest,0
ALT-009132,laptop,iOS 16,unknown,True,student,4
ALT-009133,unknown,Ubuntu 22.04,partially_patched,False,guest,3
ALT-009134,tablet,iOS 16,unpatched,True,student,0
ALT-009135,smartphone,Windows 11,partially_patched,True,student,1
ALT-009136,unknown,macOS 13,unknown,False,guest,4
ALT-009137,unknown,unknown,unknown,,unknown,
ALT-009138,unknown,Windows 10,fully_patched,False,guest,1
ALT-009139,tablet,Ubuntu 22.04,partially_patched,True,student,1
ALT-009140,laptop,Android 13,partially_patched,True,student,2
ALT-009141,laptop,iOS 16,partially_patched,False,guest,4
ALT-009142,unknown,unknown,unknown,,unknown,
ALT-009143,unknown,macOS 13,fully_patched,False,guest,2
ALT-009144,laptop,macOS 13,fully_patched,True,student,3
ALT-009145,smartphone,Windows 11,unpatched,True,student,2
ALT-009146,laptop,iOS 16,fully_patched,True,guest,0
ALT-009147,laptop,Android 13,fully_patched,False,guest,3
ALT-009148,workstation,iOS 16,fully_patched,True,faculty,3
ALT-009149,smartphone,iOS 16,unknown,True,student,4
ALT-009150,smartphone,Ubuntu 22.04,fully_patched,False,guest,0
ALT-009151,unknown,Windows 10,partially_patched,False,guest,0
ALT-009152,laptop,macOS 13,fully_patched,True,student,1
ALT-009153,unknown,unknown,unknown,,unknown,
ALT-009154,smartphone,Ubuntu 22.04,partially_patched,True,student,2
ALT-009155,smartphone,Unknown,fully_patched,False,guest,3
ALT-009156,server,iOS 16,partially_patched,True,lab_admin,3
ALT-009157,laptop,Ubuntu 22.04,fully_patched,False,guest,2
ALT-009158,smartphone,iOS 16,fully_patched,False,guest,3
ALT-009159,smartphone,iOS 16,partially_patched,False,guest,4
ALT-009160,laptop,macOS 13,unknown,True,student,3
ALT-009161,smartphone,Windows 10,partially_patched,False,guest,5
ALT-009162,tablet,Unknown,partially_patched,True,student,0
ALT-009163,smartphone,Ubuntu 22.04,fully_patched,False,guest,4
ALT-009164,laptop,Unknown,fully_patched,False,guest,3
ALT-009165,server,Windows 11,partially_patched,True,lab_admin,0
ALT-009166,unknown,Unknown,fully_patched,False,guest,4
ALT-009167,smartphone,Android 13,fully_patched,True,student,1
ALT-009168,unknown,unknown,unknown,,unknown,
ALT-009169,laptop,Android 13,unpatched,True,lab_admin,3
ALT-009170,tablet,Windows 11,partially_patched,True,student,2
ALT-009171,laptop,Unknown,fully_patched,False,guest,0
ALT-009172,laptop,Windows 11,unknown,False,guest,0
ALT-009173,laptop,iOS 16,partially_patched,True,guest,0
ALT-009174,laptop,Windows 11,unpatched,True,student,0
ALT-009175,unknown,unknown,unknown,,unknown,
ALT-009176,unknown,Windows 11,fully_patched,False,guest,3
ALT-009177,laptop,Ubuntu 22.04,fully_patched,True,lab_admin,1
ALT-009178,raspberry_pi,Windows 11,unpatched,True,lab_admin,4
ALT-009179,tablet,iOS 16,unknown,True,student,0
ALT-009180,unknown,Ubuntu 22.04,partially_patched,False,guest,1
ALT-009181,unknown,unknown,unknown,,unknown,
ALT-009182,laptop,Windows 10,partially_patched,True,student,1
ALT-009183,laptop,Ubuntu 22.04,unknown,False,guest,0
ALT-009184,smartphone,iOS 16,fully_patched,False,guest,4
ALT-009185,unknown,unknown,unknown,,unknown,
ALT-009186,workstation,Windows 11,fully_patched,True,lab_admin,0
ALT-009187,smartphone,Android 13,partially_patched,True,student,1
ALT-009188,unknown,iOS 16,fully_patched,False,guest,0
ALT-009189,unknown,unknown,unknown,,unknown,
ALT-009190,laptop,Ubuntu 22.04,fully_patched,False,guest,5
ALT-009191,laptop,Unknown,partially_patched,False,guest,0
ALT-009192,unknown,Ubuntu 22.04,fully_patched,False,guest,3
ALT-009193,unknown,Unknown,unpatched,False,guest,2
ALT-009194,unknown,unknown,unknown,,unknown,
ALT-009195,tablet,Unknown,fully_patched,True,student,1
ALT-009196,laptop,Ubuntu 22.04,partially_patched,False,guest,0
ALT-009197,smartphone,Windows 10,fully_patched,False,guest,4
ALT-009198,unknown,macOS 13,fully_patched,False,guest,0
ALT-009199,server,Windows 10,fully_patched,True,faculty,5
ALT-009200,laptop,macOS 13,unpatched,True,student,0
ALT-009201,unknown,Windows 10,fully_patched,False,guest,1
ALT-009202,smartphone,Unknown,fully_patched,False,guest,2
ALT-009203,tablet,Windows 11,fully_patched,True,student,0
ALT-009204,laptop,macOS 13,partially_patched,True,student,5
ALT-009205,unknown,iOS 16,fully_patched,False,guest,0
ALT-009206,smartphone,Windows 10,fully_patched,True,student,3
ALT-009207,tablet,Windows 10,fully_patched,True,student,5
ALT-009208,laptop,Windows 11,partially_patched,False,guest,4
ALT-009209,laptop,Windows 10,unknown,False,guest,4
ALT-009210,laptop,Android 13,fully_patched,True,student,5
ALT-009211,laptop,Android 13,unpatched,False,guest,0
ALT-009212,unknown,Ubuntu 22.04,fully_patched,False,guest,3
ALT-009213,unknown,Windows 10,partially_patched,False,guest,1
ALT-009214,smartphone,Android 13,fully_patched,False,guest,2
ALT-009215,laptop,Android 13,fully_patched,True,lab_admin,0
ALT-009216,unknown,Ubuntu 22.04,fully_patched,False,guest,0
ALT-009217,tablet,Ubuntu 22.04,fully_patched,True,student,1
ALT-009218,smartphone,Windows 11,fully_patched,True,student,4
ALT-009219,smartphone,Android 13,partially_patched,True,student,0
ALT-009220,unknown,unknown,unknown,,unknown,
ALT-009221,workstation,Windows 10,fully_patched,True,lab_admin,0
ALT-009222,laptop,macOS 13,fully_patched,False,guest,2
ALT-009223,laptop,Windows 10,unknown,True,student,5
ALT-009224,smartphone,Windows 10,fully_patched,False,guest,1
ALT-009225,tablet,Windows 10,partially_patched,True,student,1
ALT-009226,smartphone,Android 13,unpatched,False,guest,1
ALT-009227,tablet,Ubuntu 22.04,fully_patched,True,student,2
ALT-009228,laptop,Windows 10,partially_patched,True,guest,0
ALT-009229,smartphone,Ubuntu 22.04,fully_patched,True,student,1
ALT-009230,laptop,Android 13,partially_patched,False,guest,5
ALT-009231,raspberry_pi,iOS 16,partially_patched,True,faculty,2
ALT-009232,laptop,Windows 11,fully_patched,False,guest,0
ALT-009233,smartphone,iOS 16,partially_patched,False,guest,1
ALT-009234,laptop,macOS 13,fully_patched,False,guest,2
ALT-009235,unknown,Ubuntu 22.04,fully_patched,False,guest,4
ALT-009236,workstation,Windows 10,fully_patched,True,faculty,5
ALT-009237,unknown,Windows 11,fully_patched,False,guest,0
ALT-009238,raspberry_pi,macOS 13,fully_patched,True,faculty,1
ALT-009239,laptop,Ubuntu 22.04,partially_patched,True,student,0
ALT-009240,laptop,Windows 11,fully_patched,True,guest,0
ALT-009241,laptop,Unknown,fully_patched,False,guest,4
ALT-009242,unknown,unknown,unknown,,unknown,
ALT-009243,unknown,unknown,unknown,,unknown,
ALT-009244,laptop,Windows 11,fully_patched,True,student,3
ALT-009245,unknown,Unknown,fully_patched,False,guest,2
ALT-009246,unknown,iOS 16,fully_patched,False,guest,0
ALT-009247,laptop,Unknown,unpatched,False,guest,1
ALT-009248,workstation,Windows 11,fully_patched,True,faculty,2
ALT-009249,workstation,iOS 16,fully_patched,True,faculty,0
ALT-009250,tablet,macOS 13,unpatched,True,student,3
ALT-009251,tablet,Windows 11,partially_patched,True,student,2
ALT-009252,smartphone,Ubuntu 22.04,fully_patched,True,student,4
ALT-009253,smartphone,Windows 10,fully_patched,False,guest,0
ALT-009254,unknown,Ubuntu 22.04,unpatched,False,guest,0
ALT-009255,unknown,unknown,unknown,,unknown,
ALT-009256,workstation,macOS 13,fully_patched,True,lab_admin,3
ALT-009257,unknown,unknown,unknown,,unknown,
ALT-009258,raspberry_pi,Windows 10,unknown,True,faculty,1
ALT-009259,laptop,Windows 10,fully_patched,True,lab_admin,2
ALT-009260,laptop,Android 13,fully_patched,False,guest,0
ALT-009261,unknown,macOS 13,unpatched,False,guest,0
ALT-009262,raspberry_pi,Windows 10,unpatched,True,lab_admin,4
ALT-009263,smartphone,Windows 11,fully_patched,False,guest,3
ALT-009264,laptop,Android 13,fully_patched,True,student,0
ALT-009265,tablet,Ubuntu 22.04,partially_patched,True,student,0
ALT-009266,workstation,Windows 10,unknown,True,faculty,4
ALT-009267,tablet,Ubuntu 22.04,fully_patched,True,student,1
ALT-009268,laptop,Windows 10,fully_patched,True,guest,0
ALT-009269,unknown,iOS 16,fully_patched,False,guest,1
ALT-009270,laptop,Ubuntu 22.04,partially_patched,True,student,0
ALT-009271,laptop,macOS 13,fully_patched,False,guest,1
ALT-009272,tablet,iOS 16,partially_patched,True,student,2
ALT-009273,raspberry_pi,macOS 13,partially_patched,True,faculty,2
ALT-009274,smartphone,Ubuntu 22.04,unpatched,False,guest,3
ALT-009275,unknown,macOS 13,unpatched,False,guest,2
ALT-009276,laptop,Ubuntu 22.04,partially_patched,False,guest,4
ALT-009277,unknown,Windows 10,partially_patched,False,guest,1
ALT-009278,smartphone,Unknown,unpatched,False,guest,5
ALT-009279,laptop,Android 13,fully_patched,True,student,0
ALT-009280,unknown,unknown,unknown,,unknown,
ALT-009281,unknown,unknown,unknown,,unknown,
ALT-009282,smartphone,Windows 11,fully_patched,False,guest,0
ALT-009283,laptop,Unknown,partially_patched,False,guest,1
ALT-009284,unknown,Windows 10,partially_patched,False,guest,1
ALT-009285,laptop,Windows 10,fully_patched,True,guest,0
ALT-009286,smartphone,Unknown,partially_patched,False,guest,0
ALT-009287,laptop,Windows 10,partially_patched,False,guest,0
ALT-009288,laptop,Ubuntu 22.04,fully_patched,False,guest,5
ALT-009289,tablet,Android 13,partially_patched,True,student,2
ALT-009290,smartphone,Windows 10,fully_patched,False,guest,1
ALT-009291,laptop,Unknown,fully_patched,True,faculty,2
ALT-009292,laptop,macOS 13,unpatched,True,student,5
ALT-009293,laptop,macOS 13,fully_patched,True,student,0
ALT-009294,laptop,Ubuntu 22.04,fully_patched,False,guest,4
ALT-009295,laptop,macOS 13,unpatched,True,student,4
ALT-009296,smartphone,Windows 10,partially_patched,True,student,4
ALT-009297,smartphone,macOS 13,fully_patched,True,student,2
ALT-009298,laptop,macOS 13,unpatched,False,guest,0
ALT-009299,laptop,Windows 11,fully_patched,False,guest,2
ALT-009300,laptop,Windows 11,unpatched,True,student,3
ALT-009301,smartphone,Windows 11,partially_patched,True,student,2
ALT-009302,unknown,unknown,unknown,,unknown,
ALT-009303,unknown,Unknown,unknown,False,guest,1
ALT-009304,laptop,Windows 10,fully_patched,False,guest,0
ALT-009305,smartphone,Ubuntu 22.04,fully_patched,True,student,1
ALT-009306,smartphone,Ubuntu 22.04,unpatched,True,student,4
ALT-009307,smartphone,Windows 11,partially_patched,True,student,0
ALT-009308,unknown,Windows 11,fully_patched,False,guest,2
ALT-009309,smartphone,Android 13,fully_patched,False,guest,1
ALT-009310,unknown,Unknown,partially_patched,False,guest,3
ALT-009311,server,Windows 10,partially_patched,True,faculty,0
ALT-009312,unknown,Android 13,fully_patched,False,guest,2
ALT-009313,smartphone,Windows 10,partially_patched,True,student,0
ALT-009314,smartphone,iOS 16,partially_patched,True,student,2
ALT-009315,smartphone,Windows 10,fully_patched,True,student,2
ALT-009316,laptop,Ubuntu 22.04,fully_patched,False,guest,0
ALT-009317,smartphone,Windows 10,partially_patched,True,guest,0
ALT-009318,unknown,macOS 13,fully_patched,False,guest,3
ALT-009319,unknown,unknown,unknown,,unknown,
ALT-009320,smartphone,macOS 13,partially_patched,False,guest,1
ALT-009321,laptop,macOS 13,fully_patched,True,student,2
ALT-009322,smartphone,Windows 11,fully_patched,False,guest,0
ALT-009323,workstation,Ubuntu 22.04,unpatched,True,faculty,1
ALT-009324,tablet,Unknown,unknown,True,student,0
ALT-009325,laptop,Android 13,fully_patched,True,guest,1
ALT-009326,smartphone,macOS 13,partially_patched,True,student,3
ALT-009327,laptop,macOS 13,fully_patched,False,guest,2
ALT-009328,smartphone,Android 13,partially_patched,False,guest,1
ALT-009329,workstation,Windows 11,fully_patched,True,faculty,0
ALT-009330,raspberry_pi,Unknown,partially_patched,True,lab_admin,4
ALT-009331,smartphone,Ubuntu 22.04,partially_patched,False,guest,3
ALT-009332,smartphone,iOS 16,fully_patched,False,guest,3
ALT-009333,smartphone,Windows 10,partially_patched,False,guest,1
ALT-009334,laptop,Ubuntu 22.04,partially_patched,True,faculty,2
ALT-009335,smartphone,Windows 10,unpatched,True,student,3
ALT-009336,smartphone,Unknown,partially_patched,False,guest,3
ALT-009337,smartphone,Unknown,unpatched,True,student,1
ALT-009338,unknown,unknown,unknown,,unknown,
ALT-009339,smartphone,Android 13,partially_patched,True,student,2
ALT-009340,smartphone,Ubuntu 22.04,fully_patched,False,guest,5
ALT-009341,unknown,unknown,unknown,,unknown,
ALT-009342,tablet,iOS 16,fully_patched,True,student,4
ALT-009343,workstation,Ubuntu 22.04,fully_patched,True,faculty,0
ALT-009344,smartphone,Unknown,unpatched,False,guest,1
ALT-009345,smartphone,macOS 13,partially_patched,True,student,4
ALT-009346,unknown,unknown,unknown,,unknown,
ALT-009347,laptop,macOS 13,unpatched,True,student,2
ALT-009348,laptop,Unknown,partially_patched,False,guest,4
ALT-009349,laptop,Windows 10,fully_patched,True,student,1
ALT-009350,smartphone,macOS 13,partially_patched,True,student,1
ALT-009351,smartphone,Ubuntu 22.04,partially_patched,False,guest,2
ALT-009352,laptop,macOS 13,partially_patched,False,guest,1
ALT-009353,smartphone,iOS 16,fully_patched,False,guest,3
ALT-009354,smartphone,Windows 11,fully_patched,False,guest,2
ALT-009355,laptop,iOS 16,fully_patched,True,student,1
ALT-009356,tablet,Windows 11,partially_patched,True,student,0
ALT-009357,laptop,Ubuntu 22.04,partially_patched,True,student,2
ALT-009358,unknown,unknown,unknown,,unknown,
ALT-009359,raspberry_pi,Unknown,fully_patched,True,lab_admin,4
ALT-009360,laptop,Windows 11,unpatched,False,guest,1
ALT-009361,smartphone,Windows 11,unknown,False,guest,4
ALT-009362,smartphone,macOS 13,fully_patched,False,guest,0
ALT-009363,laptop,Ubuntu 22.04,fully_patched,True,student,2
ALT-009364,workstation,Unknown,partially_patched,True,faculty,2
ALT-009365,laptop,iOS 16,fully_patched,False,guest,0
ALT-009366,smartphone,Windows 10,fully_patched,False,guest,4
ALT-009367,laptop,Android 13,partially_patched,False,guest,0
ALT-009368,tablet,Ubuntu 22.04,partially_patched,True,student,3
ALT-009369,smartphone,macOS 13,unpatched,True,student,3
ALT-009370,unknown,unknown,unknown,,unknown,
ALT-009371,smartphone,Android 13,partially_patched,False,guest,2
ALT-009372,laptop,iOS 16,partially_patched,True,student,5
ALT-009373,tablet,iOS 16,fully_patched,False,guest,1
ALT-009374,laptop,Windows 10,partially_patched,True,student,3
ALT-009375,unknown,macOS 13,fully_patched,False,guest,4
ALT-009376,laptop,macOS 13,unpatched,True,student,1
ALT-009377,tablet,Windows 10,fully_patched,True,student,1
ALT-009378,smartphone,Windows 10,fully_patched,True,student,4
ALT-009379,unknown,Ubuntu 22.04,partially_patched,False,guest,5
ALT-009380,unknown,Windows 11,partially_patched,False,guest,0
ALT-009381,laptop,Android 13,unpatched,False,guest,0
ALT-009382,laptop,Windows 11,partially_patched,True,lab_admin,4
ALT-009383,unknown,Android 13,fully_patched,False,guest,1
ALT-009384,smartphone,macOS 13,partially_patched,True,student,5
ALT-009385,tablet,Unknown,partially_patched,True,student,1
ALT-009386,smartphone,Unknown,fully_patched,False,guest,4
ALT-009387,laptop,Windows 10,partially_patched,False,guest,3
ALT-009388,smartphone,Windows 11,fully_patched,False,guest,5
ALT-009389,unknown,iOS 16,partially_patched,False,guest,0
ALT-009390,smartphone,macOS 13,partially_patched,True,student,2
ALT-009391,unknown,unknown,unknown,,unknown,
ALT-009392,tablet,iOS 16,unpatched,True,student,3
ALT-009393,smartphone,Ubuntu 22.04,unpatched,False,guest,2
ALT-009394,laptop,macOS 13,partially_patched,True,student,2
ALT-009395,smartphone,iOS 16,fully_patched,True,student,5
ALT-009396,tablet,Ubuntu 22.04,fully_patched,True,student,3
ALT-009397,smartphone,Windows 10,fully_patched,True,student,1
ALT-009398,smartphone,Ubuntu 22.04,partially_patched,True,student,1
ALT-009399,laptop,Unknown,partially_patched,False,guest,1
ALT-009400,laptop,Windows 11,fully_patched,False,guest,0
ALT-009401,smartphone,Android 13,unpatched,True,student,3
ALT-009402,laptop,macOS 13,unpatched,False,guest,2
ALT-009403,unknown,unknown,unknown,,unknown,
ALT-009404,laptop,macOS 13,fully_patched,False,guest,3
ALT-009405,unknown,unknown,unknown,,unknown,
ALT-009406,laptop,Unknown,partially_patched,True,student,4
ALT-009407,unknown,Ubuntu 22.04,partially_patched,False,guest,0
ALT-009408,server,macOS 13,fully_patched,True,lab_admin,5
ALT-009409,unknown,Unknown,partially_patched,False,guest,4
ALT-009410,unknown,iOS 16,partially_patched,False,guest,1
ALT-009411,unknown,Windows 10,fully_patched,False,guest,5
ALT-009412,laptop,Ubuntu 22.04,partially_patched,False,guest,1
ALT-009413,laptop,Ubuntu 22.04,partially_patched,True,student,2
ALT-009414,smartphone,Unknown,partially_patched,True,student,1
ALT-009415,smartphone,Windows 11,unpatched,True,student,4
ALT-009416,laptop,iOS 16,fully_patched,True,student,3
ALT-009417,smartphone,Windows 11,unpatched,True,student,3
ALT-009418,laptop,Ubuntu 22.04,unpatched,True,lab_admin,0
ALT-009419,smartphone,macOS 13,partially_patched,False,guest,2
ALT-009420,unknown,Unknown,fully_patched,False,guest,1
ALT-009421,workstation,Ubuntu 22.04,partially_patched,True,faculty,4
ALT-009422,unknown,Windows 10,unpatched,False,guest,1
ALT-009423,unknown,Windows 10,fully_patched,False,guest,2
ALT-009424,unknown,unknown,unknown,,unknown,
ALT-009425,smartphone,Windows 10,partially_patched,True,student,4
ALT-009426,unknown,Android 13,fully_patched,False,guest,4
ALT-009427,smartphone,iOS 16,unpatched,False,guest,3
ALT-009428,unknown,iOS 16,fully_patched,False,guest,0
ALT-009429,tablet,Windows 10,unpatched,True,student,2
ALT-009430,smartphone,macOS 13,partially_patched,True,student,3
ALT-009431,unknown,Android 13,partially_patched,False,guest,0
ALT-009432,unknown,iOS 16,fully_patched,False,guest,5
ALT-009433,tablet,Ubuntu 22.04,partially_patched,True,student,3
ALT-009434,tablet,Windows 11,partially_patched,True,student,0
ALT-009435,laptop,Ubuntu 22.04,fully_patched,True,student,3
ALT-009436,unknown,Unknown,partially_patched,False,guest,1
ALT-009437,laptop,Android 13,fully_patched,True,lab_admin,5
ALT-009438,laptop,Windows 10,fully_patched,True,student,4
ALT-009439,laptop,Windows 10,fully_patched,False,guest,5
ALT-009440,unknown,Unknown,fully_patched,False,guest,5
ALT-009441,unknown,Ubuntu 22.04,fully_patched,False,guest,4
ALT-009442,unknown,iOS 16,fully_patched,False,guest,4
ALT-009443,smartphone,Windows 10,fully_patched,True,student,1
ALT-009444,unknown,unknown,unknown,,unknown,
ALT-009445,unknown,unknown,unknown,,unknown,
ALT-009446,laptop,Windows 11,partially_patched,True,student,5
ALT-009447,tablet,macOS 13,unknown,True,student,4
ALT-009448,unknown,unknown,unknown,,unknown,
ALT-009449,unknown,iOS 16,unpatched,False,guest,5
ALT-009450,unknown,Windows 10,partially_patched,False,guest,5
ALT-009451,unknown,Ubuntu 22.04,unknown,False,guest,3
ALT-009452,raspberry_pi,iOS 16,fully_patched,True,lab_admin,2
ALT-009453,laptop,macOS 13,fully_patched,False,guest,2
ALT-009454,laptop,Ubuntu 22.04,unpatched,False,guest,4
ALT-009455,laptop,Windows 11,partially_patched,True,student,3
ALT-009456,tablet,Ubuntu 22.04,fully_patched,True,student,5
ALT-009457,laptop,Android 13,unpatched,True,student,4
ALT-009458,raspberry_pi,iOS 16,partially_patched,True,lab_admin,4
ALT-009459,tablet,macOS 13,fully_patched,True,student,0
ALT-009460,server,Windows 11,fully_patched,True,faculty,0
ALT-009461,laptop,Unknown,unpatched,True,student,5
ALT-009462,smartphone,Ubuntu 22.04,partially_patched,False,guest,4
ALT-009463,smartphone,Unknown,unpatched,False,guest,0
ALT-009464,unknown,unknown,unknown,,unknown,
ALT-009465,laptop,macOS 13,fully_patched,True,guest,0
ALT-009466,smartphone,Windows 10,fully_patched,False,guest,1
ALT-009467,laptop,Android 13,fully_patched,True,student,1
ALT-009468,unknown,macOS 13,fully_patched,False,guest,0
ALT-009469,smartphone,macOS 13,fully_patched,True,student,5
ALT-009470,workstation,Ubuntu 22.04,fully_patched,True,lab_admin,0
ALT-009471,tablet,Windows 10,fully_patched,True,student,2
ALT-009472,smartphone,Windows 11,fully_patched,False,guest,1
ALT-009473,unknown,iOS 16,unpatched,False,guest,0
ALT-009474,laptop,macOS 13,fully_patched,True,student,0
ALT-009475,tablet,Windows 11,fully_patched,True,student,5
ALT-009476,laptop,Android 13,partially_patched,False,guest,3
ALT-009477,laptop,Android 13,unpatched,False,guest,5
ALT-009478,laptop,Windows 11,unpatched,True,student,1
ALT-009479,smartphone,Windows 11,unpatched,True,student,4
ALT-009480,smartphone,Android 13,unpatched,False,guest,3
ALT-009481,smartphone,Windows 11,fully_patched,False,guest,0
ALT-009482,unknown,Unknown,unknown,False,guest,1
ALT-009483,laptop,Windows 11,unpatched,True,student,1
ALT-009484,smartphone,Android 13,partially_patched,False,guest,1
ALT-009485,laptop,macOS 13,fully_patched,True,student,5
ALT-009486,smartphone,iOS 16,partially_patched,True,guest,0
ALT-009487,unknown,unknown,unknown,,unknown,
ALT-009488,smartphone,Unknown,fully_patched,True,student,1
ALT-009489,unknown,Unknown,fully_patched,False,guest,4
ALT-009490,laptop,Windows 11,fully_patched,True,student,3
ALT-009491,tablet,Unknown,fully_patched,True,student,2
ALT-009492,workstation,iOS 16,partially_patched,True,lab_admin,3
ALT-009493,tablet,macOS 13,unpatched,True,student,0
ALT-009494,laptop,macOS 13,fully_patched,True,student,0
ALT-009495,smartphone,Windows 11,partially_patched,True,student,4
ALT-009496,laptop,Windows 11,fully_patched,False,guest,1
ALT-009497,laptop,Ubuntu 22.04,unpatched,False,guest,2
ALT-009498,laptop,macOS 13,unknown,False,guest,2
ALT-009499,smartphone,Android 13,partially_patched,False,guest,2
ALT-009500,unknown,Unknown,partially_patched,False,guest,1
ALT-009501,unknown,Windows 10,partially_patched,False,guest,3
ALT-009502,unknown,Windows 10,unpatched,False,guest,2
ALT-009503,smartphone,Windows 10,partially_patched,True,student,5
ALT-009504,tablet,Windows 10,fully_patched,True,student,1
ALT-009505,tablet,Android 13,fully_patched,True,student,2
ALT-009506,smartphone,Unknown,partially_patched,False,guest,2
ALT-009507,smartphone,Android 13,fully_patched,False,guest,4
ALT-009508,smartphone,Unknown,fully_patched,False,guest,2
ALT-009509,unknown,macOS 13,unpatched,False,guest,5
ALT-009510,smartphone,Windows 11,fully_patched,False,guest,0
ALT-009511,laptop,macOS 13,partially_patched,True,student,5
ALT-009512,unknown,Unknown,unpatched,False,guest,1
ALT-009513,laptop,Android 13,partially_patched,True,student,0
ALT-009514,laptop,iOS 16,unpatched,True,student,5
ALT-009515,smartphone,Windows 11,fully_patched,False,guest,5
ALT-009516,workstation,Unknown,fully_patched,True,faculty,3
ALT-009517,smartphone,macOS 13,partially_patched,False,guest,5
ALT-009518,laptop,Ubuntu 22.04,fully_patched,True,student,0
ALT-009519,laptop,Windows 10,unpatched,True,student,3
ALT-009520,smartphone,Android 13,fully_patched,False,guest,3
ALT-009521,laptop,Unknown,fully_patched,True,faculty,0
ALT-009522,laptop,macOS 13,partially_patched,True,student,0
ALT-009523,workstation,Ubuntu 22.04,unknown,True,lab_admin,4
ALT-009524,smartphone,iOS 16,fully_patched,True,guest,0
ALT-009525,smartphone,Windows 10,partially_patched,True,student,3
ALT-009526,raspberry_pi,Ubuntu 22.04,fully_patched,True,faculty,0
ALT-009527,unknown,Unknown,fully_patched,False,guest,2
ALT-009528,unknown,unknown,unknown,,unknown,
ALT-009529,unknown,macOS 13,fully_patched,False,guest,5
ALT-009530,unknown,unknown,unknown,,unknown,
ALT-009531,laptop,Android 13,fully_patched,False,guest,3
ALT-009532,smartphone,Windows 11,partially_patched,False,guest,3
ALT-009533,laptop,Ubuntu 22.04,unpatched,False,guest,3
ALT-009534,unknown,Android 13,fully_patched,False,guest,3
ALT-009535,smartphone,macOS 13,fully_patched,False,guest,2
ALT-009536,smartphone,Android 13,unknown,True,student,0
ALT-009537,unknown,unknown,unknown,,unknown,
ALT-009538,laptop,Windows 11,fully_patched,True,student,5
ALT-009539,laptop,Unknown,partially_patched,True,student,1
ALT-009540,unknown,unknown,unknown,,unknown,
ALT-009541,tablet,Unknown,fully_patched,True,student,1
ALT-009542,laptop,macOS 13,fully_patched,True,student,1
ALT-009543,raspberry_pi,Windows 11,fully_patched,True,faculty,2
ALT-009544,unknown,unknown,unknown,,unknown,
ALT-009545,smartphone,Windows 11,partially_patched,True,student,4
ALT-009546,laptop,iOS 16,fully_patched,False,guest,4
ALT-009547,unknown,Unknown,fully_patched,False,guest,5
ALT-009548,unknown,Windows 11,unpatched,False,guest,1
ALT-009549,laptop,macOS 13,fully_patched,False,guest,5
ALT-009550,smartphone,macOS 13,unpatched,False,guest,0
ALT-009551,tablet,Android 13,partially_patched,True,student,2
ALT-009552,unknown,unknown,unknown,,unknown,
ALT-009553,smartphone,Windows 11,partially_patched,False,guest,0
ALT-009554,unknown,unknown,unknown,,unknown,
ALT-009555,tablet,Unknown,fully_patched,True,student,3
ALT-009556,smartphone,Unknown,partially_patched,True,student,4
ALT-009557,unknown,macOS 13,partially_patched,False,guest,1
ALT-009558,smartphone,Unknown,partially_patched,True,student,3
ALT-009559,smartphone,macOS 13,fully_patched,False,guest,0
ALT-009560,tablet,iOS 16,partially_patched,True,student,0
ALT-009561,smartphone,Ubuntu 22.04,fully_patched,False,guest,0
ALT-009562,workstation,macOS 13,fully_patched,True,faculty,0
ALT-009563,smartphone,iOS 16,fully_patched,False,guest,1
ALT-009564,laptop,Windows 11,partially_patched,False,guest,5
ALT-009565,laptop,macOS 13,fully_patched,False,guest,2
ALT-009566,tablet,Ubuntu 22.04,fully_patched,True,student,2
ALT-009567,smartphone,Ubuntu 22.04,partially_patched,True,student,4
ALT-009568,unknown,Windows 11,unpatched,False,guest,1
ALT-009569,laptop,Windows 10,partially_patched,False,guest,4
ALT-009570,smartphone,Android 13,partially_patched,True,student,1
ALT-009571,smartphone,iOS 16,partially_patched,False,guest,2
ALT-009572,smartphone,Windows 10,fully_patched,True,guest,0
ALT-009573,laptop,Ubuntu 22.04,fully_patched,True,student,1
ALT-009574,smartphone,iOS 16,partially_patched,False,guest,3
ALT-009575,laptop,Ubuntu 22.04,fully_patched,True,student,2
ALT-009576,tablet,Unknown,fully_patched,True,student,2
ALT-009577,laptop,Ubuntu 22.04,unpatched,False,guest,5
ALT-009578,laptop,Windows 11,fully_patched,True,student,3
ALT-009579,unknown,Windows 10,fully_patched,False,guest,2
ALT-009580,smartphone,Windows 10,partially_patched,False,guest,5
ALT-009581,laptop,Windows 11,fully_patched,False,guest,5
ALT-009582,smartphone,Windows 11,partially_patched,True,student,4
ALT-009583,unknown,unknown,unknown,,unknown,
ALT-009584,smartphone,iOS 16,unknown,False,guest,2
ALT-009585,smartphone,Unknown,unpatched,False,guest,2
ALT-009586,smartphone,Unknown,fully_patched,False,guest,0
ALT-009587,smartphone,Unknown,unpatched,True,student,4
ALT-009588,laptop,Unknown,partially_patched,False,guest,2
ALT-009589,tablet,iOS 16,fully_patched,True,student,4
ALT-009590,workstation,iOS 16,fully_patched,True,lab_admin,2
ALT-009591,smartphone,macOS 13,unknown,False,guest,0
ALT-009592,tablet,iOS 16,fully_patched,True,student,4
ALT-009593,workstation,Unknown,fully_patched,True,faculty,0
ALT-009594,tablet,Ubuntu 22.04,fully_patched,True,student,2
ALT-009595,laptop,iOS 16,unknown,False,guest,0
ALT-009596,smartphone,Ubuntu 22.04,fully_patched,True,student,5
ALT-009597,laptop,Windows 11,fully_patched,True,student,1
ALT-009598,laptop,iOS 16,unpatched,False,guest,4
ALT-009599,smartphone,macOS 13,fully_patched,True,student,0
ALT-009600,smartphone,macOS 13,fully_patched,False,guest,2
ALT-009601,smartphone,Android 13,fully_patched,True,student,5
ALT-009602,smartphone,Ubuntu 22.04,partially_patched,False,guest,4
ALT-009603,tablet,Windows 10,fully_patched,True,student,2
ALT-009604,smartphone,Windows 11,unpatched,True,student,3
ALT-009605,tablet,Windows 10,partially_patched,True,student,4
ALT-009606,laptop,iOS 16,fully_patched,True,guest,0
ALT-009607,smartphone,macOS 13,unpatched,True,student,5
ALT-009608,smartphone,Windows 10,unknown,True,student,5
ALT-009609,laptop,Windows 10,fully_patched,True,student,1
ALT-009610,unknown,unknown,unknown,,unknown,
ALT-009611,smartphone,Android 13,partially_patched,False,guest,1
ALT-009612,smartphone,Ubuntu 22.04,fully_patched,False,guest,4
ALT-009613,unknown,unknown,unknown,,unknown,
ALT-009614,tablet,Windows 10,fully_patched,True,student,1
ALT-009615,smartphone,Windows 10,fully_patched,False,guest,0
ALT-009616,unknown,unknown,unknown,,unknown,
ALT-009617,laptop,Windows 10,partially_patched,False,guest,2
ALT-009618,smartphone,Unknown,unpatched,True,student,1
ALT-009619,smartphone,Unknown,fully_patched,False,guest,2
ALT-009620,laptop,Unknown,unpatched,False,guest,5
ALT-009621,laptop,Windows 11,fully_patched,False,guest,3
ALT-009622,smartphone,macOS 13,unpatched,False,guest,5
ALT-009623,laptop,macOS 13,fully_patched,True,student,0
ALT-009624,laptop,iOS 16,fully_patched,False,guest,2
ALT-009625,unknown,macOS 13,fully_patched,False,guest,1
ALT-009626,smartphone,Ubuntu 22.04,partially_patched,False,guest,5
ALT-009627,workstation,Android 13,partially_patched,True,lab_admin,3
ALT-009628,tablet,iOS 16,partially_patched,True,student,1
ALT-009629,laptop,Ubuntu 22.04,fully_patched,True,student,3
ALT-009630,laptop,Unknown,partially_patched,True,student,2
ALT-009631,laptop,Ubuntu 22.04,fully_patched,True,student,0
ALT-009632,smartphone,Windows 10,partially_patched,True,student,2
ALT-009633,laptop,Windows 11,fully_patched,True,student,3
ALT-009634,smartphone,iOS 16,unknown,False,guest,0
ALT-009635,unknown,unknown,unknown,,unknown,
ALT-009636,tablet,Unknown,fully_patched,True,student,1
ALT-009637,smartphone,iOS 16,partially_patched,False,guest,2
ALT-009638,tablet,Windows 11,fully_patched,True,student,1
ALT-009639,smartphone,Windows 10,unpatched,True,student,4
ALT-009640,laptop,Windows 10,fully_patched,True,student,1
ALT-009641,server,Unknown,fully_patched,True,lab_admin,2
ALT-009642,tablet,Windows 10,fully_patched,True,student,5
ALT-009643,raspberry_pi,macOS 13,partially_patched,True,lab_admin,5
ALT-009644,smartphone,Ubuntu 22.04,partially_patched,False,guest,5
ALT-009645,raspberry_pi,Windows 11,fully_patched,True,faculty,4
ALT-009646,unknown,Unknown,partially_patched,False,guest,3
ALT-009647,laptop,macOS 13,fully_patched,False,guest,4
ALT-009648,unknown,Windows 10,unpatched,False,guest,1
ALT-009649,tablet,iOS 16,partially_patched,True,student,5
ALT-009650,tablet,iOS 16,partially_patched,True,student,5
ALT-009651,tablet,iOS 16,fully_patched,True,student,4
ALT-009652,smartphone,Ubuntu 22.04,fully_patched,False,guest,0
ALT-009653,workstation,macOS 13,fully_patched,True,lab_admin,0
ALT-009654,unknown,macOS 13,partially_patched,False,guest,1
ALT-009655,smartphone,Windows 11,partially_patched,False,guest,2
ALT-009656,laptop,macOS 13,fully_patched,False,guest,3
ALT-009657,smartphone,Windows 11,partially_patched,False,guest,3
ALT-009658,unknown,unknown,unknown,,unknown,
ALT-009659,laptop,Windows 11,partially_patched,False,guest,5
ALT-009660,workstation,Android 13,fully_patched,True,faculty,0
ALT-009661,unknown,unknown,unknown,,unknown,
ALT-009662,smartphone,iOS 16,unpatched,False,guest,0
ALT-009663,smartphone,iOS 16,partially_patched,False,guest,2
ALT-009664,laptop,Ubuntu 22.04,fully_patched,False,guest,2
ALT-009665,laptop,iOS 16,unpatched,True,student,5
ALT-009666,smartphone,iOS 16,unpatched,True,student,4
ALT-009667,laptop,Android 13,fully_patched,True,student,0
ALT-009668,laptop,Android 13,partially_patched,True,guest,1
ALT-009669,smartphone,Android 13,unpatched,False,guest,3
ALT-009670,unknown,iOS 16,unpatched,False,guest,5
ALT-009671,workstation,iOS 16,fully_patched,True,lab_admin,5
ALT-009672,tablet,macOS 13,partially_patched,True,student,0
ALT-009673,smartphone,Windows 10,fully_patched,False,guest,3
ALT-009674,smartphone,Unknown,partially_patched,False,guest,1
ALT-009675,tablet,Android 13,unpatched,True,student,0
ALT-009676,unknown,unknown,unknown,,unknown,
ALT-009677,smartphone,Unknown,partially_patched,True,student,1
ALT-009678,smartphone,macOS 13,fully_patched,True,student,3
ALT-009679,unknown,Ubuntu 22.04,partially_patched,False,guest,3
ALT-009680,tablet,Android 13,unpatched,True,student,4
ALT-009681,smartphone,Unknown,unpatched,True,student,5
ALT-009682,server,macOS 13,fully_patched,True,lab_admin,4
ALT-009683,smartphone,macOS 13,partially_patched,False,guest,5
ALT-009684,laptop,Unknown,partially_patched,False,guest,1
ALT-009685,laptop,Unknown,partially_patched,True,student,3
ALT-009686,smartphone,macOS 13,partially_patched,True,student,3
ALT-009687,laptop,Windows 10,partially_patched,True,student,1
ALT-009688,laptop,iOS 16,partially_patched,False,guest,2
ALT-009689,laptop,Ubuntu 22.04,partially_patched,True,student,1
ALT-009690,smartphone,macOS 13,partially_patched,False,guest,1
ALT-009691,laptop,Windows 10,fully_patched,False,guest,2
ALT-009692,smartphone,Unknown,partially_patched,True,student,0
ALT-009693,unknown,unknown,unknown,,unknown,
ALT-009694,tablet,Windows 10,fully_patched,True,student,0
ALT-009695,laptop,Ubuntu 22.04,fully_patched,False,guest,4
ALT-009696,laptop,Ubuntu 22.04,fully_patched,False,guest,1
ALT-009697,tablet,iOS 16,unknown,True,student,5
ALT-009698,unknown,unknown,unknown,,unknown,
ALT-009699,laptop,Ubuntu 22.04,fully_patched,False,guest,2
ALT-009700,laptop,Unknown,fully_patched,False,guest,4
ALT-009701,tablet,Ubuntu 22.04,partially_patched,True,student,0
ALT-009702,laptop,Unknown,fully_patched,True,faculty,4
ALT-009703,laptop,Windows 11,fully_patched,False,guest,3
ALT-009704,smartphone,Unknown,partially_patched,True,student,5
ALT-009705,raspberry_pi,Unknown,partially_patched,True,faculty,5
ALT-009706,smartphone,Android 13,unpatched,True,student,4
ALT-009707,smartphone,Windows 10,unknown,False,guest,3
ALT-009708,laptop,Windows 10,fully_patched,True,student,2
ALT-009709,smartphone,Ubuntu 22.04,fully_patched,True,student,0
ALT-009710,unknown,unknown,unknown,,unknown,
ALT-009711,tablet,Windows 10,fully_patched,True,student,5
ALT-009712,laptop,macOS 13,fully_patched,True,lab_admin,2
ALT-009713,unknown,unknown,unknown,,unknown,
ALT-009714,smartphone,Windows 10,partially_patched,False,guest,1
ALT-009715,laptop,iOS 16,fully_patched,True,student,5
ALT-009716,workstation,Windows 10,partially_patched,True,lab_admin,2
ALT-009717,unknown,unknown,unknown,,unknown,
ALT-009718,unknown,unknown,unknown,,unknown,
ALT-009719,smartphone,Windows 10,fully_patched,False,guest,0
ALT-009720,laptop,Android 13,fully_patched,False,guest,4
ALT-009721,laptop,Windows 10,fully_patched,False,guest,5
ALT-009722,smartphone,macOS 13,fully_patched,True,student,4
ALT-009723,smartphone,Unknown,unpatched,False,guest,3
ALT-009724,smartphone,iOS 16,partially_patched,True,guest,1
ALT-009725,workstation,Unknown,unpatched,True,lab_admin,2
ALT-009726,smartphone,Ubuntu 22.04,unpatched,True,student,1
ALT-009727,smartphone,iOS 16,unpatched,False,guest,5
ALT-009728,smartphone,Windows 11,fully_patched,True,student,3
ALT-009729,unknown,unknown,unknown,,unknown,
ALT-009730,unknown,Android 13,partially_patched,False,guest,2
ALT-009731,laptop,Unknown,partially_patched,False,guest,3
ALT-009732,laptop,iOS 16,unpatched,True,student,2
ALT-009733,unknown,unknown,unknown,,unknown,
ALT-009734,laptop,Windows 11,fully_patched,False,guest,0
ALT-009735,server,Android 13,fully_patched,True,faculty,5
ALT-009736,laptop,iOS 16,fully_patched,False,guest,0
ALT-009737,workstation,Windows 11,fully_patched,True,faculty,5
ALT-009738,laptop,Ubuntu 22.04,fully_patched,False,guest,0
ALT-009739,laptop,Windows 11,unpatched,True,lab_admin,2
ALT-009740,laptop,iOS 16,fully_patched,True,student,0
ALT-009741,unknown,macOS 13,fully_patched,False,guest,0
ALT-009742,smartphone,macOS 13,partially_patched,True,student,2
ALT-009743,tablet,Windows 11,fully_patched,True,student,4
ALT-009744,laptop,Android 13,partially_patched,True,student,4
ALT-009745,unknown,macOS 13,fully_patched,False,guest,0
ALT-009746,smartphone,iOS 16,partially_patched,False,guest,2
ALT-009747,tablet,Windows 10,unpatched,True,student,3
ALT-009748,laptop,Windows 11,partially_patched,True,student,0
ALT-009749,smartphone,Windows 10,fully_patched,False,guest,3
ALT-009750,unknown,iOS 16,unpatched,False,guest,4
ALT-009751,laptop,Windows 11,fully_patched,False,guest,0
ALT-009752,server,Windows 10,fully_patched,True,lab_admin,4
ALT-009753,laptop,Unknown,fully_patched,False,guest,1
ALT-009754,laptop,Unknown,partially_patched,True,student,0
ALT-009755,unknown,Windows 11,unknown,False,guest,5
ALT-009756,laptop,Ubuntu 22.04,fully_patched,False,guest,0
ALT-009757,raspberry_pi,Unknown,partially_patched,True,faculty,2
ALT-009758,laptop,macOS 13,fully_patched,True,student,1
ALT-009759,smartphone,Windows 10,unpatched,False,guest,0
ALT-009760,laptop,Windows 11,fully_patched,True,student,1
ALT-009761,smartphone,Windows 11,unpatched,True,student,4
ALT-009762,tablet,iOS 16,partially_patched,True,student,3
ALT-009763,laptop,macOS 13,fully_patched,False,guest,1
ALT-009764,raspberry_pi,Android 13,partially_patched,True,faculty,1
ALT-009765,workstation,Windows 11,fully_patched,True,lab_admin,5
ALT-009766,smartphone,Ubuntu 22.04,unpatched,False,guest,4
ALT-009767,workstation,macOS 13,partially_patched,True,lab_admin,3
ALT-009768,workstation,Ubuntu 22.04,fully_patched,True,lab_admin,0
ALT-009769,unknown,Android 13,unpatched,False,guest,3
ALT-009770,laptop,Windows 10,partially_patched,True,guest,0
ALT-009771,unknown,unknown,unknown,,unknown,
ALT-009772,smartphone,iOS 16,partially_patched,False,guest,2
ALT-009773,unknown,Windows 11,partially_patched,False,guest,2
ALT-009774,laptop,Windows 11,fully_patched,False,guest,2
ALT-009775,unknown,iOS 16,partially_patched,False,guest,1
ALT-009776,workstation,iOS 16,fully_patched,True,lab_admin,3
ALT-009777,smartphone,Windows 11,partially_patched,False,guest,2
ALT-009778,unknown,unknown,unknown,,unknown,
ALT-009779,tablet,Android 13,fully_patched,False,guest,1
ALT-009780,unknown,Android 13,partially_patched,False,guest,3
ALT-009781,laptop,Windows 10,partially_patched,True,student,2
ALT-009782,laptop,Unknown,fully_patched,False,guest,3
ALT-009783,smartphone,macOS 13,fully_patched,True,student,5
ALT-009784,unknown,unknown,unknown,,unknown,
ALT-009785,laptop,Unknown,partially_patched,True,student,4
ALT-009786,laptop,Android 13,unpatched,True,student,1
ALT-009787,laptop,Android 13,fully_patched,True,student,5
ALT-009788,tablet,Android 13,fully_patched,True,student,4
ALT-009789,laptop,Android 13,partially_patched,False,guest,0
ALT-009790,unknown,Ubuntu 22.04,partially_patched,False,guest,0
ALT-009791,tablet,Windows 11,fully_patched,True,student,2
ALT-009792,laptop,Windows 10,unpatched,True,student,2
ALT-009793,laptop,iOS 16,fully_patched,True,student,3
ALT-009794,smartphone,Android 13,partially_patched,True,student,1
ALT-009795,unknown,macOS 13,fully_patched,False,guest,4
ALT-009796,unknown,unknown,unknown,,unknown,
ALT-009797,unknown,unknown,unknown,,unknown,
ALT-009798,unknown,Ubuntu 22.04,unknown,False,guest,4
ALT-009799,laptop,Android 13,fully_patched,True,student,4
ALT-009800,workstation,Windows 10,fully_patched,True,lab_admin,5
ALT-009801,smartphone,Ubuntu 22.04,unpatched,True,student,2
ALT-009802,workstation,Android 13,unknown,True,lab_admin,3
ALT-009803,smartphone,Windows 10,fully_patched,False,guest,3
ALT-009804,tablet,Windows 11,partially_patched,True,student,5
ALT-009805,smartphone,Windows 10,fully_patched,False,guest,2
ALT-009806,unknown,macOS 13,partially_patched,False,guest,0
ALT-009807,tablet,Ubuntu 22.04,fully_patched,True,student,4
ALT-009808,workstation,Windows 10,unknown,True,lab_admin,2
ALT-009809,laptop,Ubuntu 22.04,fully_patched,False,guest,1
ALT-009810,laptop,Android 13,fully_patched,True,student,2
ALT-009811,tablet,Android 13,fully_patched,True,student,5
ALT-009812,smartphone,Windows 10,partially_patched,True,student,3
ALT-009813,unknown,unknown,unknown,,unknown,
ALT-009814,tablet,Unknown,fully_patched,True,student,1
ALT-009815,laptop,macOS 13,partially_patched,True,student,0
ALT-009816,server,Windows 11,partially_patched,True,faculty,0
ALT-009817,unknown,Windows 11,fully_patched,False,guest,3
ALT-009818,smartphone,Unknown,partially_patched,True,student,4
ALT-009819,unknown,unknown,unknown,,unknown,
ALT-009820,smartphone,macOS 13,unpatched,True,student,1
ALT-009821,laptop,Windows 10,partially_patched,True,faculty,1
ALT-009822,laptop,Android 13,partially_patched,True,guest,1
ALT-009823,smartphone,macOS 13,partially_patched,True,guest,0
ALT-009824,smartphone,Windows 11,unknown,False,guest,5
ALT-009825,unknown,Ubuntu 22.04,fully_patched,False,guest,5
ALT-009826,workstation,Android 13,partially_patched,True,lab_admin,1
ALT-009827,workstation,Windows 10,fully_patched,True,faculty,2
ALT-009828,smartphone,Android 13,partially_patched,False,guest,2
ALT-009829,smartphone,Windows 11,fully_patched,False,guest,2
ALT-009830,laptop,iOS 16,fully_patched,True,student,0
ALT-009831,tablet,Windows 10,fully_patched,True,guest,1
ALT-009832,workstation,Unknown,partially_patched,True,faculty,5
ALT-009833,unknown,unknown,unknown,,unknown,
ALT-009834,laptop,Windows 10,fully_patched,False,guest,5
ALT-009835,laptop,Android 13,fully_patched,True,student,1
ALT-009836,tablet,Unknown,fully_patched,True,student,1
ALT-009837,smartphone,Windows 11,fully_patched,True,student,1
ALT-009838,laptop,macOS 13,fully_patched,False,guest,4
ALT-009839,unknown,Ubuntu 22.04,partially_patched,False,guest,5
ALT-009840,smartphone,Ubuntu 22.04,partially_patched,False,guest,5
ALT-009841,smartphone,Windows 10,partially_patched,True,student,0
ALT-009842,tablet,Android 13,fully_patched,True,student,5
ALT-009843,laptop,Ubuntu 22.04,partially_patched,False,guest,4
ALT-009844,laptop,Unknown,fully_patched,False,guest,4
ALT-009845,unknown,unknown,unknown,,unknown,
ALT-009846,laptop,Ubuntu 22.04,unpatched,True,faculty,0
ALT-009847,unknown,unknown,unknown,,unknown,
ALT-009848,smartphone,Windows 11,fully_patched,False,guest,0
ALT-009849,laptop,Windows 10,unpatched,False,guest,4
ALT-009850,unknown,unknown,unknown,,unknown,
ALT-009851,unknown,Windows 10,unpatched,False,guest,0
ALT-009852,unknown,unknown,unknown,,unknown,
ALT-009853,laptop,Windows 10,fully_patched,True,student,2
ALT-009854,laptop,Ubuntu 22.04,fully_patched,True,student,0
ALT-009855,unknown,Unknown,partially_patched,False,guest,1
ALT-009856,smartphone,Ubuntu 22.04,unpatched,True,student,0
ALT-009857,tablet,macOS 13,fully_patched,True,student,4
ALT-009858,smartphone,Android 13,fully_patched,True,student,1
ALT-009859,unknown,iOS 16,fully_patched,False,guest,5
ALT-009860,unknown,macOS 13,partially_patched,False,guest,3
ALT-009861,unknown,iOS 16,unpatched,False,guest,5
ALT-009862,laptop,Ubuntu 22.04,partially_patched,False,guest,3
ALT-009863,server,Windows 10,partially_patched,True,faculty,1
ALT-009864,tablet,iOS 16,partially_patched,False,guest,1
ALT-009865,unknown,unknown,unknown,,unknown,
ALT-009866,smartphone,Windows 11,partially_patched,False,guest,2
ALT-009867,tablet,iOS 16,unpatched,True,student,3
ALT-009868,laptop,Unknown,partially_patched,True,student,0
ALT-009869,server,Android 13,fully_patched,True,lab_admin,3
ALT-009870,laptop,iOS 16,unpatched,False,guest,2
ALT-009871,laptop,Android 13,partially_patched,False,guest,1
ALT-009872,server,Android 13,unpatched,True,faculty,4
ALT-009873,tablet,Android 13,fully_patched,True,student,0
ALT-009874,unknown,unknown,unknown,,unknown,
ALT-009875,tablet,Windows 11,fully_patched,True,student,2
ALT-009876,laptop,Windows 11,partially_patched,True,student,5
ALT-009877,raspberry_pi,macOS 13,unpatched,True,faculty,1
ALT-009878,laptop,Unknown,fully_patched,True,lab_admin,0
ALT-009879,laptop,iOS 16,fully_patched,True,student,4
ALT-009880,laptop,Windows 11,fully_patched,True,student,3
ALT-009881,smartphone,Ubuntu 22.04,partially_patched,True,student,5
ALT-009882,smartphone,Android 13,fully_patched,True,student,4
ALT-009883,smartphone,Ubuntu 22.04,fully_patched,False,guest,3
ALT-009884,unknown,Ubuntu 22.04,fully_patched,False,guest,1
ALT-009885,workstation,Ubuntu 22.04,fully_patched,True,lab_admin,5
ALT-009886,laptop,iOS 16,partially_patched,True,student,2
ALT-009887,workstation,macOS 13,fully_patched,True,faculty,1
ALT-009888,laptop,Android 13,fully_patched,False,guest,3
ALT-009889,workstation,Unknown,fully_patched,True,lab_admin,3
ALT-009890,workstation,Ubuntu 22.04,fully_patched,True,lab_admin,0
ALT-009891,smartphone,Windows 11,partially_patched,False,guest,3
ALT-009892,smartphone,Unknown,fully_patched,False,guest,5
ALT-009893,laptop,Ubuntu 22.04,fully_patched,True,student,5
ALT-009894,workstation,Android 13,fully_patched,True,faculty,4
ALT-009895,unknown,unknown,unknown,,unknown,
ALT-009896,smartphone,iOS 16,partially_patched,False,guest,2
ALT-009897,raspberry_pi,Unknown,partially_patched,True,lab_admin,0
ALT-009898,smartphone,Android 13,unknown,False,guest,5
ALT-009899,laptop,Windows 10,fully_patched,True,lab_admin,4
ALT-009900,smartphone,iOS 16,fully_patched,False,guest,4
ALT-009901,laptop,Ubuntu 22.04,partially_patched,True,student,2
ALT-009902,tablet,Ubuntu 22.04,unpatched,True,student,2
ALT-009903,laptop,Windows 11,unpatched,False,guest,4
ALT-009904,laptop,Windows 10,fully_patched,False,guest,2
ALT-009905,unknown,Ubuntu 22.04,unpatched,False,guest,5
ALT-009906,workstation,Windows 11,fully_patched,True,lab_admin,1
ALT-009907,unknown,Android 13,fully_patched,False,guest,0
ALT-009908,unknown,Windows 10,unpatched,False,guest,3
ALT-009909,laptop,Windows 10,fully_patched,False,guest,1
ALT-009910,tablet,Unknown,unpatched,True,student,2
ALT-009911,unknown,unknown,unknown,,unknown,
ALT-009912,laptop,macOS 13,fully_patched,True,guest,0
ALT-009913,smartphone,Android 13,fully_patched,False,guest,4
ALT-009914,tablet,iOS 16,fully_patched,True,student,4
ALT-009915,tablet,Unknown,partially_patched,True,student,1
ALT-009916,raspberry_pi,Unknown,fully_patched,True,faculty,3
ALT-009917,server,Windows 11,fully_patched,True,faculty,0
ALT-009918,smartphone,Unknown,unpatched,False,guest,3
ALT-009919,unknown,Windows 11,partially_patched,False,guest,3
ALT-009920,unknown,macOS 13,fully_patched,False,guest,4
ALT-009921,laptop,Ubuntu 22.04,fully_patched,False,guest,5
ALT-009922,smartphone,macOS 13,fully_patched,True,guest,0
ALT-009923,laptop,Windows 10,fully_patched,True,guest,0
ALT-009924,unknown,iOS 16,partially_patched,False,guest,5
ALT-009925,unknown,Windows 11,fully_patched,False,guest,0
ALT-009926,laptop,macOS 13,fully_patched,False,guest,2
ALT-009927,smartphone,Windows 10,partially_patched,False,guest,0
ALT-009928,laptop,Unknown,fully_patched,True,student,5
ALT-009929,laptop,Unknown,partially_patched,True,student,4
ALT-009930,laptop,Android 13,fully_patched,False,guest,4
ALT-009931,unknown,unknown,unknown,,unknown,
ALT-009932,unknown,unknown,unknown,,unknown,
ALT-009933,laptop,Android 13,fully_patched,True,student,0
ALT-009934,laptop,Unknown,fully_patched,True,lab_admin,4
ALT-009935,smartphone,Windows 11,fully_patched,True,student,5
ALT-009936,tablet,Android 13,unpatched,True,student,0
ALT-009937,smartphone,macOS 13,fully_patched,True,student,0
ALT-009938,server,Unknown,unpatched,True,faculty,2
ALT-009939,laptop,Windows 11,fully_patched,True,student,1
ALT-009940,smartphone,Unknown,partially_patched,True,student,5
ALT-009941,smartphone,Unknown,fully_patched,False,guest,4
ALT-009942,smartphone,iOS 16,unpatched,False,guest,1
ALT-009943,workstation,iOS 16,partially_patched,True,faculty,1
ALT-009944,unknown,Unknown,fully_patched,False,guest,3
ALT-009945,laptop,Windows 11,fully_patched,False,guest,2
ALT-009946,unknown,Windows 11,fully_patched,False,guest,0
ALT-009947,unknown,unknown,unknown,,unknown,
ALT-009948,laptop,macOS 13,fully_patched,True,student,1
ALT-009949,smartphone,Windows 11,fully_patched,False,guest,4
ALT-009950,unknown,Windows 11,partially_patched,False,guest,5
ALT-009951,laptop,Windows 10,partially_patched,True,student,2
ALT-009952,tablet,macOS 13,fully_patched,True,student,1
ALT-009953,smartphone,Windows 11,fully_patched,True,student,3
ALT-009954,server,Android 13,fully_patched,True,faculty,4
ALT-009955,tablet,macOS 13,fully_patched,True,student,0
ALT-009956,tablet,Android 13,partially_patched,True,guest,1
ALT-009957,laptop,Ubuntu 22.04,fully_patched,False,guest,3
ALT-009958,smartphone,Windows 11,unknown,False,guest,1
ALT-009959,server,Android 13,unknown,True,faculty,2
ALT-009960,workstation,Android 13,unknown,True,faculty,3
ALT-009961,laptop,Ubuntu 22.04,fully_patched,False,guest,4
ALT-009962,unknown,Ubuntu 22.04,fully_patched,False,guest,3
ALT-009963,workstation,Windows 11,partially_patched,True,faculty,1
ALT-009964,laptop,Windows 10,fully_patched,True,student,4
ALT-009965,unknown,Windows 11,fully_patched,False,guest,5
ALT-009966,unknown,Unknown,partially_patched,False,guest,3
ALT-009967,unknown,Ubuntu 22.04,fully_patched,False,guest,0
ALT-009968,laptop,Android 13,fully_patched,False,guest,1
ALT-009969,laptop,Android 13,fully_patched,True,student,2
ALT-009970,tablet,Android 13,unknown,True,student,0
ALT-009971,unknown,Windows 11,partially_patched,False,guest,1
ALT-009972,workstation,Android 13,partially_patched,True,lab_admin,0
ALT-009973,laptop,Windows 10,unpatched,True,student,0
ALT-009974,tablet,Windows 11,fully_patched,True,student,3
ALT-009975,laptop,iOS 16,fully_patched,True,student,2
ALT-009976,unknown,iOS 16,partially_patched,False,guest,0
ALT-009977,smartphone,iOS 16,partially_patched,True,student,0
ALT-009978,unknown,Unknown,fully_patched,False,guest,2
ALT-009979,smartphone,Windows 10,partially_patched,True,guest,0
ALT-009980,unknown,macOS 13,unpatched,False,guest,3
ALT-009981,laptop,Windows 11,fully_patched,True,guest,0
ALT-009982,laptop,Android 13,partially_patched,False,guest,0
ALT-009983,smartphone,Ubuntu 22.04,unpatched,False,guest,0
ALT-009984,smartphone,macOS 13,unpatched,True,student,4
ALT-009985,unknown,iOS 16,fully_patched,False,guest,5
ALT-009986,unknown,unknown,unknown,,unknown,
ALT-009987,laptop,macOS 13,fully_patched,False,guest,3
ALT-009988,smartphone,Windows 10,partially_patched,False,guest,5
ALT-009989,tablet,Windows 11,partially_patched,True,student,4
ALT-009990,laptop,Windows 10,fully_patched,False,guest,4
ALT-009991,laptop,iOS 16,fully_patched,False,guest,0
ALT-009992,laptop,macOS 13,fully_patched,False,guest,0
ALT-009993,unknown,unknown,unknown,,unknown,
ALT-009994,laptop,Unknown,fully_patched,False,guest,5
ALT-009995,smartphone,Android 13,fully_patched,True,student,2
ALT-009996,smartphone,Windows 10,partially_patched,False,guest,3
ALT-009997,laptop,Ubuntu 22.04,partially_patched,False,guest,1
ALT-009998,smartphone,Windows 10,fully_patched,True,student,3
ALT-009999,smartphone,iOS 16,fully_patched,False,guest,0
ALT-010000,laptop,Android 13,unpatched,False,guest,0
ALT-010001,raspberry_pi,Windows 10,partially_patched,True,faculty,0
ALT-010002,tablet,Ubuntu 22.04,fully_patched,True,student,1
ALT-010003,tablet,Ubuntu 22.04,fully_patched,True,student,4
ALT-010004,laptop,Windows 11,unpatched,False,guest,3
ALT-010005,smartphone,macOS 13,fully_patched,True,student,0
ALT-010006,smartphone,Android 13,unpatched,True,student,1
ALT-010007,unknown,iOS 16,fully_patched,False,guest,4
ALT-010008,smartphone,Windows 10,fully_patched,False,guest,0
ALT-010009,laptop,macOS 13,partially_patched,True,student,5
ALT-010010,raspberry_pi,Ubuntu 22.04,unpatched,True,lab_admin,5
ALT-010011,laptop,Android 13,partially_patched,False,guest,1
ALT-010012,tablet,Android 13,fully_patched,True,student,2
ALT-010013,unknown,Android 13,unpatched,False,guest,4
ALT-010014,smartphone,Windows 11,partially_patched,True,student,5
ALT-010015,unknown,unknown,unknown,,unknown,
ALT-010016,smartphone,Ubuntu 22.04,unpatched,False,guest,0
ALT-010017,tablet,iOS 16,fully_patched,True,student,5
ALT-010018,laptop,Ubuntu 22.04,unpatched,True,faculty,0
ALT-010019,unknown,unknown,unknown,,unknown,
ALT-010020,smartphone,macOS 13,partially_patched,False,guest,2
ALT-010021,unknown,Windows 10,fully_patched,False,guest,4
ALT-010022,laptop,Android 13,fully_patched,False,guest,3
ALT-010023,unknown,unknown,unknown,,unknown,
ALT-010024,laptop,Android 13,unpatched,True,student,2
ALT-010025,smartphone,Android 13,fully_patched,True,student,4
ALT-010026,tablet,Android 13,unpatched,True,student,5
ALT-010027,smartphone,iOS 16,partially_patched,False,guest,0
ALT-010028,unknown,unknown,unknown,,unknown,
ALT-010029,unknown,unknown,unknown,,unknown,
ALT-010030,laptop,Ubuntu 22.04,unpatched,True,student,3
ALT-010031,raspberry_pi,Windows 10,partially_patched,True,faculty,5
ALT-010032,laptop,Ubuntu 22.04,partially_patched,False,guest,2
ALT-010033,server,Windows 11,fully_patched,True,faculty,0
ALT-010034,smartphone,Windows 11,partially_patched,True,student,0
ALT-010035,smartphone,macOS 13,fully_patched,False,guest,3
ALT-010036,unknown,unknown,unknown,,unknown,
ALT-010037,unknown,Unknown,partially_patched,False,guest,0
ALT-010038,laptop,Ubuntu 22.04,fully_patched,True,student,0
ALT-010039,smartphone,macOS 13,fully_patched,False,guest,2
ALT-010040,laptop,Android 13,fully_patched,False,guest,3
ALT-010041,laptop,iOS 16,partially_patched,False,guest,0
ALT-010042,laptop,Windows 10,fully_patched,True,student,0
ALT-010043,laptop,iOS 16,fully_patched,True,guest,1
ALT-010044,unknown,Ubuntu 22.04,fully_patched,False,guest,4
ALT-010045,laptop,Ubuntu 22.04,partially_patched,True,student,4
ALT-010046,unknown,unknown,unknown,,unknown,
ALT-010047,laptop,Windows 11,unpatched,True,lab_admin,1
ALT-010048,unknown,iOS 16,unpatched,False,guest,2
ALT-010049,tablet,Windows 10,fully_patched,True,student,2
ALT-010050,unknown,unknown,unknown,,unknown,
ALT-010051,laptop,macOS 13,unknown,True,student,2
ALT-010052,smartphone,iOS 16,fully_patched,False,guest,3
ALT-010053,laptop,Ubuntu 22.04,unknown,False,guest,4
ALT-010054,unknown,Windows 10,fully_patched,False,guest,5
ALT-010055,laptop,Windows 10,fully_patched,False,guest,2
ALT-010056,laptop,Windows 10,partially_patched,True,student,1
ALT-010057,laptop,macOS 13,fully_patched,False,guest,1
ALT-010058,unknown,unknown,unknown,,unknown,
ALT-010059,unknown,Windows 11,fully_patched,False,guest,1
ALT-010060,workstation,Windows 11,fully_patched,True,lab_admin,1
ALT-010061,unknown,unknown,unknown,,unknown,
ALT-010062,smartphone,Ubuntu 22.04,unknown,False,guest,3
ALT-010063,laptop,iOS 16,fully_patched,True,student,3
ALT-010064,laptop,Unknown,unpatched,False,guest,2
ALT-010065,unknown,unknown,unknown,,unknown,
ALT-010066,laptop,Windows 11,fully_patched,False,guest,1
ALT-010067,laptop,Android 13,fully_patched,True,student,5
ALT-010068,tablet,Ubuntu 22.04,partially_patched,True,student,3
ALT-010069,unknown,Unknown,fully_patched,False,guest,1
ALT-010070,server,Ubuntu 22.04,fully_patched,True,lab_admin,3
ALT-010071,laptop,Android 13,fully_patched,True,student,3
ALT-010072,unknown,iOS 16,partially_patched,False,guest,3
ALT-010073,laptop,iOS 16,partially_patched,True,student,1
ALT-010074,workstation,Windows 11,fully_patched,True,faculty,0
ALT-010075,laptop,Ubuntu 22.04,fully_patched,True,student,2
ALT-010076,smartphone,Ubuntu 22.04,fully_patched,False,guest,1
ALT-010077,laptop,Ubuntu 22.04,fully_patched,False,guest,0
ALT-010078,laptop,Unknown,unknown,False,guest,2
ALT-010079,unknown,Unknown,unknown,False,guest,5
ALT-010080,smartphone,macOS 13,fully_patched,False,guest,2
ALT-010081,smartphone,Windows 10,fully_patched,False,guest,5
ALT-010082,smartphone,Windows 11,fully_patched,False,guest,2
ALT-010083,unknown,iOS 16,unpatched,False,guest,5
ALT-010084,laptop,Android 13,unknown,False,guest,2
ALT-010085,laptop,iOS 16,fully_patched,False,guest,3
ALT-010086,unknown,Ubuntu 22.04,fully_patched,False,guest,2
ALT-010087,workstation,Android 13,unknown,True,faculty,1
ALT-010088,smartphone,Android 13,partially_patched,True,student,0
ALT-010089,unknown,iOS 16,fully_patched,False,guest,5
ALT-010090,unknown,Windows 11,fully_patched,False,guest,2
ALT-010091,tablet,Android 13,fully_patched,False,guest,1
ALT-010092,smartphone,Ubuntu 22.04,fully_patched,True,student,2
ALT-010093,unknown,iOS 16,partially_patched,False,guest,5
ALT-010094,smartphone,Unknown,partially_patched,False,guest,4
ALT-010095,laptop,Windows 11,fully_patched,False,guest,2
ALT-010096,unknown,Windows 11,fully_patched,False,guest,0
ALT-010097,laptop,Windows 11,unpatched,True,student,1
ALT-010098,laptop,Windows 11,partially_patched,True,faculty,2
ALT-010099,tablet,Android 13,fully_patched,True,student,5
ALT-010100,smartphone,Windows 11,fully_patched,False,guest,5
ALT-010101,unknown,unknown,unknown,,unknown,
ALT-010102,smartphone,Unknown,partially_patched,True,student,4
ALT-010103,laptop,Ubuntu 22.04,fully_patched,True,student,1
ALT-010104,laptop,Windows 11,partially_patched,True,student,3
ALT-010105,tablet,Android 13,partially_patched,True,student,2
ALT-010106,tablet,Windows 10,fully_patched,True,student,0
ALT-010107,laptop,Windows 11,unpatched,True,lab_admin,0
ALT-010108,smartphone,Ubuntu 22.04,unknown,False,guest,1
ALT-010109,unknown,iOS 16,partially_patched,False,guest,1
ALT-010110,laptop,iOS 16,unpatched,False,guest,3
ALT-010111,tablet,Windows 10,partially_patched,True,student,2
ALT-010112,smartphone,iOS 16,partially_patched,False,guest,3
ALT-010113,unknown,unknown,unknown,,unknown,
ALT-010114,smartphone,macOS 13,fully_patched,False,guest,2
ALT-010115,workstation,Ubuntu 22.04,partially_patched,True,lab_admin,3
ALT-010116,unknown,unknown,unknown,,unknown,
ALT-010117,smartphone,Windows 11,partially_patched,True,student,2
ALT-010118,laptop,Ubuntu 22.04,fully_patched,False,guest,1
ALT-010119,workstation,iOS 16,partially_patched,True,faculty,5
ALT-010120,unknown,unknown,unknown,,unknown,
ALT-010121,laptop,Windows 10,partially_patched,True,student,5
ALT-010122,laptop,Android 13,partially_patched,True,student,3
ALT-010123,smartphone,Windows 10,fully_patched,False,guest,4
ALT-010124,laptop,Android 13,fully_patched,True,student,2
ALT-010125,laptop,iOS 16,partially_patched,False,guest,5
ALT-010126,unknown,unknown,unknown,,unknown,
ALT-010127,raspberry_pi,Windows 10,fully_patched,True,lab_admin,0
ALT-010128,laptop,Android 13,partially_patched,True,guest,1
ALT-010129,laptop,Unknown,fully_patched,True,student,0
ALT-010130,smartphone,iOS 16,partially_patched,True,student,0
ALT-010131,smartphone,Unknown,unpatched,False,guest,1
ALT-010132,unknown,iOS 16,unpatched,False,guest,1
ALT-010133,tablet,Android 13,partially_patched,True,student,4
ALT-010134,workstation,macOS 13,unpatched,True,faculty,1
ALT-010135,smartphone,Windows 11,partially_patched,False,guest,5
ALT-010136,laptop,Ubuntu 22.04,fully_patched,True,student,0
ALT-010137,workstation,Windows 11,fully_patched,True,lab_admin,1
ALT-010138,laptop,Windows 11,fully_patched,True,student,0
ALT-010139,tablet,iOS 16,partially_patched,True,student,4
ALT-010140,tablet,Windows 11,fully_patched,True,student,0
ALT-010141,unknown,Android 13,partially_patched,False,guest,0
ALT-010142,smartphone,Windows 10,partially_patched,True,student,3
ALT-010143,smartphone,Ubuntu 22.04,fully_patched,True,student,4
ALT-010144,unknown,unknown,unknown,,unknown,
ALT-010145,tablet,Android 13,fully_patched,True,student,3
ALT-010146,unknown,Windows 10,partially_patched,False,guest,3
ALT-010147,tablet,Android 13,partially_patched,True,student,1
ALT-010148,unknown,unknown,unknown,,unknown,
ALT-010149,laptop,Android 13,fully_patched,False,guest,3
ALT-010150,tablet,Ubuntu 22.04,partially_patched,True,student,2
ALT-010151,smartphone,Windows 10,partially_patched,False,guest,3
ALT-010152,unknown,unknown,unknown,,unknown,
ALT-010153,smartphone,Windows 10,unpatched,False,guest,3
ALT-010154,smartphone,Unknown,partially_patched,False,guest,0
ALT-010155,workstation,macOS 13,fully_patched,True,lab_admin,0
ALT-010156,smartphone,macOS 13,fully_patched,False,guest,5
ALT-010157,server,macOS 13,fully_patched,True,faculty,2
ALT-010158,tablet,Ubuntu 22.04,partially_patched,True,student,1
ALT-010159,smartphone,Windows 10,partially_patched,False,guest,0
ALT-010160,laptop,Windows 10,fully_patched,False,guest,1
ALT-010161,laptop,Ubuntu 22.04,fully_patched,False,guest,2
ALT-010162,unknown,unknown,unknown,,unknown,
ALT-010163,laptop,Ubuntu 22.04,unpatched,False,guest,4
ALT-010164,smartphone,Windows 10,partially_patched,False,guest,0
ALT-010165,laptop,Unknown,fully_patched,True,student,1
ALT-010166,smartphone,Windows 10,partially_patched,True,student,2
ALT-010167,unknown,unknown,unknown,,unknown,
ALT-010168,laptop,Windows 11,partially_patched,False,guest,1
ALT-010169,smartphone,Ubuntu 22.04,fully_patched,True,student,2
ALT-010170,laptop,Android 13,fully_patched,True,student,2
ALT-010171,unknown,Windows 11,partially_patched,False,guest,1
ALT-010172,smartphone,Windows 11,fully_patched,False,guest,2
ALT-010173,smartphone,macOS 13,partially_patched,True,student,3
ALT-010174,unknown,iOS 16,fully_patched,False,guest,0
ALT-010175,smartphone,Windows 10,fully_patched,False,guest,2
ALT-010176,laptop,iOS 16,unpatched,True,student,5
ALT-010177,unknown,Windows 11,unpatched,False,guest,1
ALT-010178,unknown,unknown,unknown,,unknown,
ALT-010179,laptop,iOS 16,partially_patched,False,guest,3
ALT-010180,workstation,Windows 11,fully_patched,True,lab_admin,5
ALT-010181,unknown,unknown,unknown,,unknown,
ALT-010182,unknown,Android 13,fully_patched,False,guest,0
ALT-010183,workstation,iOS 16,fully_patched,True,lab_admin,1
ALT-010184,laptop,Unknown,partially_patched,True,student,0
ALT-010185,smartphone,Ubuntu 22.04,partially_patched,False,guest,0
ALT-010186,laptop,Android 13,unpatched,False,guest,0
ALT-010187,laptop,Unknown,partially_patched,True,student,2
ALT-010188,unknown,macOS 13,fully_patched,False,guest,0
ALT-010189,unknown,unknown,unknown,,unknown,
ALT-010190,smartphone,iOS 16,partially_patched,True,student,4
ALT-010191,unknown,Windows 11,partially_patched,False,guest,5
ALT-010192,unknown,unknown,unknown,,unknown,
ALT-010193,unknown,Windows 11,unpatched,False,guest,4
ALT-010194,unknown,Unknown,unpatched,False,guest,3
ALT-010195,smartphone,Windows 10,partially_patched,False,guest,5
ALT-010196,unknown,unknown,unknown,,unknown,
ALT-010197,tablet,macOS 13,fully_patched,True,student,5
ALT-010198,unknown,Unknown,unpatched,False,guest,6
ALT-010199,smartphone,Android 13,fully_patched,False,guest,4
ALT-010200,unknown,iOS 16,fully_patched,False,guest,4
ALT-010201,tablet,Ubuntu 22.04,fully_patched,True,student,0
ALT-010202,smartphone,Windows 10,fully_patched,True,student,2
ALT-010203,tablet,iOS 16,unpatched,True,student,5
ALT-010204,laptop,Android 13,partially_patched,True,student,4
ALT-010205,unknown,Ubuntu 22.04,unknown,False,guest,2
ALT-010206,unknown,unknown,unknown,,unknown,
ALT-010207,laptop,Ubuntu 22.04,unpatched,False,guest,0
ALT-010208,smartphone,Windows 10,fully_patched,False,guest,0
ALT-010209,unknown,iOS 16,fully_patched,False,guest,4
ALT-010210,unknown,unknown,unknown,,unknown,
ALT-010211,unknown,unknown,unknown,,unknown,
ALT-010212,smartphone,iOS 16,fully_patched,False,guest,3
ALT-010213,unknown,Unknown,fully_patched,False,guest,1
ALT-010214,smartphone,macOS 13,unpatched,False,guest,0
ALT-010215,tablet,macOS 13,fully_patched,True,student,1
ALT-010216,tablet,Android 13,fully_patched,True,student,0
ALT-010217,smartphone,macOS 13,fully_patched,True,student,4
ALT-010218,workstation,Windows 11,fully_patched,True,lab_admin,1
ALT-010219,server,Unknown,fully_patched,True,lab_admin,1
ALT-010220,tablet,macOS 13,partially_patched,True,student,0
ALT-010221,tablet,iOS 16,partially_patched,True,student,2
ALT-010222,tablet,Android 13,unpatched,True,student,0
ALT-010223,tablet,iOS 16,fully_patched,True,guest,0
ALT-010224,smartphone,Ubuntu 22.04,partially_patched,True,student,4
ALT-010225,unknown,unknown,unknown,,unknown,
ALT-010226,laptop,macOS 13,fully_patched,False,guest,2
ALT-010227,tablet,iOS 16,unpatched,True,student,2
ALT-010228,unknown,macOS 13,partially_patched,False,guest,3
ALT-010229,smartphone,Windows 11,partially_patched,False,guest,0
ALT-010230,unknown,unknown,unknown,,unknown,
ALT-010231,smartphone,Unknown,fully_patched,True,student,1
ALT-010232,smartphone,Windows 10,unpatched,False,guest,0
ALT-010233,tablet,iOS 16,fully_patched,True,student,4
ALT-010234,laptop,Android 13,fully_patched,True,guest,1
ALT-010235,laptop,Unknown,fully_patched,False,guest,5
ALT-010236,laptop,Ubuntu 22.04,unknown,True,student,1
ALT-010237,unknown,unknown,unknown,,unknown,
ALT-010238,laptop,Unknown,partially_patched,False,guest,0
ALT-010239,laptop,Windows 11,unpatched,False,guest,2
ALT-010240,raspberry_pi,Unknown,fully_patched,True,faculty,5
ALT-010241,unknown,Windows 11,fully_patched,False,guest,1
ALT-010242,server,Windows 10,fully_patched,True,faculty,5
ALT-010243,smartphone,macOS 13,unpatched,True,student,1
ALT-010244,unknown,Windows 10,fully_patched,False,guest,4
ALT-010245,unknown,macOS 13,unpatched,False,guest,5
ALT-010246,laptop,iOS 16,partially_patched,True,faculty,4
ALT-010247,server,Windows 11,partially_patched,True,faculty,4
ALT-010248,unknown,Windows 10,unpatched,False,guest,1
ALT-010249,laptop,Windows 11,partially_patched,True,student,0
ALT-010250,laptop,iOS 16,fully_patched,True,student,4
ALT-010251,smartphone,macOS 13,partially_patched,False,guest,0
ALT-010252,smartphone,Windows 10,fully_patched,False,guest,5
ALT-010253,laptop,Windows 11,fully_patched,True,student,3
ALT-010254,tablet,macOS 13,fully_patched,True,student,0
ALT-010255,laptop,Android 13,fully_patched,True,student,2
ALT-010256,unknown,unknown,unknown,,unknown,
ALT-010257,laptop,Windows 10,fully_patched,False,guest,5
ALT-010258,unknown,Ubuntu 22.04,unpatched,False,guest,4
ALT-010259,laptop,Android 13,partially_patched,True,faculty,3
ALT-010260,smartphone,Unknown,unknown,True,student,4
ALT-010261,smartphone,Unknown,unpatched,True,student,0
ALT-010262,tablet,Ubuntu 22.04,fully_patched,True,student,5
ALT-010263,smartphone,macOS 13,fully_patched,False,guest,5
ALT-010264,unknown,Android 13,fully_patched,False,guest,2
ALT-010265,unknown,Unknown,fully_patched,False,guest,2
ALT-010266,laptop,Unknown,fully_patched,False,guest,3
ALT-010267,unknown,unknown,unknown,,unknown,
ALT-010268,laptop,Android 13,fully_patched,True,student,4
ALT-010269,smartphone,Ubuntu 22.04,unpatched,False,guest,0
ALT-010270,smartphone,macOS 13,fully_patched,True,guest,0
ALT-010271,smartphone,macOS 13,unpatched,False,guest,3
ALT-010272,unknown,Windows 10,fully_patched,False,guest,3
ALT-010273,unknown,Unknown,unpatched,False,guest,1
ALT-010274,unknown,unknown,unknown,,unknown,
ALT-010275,smartphone,Ubuntu 22.04,unknown,False,guest,1
ALT-010276,unknown,Windows 11,fully_patched,False,guest,3
ALT-010277,laptop,Ubuntu 22.04,fully_patched,True,student,4
ALT-010278,workstation,Windows 10,partially_patched,True,faculty,0
ALT-010279,unknown,unknown,unknown,,unknown,
ALT-010280,unknown,unknown,unknown,,unknown,
ALT-010281,smartphone,iOS 16,partially_patched,True,guest,1
ALT-010282,laptop,iOS 16,partially_patched,True,student,4
ALT-010283,laptop,Ubuntu 22.04,unpatched,False,guest,3
ALT-010284,unknown,Android 13,fully_patched,False,guest,2
ALT-010285,smartphone,Windows 11,fully_patched,True,student,5
ALT-010286,laptop,Windows 10,fully_patched,True,lab_admin,4
ALT-010287,smartphone,macOS 13,fully_patched,True,student,0
ALT-010288,laptop,Unknown,unpatched,False,guest,2
ALT-010289,laptop,Ubuntu 22.04,fully_patched,False,guest,4
ALT-010290,smartphone,Windows 11,partially_patched,True,student,2
ALT-010291,unknown,unknown,unknown,,unknown,
ALT-010292,tablet,Unknown,unknown,True,student,2
ALT-010293,smartphone,iOS 16,fully_patched,False,guest,3
ALT-010294,laptop,macOS 13,unknown,True,student,5
ALT-010295,laptop,Windows 10,unpatched,True,student,4
ALT-010296,smartphone,Ubuntu 22.04,fully_patched,False,guest,5
ALT-010297,smartphone,macOS 13,partially_patched,False,guest,2
ALT-010298,smartphone,Unknown,fully_patched,False,guest,4
ALT-010299,laptop,iOS 16,fully_patched,False,guest,5
ALT-010300,unknown,unknown,unknown,,unknown,
ALT-010301,laptop,Ubuntu 22.04,fully_patched,True,student,0
ALT-010302,tablet,Android 13,fully_patched,True,student,5
ALT-010303,workstation,iOS 16,partially_patched,True,lab_admin,0
ALT-010304,smartphone,Ubuntu 22.04,unknown,False,guest,3
ALT-010305,laptop,iOS 16,partially_patched,True,student,4
ALT-010306,unknown,Windows 11,partially_patched,False,guest,0
ALT-010307,unknown,Windows 10,fully_patched,False,guest,5
ALT-010308,laptop,Windows 11,unpatched,True,student,1
ALT-010309,smartphone,Ubuntu 22.04,partially_patched,True,student,1
ALT-010310,laptop,Windows 11,unknown,True,student,0
ALT-010311,laptop,Windows 10,fully_patched,False,guest,0
ALT-010312,unknown,unknown,unknown,,unknown,
ALT-010313,smartphone,Windows 10,fully_patched,True,student,3
ALT-010314,smartphone,Ubuntu 22.04,fully_patched,False,guest,0
ALT-010315,laptop,Windows 11,partially_patched,True,student,2
ALT-010316,laptop,Unknown,unknown,True,lab_admin,5
ALT-010317,laptop,Android 13,fully_patched,True,student,2
ALT-010318,unknown,unknown,unknown,,unknown,
ALT-010319,tablet,Windows 10,fully_patched,True,student,5
ALT-010320,unknown,unknown,unknown,,unknown,
ALT-010321,laptop,Windows 11,fully_patched,True,guest,0
ALT-010322,smartphone,macOS 13,partially_patched,True,student,3
ALT-010323,unknown,unknown,unknown,,unknown,
ALT-010324,tablet,Windows 10,partially_patched,True,student,5
ALT-010325,laptop,Windows 10,unpatched,False,guest,4
ALT-010326,laptop,Windows 11,fully_patched,False,guest,5
ALT-010327,smartphone,Android 13,fully_patched,False,guest,5
ALT-010328,workstation,Windows 11,fully_patched,True,faculty,4
ALT-010329,smartphone,Windows 10,fully_patched,False,guest,0
ALT-010330,smartphone,Unknown,fully_patched,True,student,1
ALT-010331,unknown,unknown,unknown,,unknown,
ALT-010332,unknown,unknown,unknown,,unknown,
ALT-010333,unknown,Windows 10,fully_patched,False,guest,1
ALT-010334,unknown,macOS 13,partially_patched,False,guest,5
ALT-010335,unknown,Unknown,fully_patched,False,guest,2
ALT-010336,tablet,Ubuntu 22.04,unpatched,True,student,1
ALT-010337,laptop,Windows 11,unpatched,False,guest,1
ALT-010338,laptop,macOS 13,fully_patched,False,guest,2
ALT-010339,tablet,Windows 10,fully_patched,True,student,3
ALT-010340,unknown,Android 13,fully_patched,False,guest,1
ALT-010341,laptop,iOS 16,unpatched,False,guest,2
ALT-010342,tablet,Android 13,fully_patched,True,student,2
ALT-010343,smartphone,Unknown,partially_patched,True,student,1
ALT-010344,laptop,Unknown,fully_patched,False,guest,0
ALT-010345,tablet,Windows 10,partially_patched,True,student,1
ALT-010346,laptop,macOS 13,partially_patched,False,guest,0
ALT-010347,smartphone,Windows 11,fully_patched,True,student,4
ALT-010348,workstation,iOS 16,unpatched,True,lab_admin,3
ALT-010349,smartphone,Windows 11,fully_patched,False,guest,1
ALT-010350,laptop,Unknown,partially_patched,True,student,3
ALT-010351,smartphone,Windows 11,fully_patched,False,guest,5
ALT-010352,unknown,unknown,unknown,,unknown,
ALT-010353,laptop,Windows 11,fully_patched,False,guest,5
ALT-010354,laptop,Ubuntu 22.04,fully_patched,True,student,2
ALT-010355,smartphone,Ubuntu 22.04,fully_patched,False,guest,4
ALT-010356,laptop,macOS 13,fully_patched,False,guest,2
ALT-010357,unknown,macOS 13,partially_patched,False,guest,1
ALT-010358,smartphone,Android 13,fully_patched,False,guest,5
ALT-010359,smartphone,iOS 16,partially_patched,True,student,0
ALT-010360,laptop,Android 13,partially_patched,True,student,4
ALT-010361,smartphone,Ubuntu 22.04,fully_patched,True,student,1
ALT-010362,laptop,Windows 11,fully_patched,True,student,1
ALT-010363,unknown,Windows 10,fully_patched,False,guest,0
ALT-010364,smartphone,Windows 10,unpatched,False,guest,3
ALT-010365,smartphone,Windows 10,fully_patched,False,guest,0
ALT-010366,unknown,Unknown,fully_patched,False,guest,1
ALT-010367,unknown,Android 13,fully_patched,False,guest,0
ALT-010368,laptop,Windows 10,fully_patched,False,guest,1
ALT-010369,unknown,Ubuntu 22.04,partially_patched,False,guest,0
ALT-010370,laptop,Android 13,partially_patched,False,guest,3
ALT-010371,unknown,unknown,unknown,,unknown,
ALT-010372,smartphone,macOS 13,fully_patched,True,student,1
ALT-010373,unknown,Ubuntu 22.04,unpatched,False,guest,4
ALT-010374,smartphone,Unknown,fully_patched,False,guest,5
ALT-010375,smartphone,iOS 16,partially_patched,True,student,1
ALT-010376,laptop,macOS 13,partially_patched,True,guest,0
ALT-010377,smartphone,iOS 16,partially_patched,True,student,2
ALT-010378,raspberry_pi,macOS 13,unpatched,True,faculty,5
ALT-010379,laptop,macOS 13,fully_patched,False,guest,0
ALT-010380,laptop,macOS 13,unknown,True,student,4
ALT-010381,laptop,macOS 13,partially_patched,True,student,2
ALT-010382,laptop,Ubuntu 22.04,partially_patched,True,student,4
ALT-010383,unknown,Windows 10,fully_patched,False,guest,3
ALT-010384,unknown,Android 13,fully_patched,False,guest,4
ALT-010385,tablet,Ubuntu 22.04,unpatched,True,student,2
ALT-010386,unknown,Ubuntu 22.04,fully_patched,False,guest,0
ALT-010387,tablet,macOS 13,fully_patched,True,student,0
ALT-010388,workstation,Android 13,fully_patched,True,lab_admin,2
ALT-010389,laptop,Ubuntu 22.04,fully_patched,False,guest,0
ALT-010390,smartphone,Windows 10,partially_patched,True,guest,0
ALT-010391,raspberry_pi,Ubuntu 22.04,fully_patched,True,faculty,0
ALT-010392,unknown,Windows 10,fully_patched,False,guest,3
ALT-010393,unknown,Unknown,unpatched,False,guest,8
ALT-010394,laptop,Windows 11,fully_patched,True,student,3
ALT-010395,laptop,Unknown,partially_patched,False,guest,1
ALT-010396,smartphone,Ubuntu 22.04,fully_patched,False,guest,0
ALT-010397,laptop,macOS 13,partially_patched,False,guest,1
ALT-010398,tablet,Ubuntu 22.04,unpatched,True,student,2
ALT-010399,tablet,Android 13,fully_patched,True,student,3
ALT-010400,tablet,macOS 13,fully_patched,True,student,5
ALT-010401,unknown,macOS 13,fully_patched,False,guest,5
ALT-010402,tablet,iOS 16,partially_patched,True,student,4
ALT-010403,smartphone,Ubuntu 22.04,partially_patched,False,guest,4
ALT-010404,laptop,macOS 13,partially_patched,False,guest,1
ALT-010405,unknown,unknown,unknown,,unknown,
ALT-010406,smartphone,Windows 11,unknown,False,guest,4
ALT-010407,smartphone,Windows 10,partially_patched,False,guest,4
ALT-010408,laptop,Windows 10,fully_patched,False,guest,4
ALT-010409,laptop,Unknown,fully_patched,False,guest,3
ALT-010410,smartphone,Unknown,fully_patched,True,student,0
ALT-010411,laptop,Windows 10,fully_patched,True,student,1
ALT-010412,smartphone,Ubuntu 22.04,partially_patched,True,student,0
ALT-010413,laptop,Unknown,partially_patched,False,guest,3
ALT-010414,laptop,iOS 16,partially_patched,False,guest,4
ALT-010415,laptop,macOS 13,unknown,False,guest,2
ALT-010416,laptop,iOS 16,partially_patched,False,guest,3
ALT-010417,unknown,unknown,unknown,,unknown,
ALT-010418,smartphone,Android 13,unpatched,True,student,4
ALT-010419,tablet,Android 13,unpatched,True,student,3
ALT-010420,tablet,Unknown,partially_patched,True,student,4
ALT-010421,laptop,Windows 10,unpatched,True,student,0
ALT-010422,laptop,Windows 10,partially_patched,True,guest,1
ALT-010423,laptop,iOS 16,unpatched,False,guest,4
ALT-010424,laptop,Windows 10,unknown,False,guest,0
ALT-010425,tablet,Unknown,fully_patched,True,student,1
ALT-010426,unknown,unknown,unknown,,unknown,
ALT-010427,tablet,Windows 11,fully_patched,True,student,0
ALT-010428,unknown,Unknown,fully_patched,False,guest,1
ALT-010429,laptop,macOS 13,fully_patched,False,guest,2
ALT-010430,smartphone,Windows 11,partially_patched,True,student,4
ALT-010431,workstation,macOS 13,partially_patched,True,lab_admin,4
ALT-010432,workstation,Windows 10,fully_patched,True,faculty,4
ALT-010433,tablet,iOS 16,unknown,True,student,4
ALT-010434,unknown,macOS 13,fully_patched,False,guest,4
ALT-010435,smartphone,Unknown,fully_patched,False,guest,3
ALT-010436,unknown,iOS 16,fully_patched,False,guest,5
ALT-010437,smartphone,Unknown,fully_patched,True,student,4
ALT-010438,raspberry_pi,Ubuntu 22.04,partially_patched,True,lab_admin,5
ALT-010439,laptop,Windows 10,partially_patched,True,student,0
ALT-010440,tablet,Ubuntu 22.04,fully_patched,True,student,3
ALT-010441,unknown,Unknown,fully_patched,False,guest,2
ALT-010442,laptop,macOS 13,partially_patched,True,student,0
ALT-010443,tablet,Unknown,fully_patched,True,student,0
ALT-010444,smartphone,iOS 16,fully_patched,False,guest,1
ALT-010445,unknown,Android 13,fully_patched,False,guest,2
ALT-010446,unknown,unknown,unknown,,unknown,
ALT-010447,tablet,Windows 10,partially_patched,True,student,2
ALT-010448,unknown,macOS 13,fully_patched,False,guest,5
ALT-010449,laptop,Ubuntu 22.04,fully_patched,False,guest,4
ALT-010450,unknown,unknown,unknown,,unknown,
ALT-010451,laptop,Ubuntu 22.04,fully_patched,False,guest,2
ALT-010452,unknown,unknown,unknown,,unknown,
ALT-010453,laptop,Windows 11,unpatched,False,guest,4
ALT-010454,laptop,Ubuntu 22.04,unpatched,False,guest,4
ALT-010455,smartphone,Ubuntu 22.04,fully_patched,False,guest,2
ALT-010456,smartphone,macOS 13,fully_patched,False,guest,1
ALT-010457,laptop,Windows 11,partially_patched,True,student,1
ALT-010458,laptop,Windows 10,partially_patched,True,lab_admin,4
ALT-010459,smartphone,Windows 11,fully_patched,True,student,2
ALT-010460,tablet,iOS 16,fully_patched,True,student,5
ALT-010461,workstation,Windows 10,unpatched,True,faculty,3
ALT-010462,laptop,Ubuntu 22.04,fully_patched,True,student,3
ALT-010463,unknown,unknown,unknown,,unknown,
ALT-010464,smartphone,Windows 11,fully_patched,False,guest,0
ALT-010465,unknown,unknown,unknown,,unknown,
ALT-010466,laptop,Android 13,fully_patched,True,lab_admin,3
ALT-010467,unknown,unknown,unknown,,unknown,
ALT-010468,unknown,unknown,unknown,,unknown,
ALT-010469,smartphone,macOS 13,partially_patched,False,guest,2
ALT-010470,smartphone,Unknown,partially_patched,True,student,2
ALT-010471,unknown,unknown,unknown,,unknown,
ALT-010472,workstation,Windows 11,unpatched,True,lab_admin,4
ALT-010473,smartphone,Android 13,partially_patched,True,guest,1
ALT-010474,server,Ubuntu 22.04,fully_patched,True,faculty,0
ALT-010475,unknown,unknown,unknown,,unknown,
ALT-010476,raspberry_pi,Unknown,partially_patched,True,faculty,5
ALT-010477,tablet,Windows 11,fully_patched,True,student,5
ALT-010478,smartphone,Windows 10,partially_patched,False,guest,0
ALT-010479,unknown,unknown,unknown,,unknown,
ALT-010480,smartphone,macOS 13,fully_patched,True,student,5
ALT-010481,smartphone,Windows 10,fully_patched,False,guest,0
ALT-010482,smartphone,Ubuntu 22.04,partially_patched,True,student,1
ALT-010483,tablet,Ubuntu 22.04,partially_patched,True,student,3
ALT-010484,laptop,Android 13,fully_patched,True,student,5
ALT-010485,smartphone,Android 13,unknown,False,guest,1
ALT-010486,unknown,Unknown,partially_patched,False,guest,0
ALT-010487,tablet,macOS 13,fully_patched,True,student,5
ALT-010488,smartphone,Android 13,partially_patched,True,student,5
ALT-010489,unknown,Windows 11,unpatched,False,guest,5
ALT-010490,smartphone,Windows 10,fully_patched,False,guest,4
ALT-010491,unknown,unknown,unknown,,unknown,
ALT-010492,smartphone,Unknown,partially_patched,True,student,5
ALT-010493,workstation,macOS 13,fully_patched,True,faculty,1
ALT-010494,smartphone,macOS 13,partially_patched,False,guest,4
ALT-010495,smartphone,Windows 10,partially_patched,False,guest,0
ALT-010496,laptop,Windows 10,fully_patched,False,guest,2
ALT-010497,unknown,Unknown,partially_patched,False,guest,5
ALT-010498,tablet,macOS 13,fully_patched,True,student,1
ALT-010499,smartphone,iOS 16,unpatched,False,guest,0
ALT-010500,smartphone,macOS 13,fully_patched,False,guest,0
ALT-010501,smartphone,Android 13,partially_patched,False,guest,5
ALT-010502,unknown,Android 13,partially_patched,False,guest,4
ALT-010503,tablet,Unknown,partially_patched,True,student,0
ALT-010504,tablet,Windows 10,fully_patched,True,student,1
ALT-010505,smartphone,Unknown,unpatched,True,student,3
ALT-010506,unknown,unknown,unknown,,unknown,
ALT-010507,smartphone,Android 13,fully_patched,False,guest,3
ALT-010508,server,macOS 13,fully_patched,True,faculty,1
ALT-010509,laptop,Unknown,unknown,False,guest,0
ALT-010510,laptop,Unknown,partially_patched,True,student,5
ALT-010511,laptop,iOS 16,partially_patched,True,student,5
ALT-010512,laptop,Unknown,partially_patched,False,guest,4
ALT-010513,laptop,Ubuntu 22.04,fully_patched,True,student,0
ALT-010514,unknown,Unknown,partially_patched,False,guest,4
ALT-010515,laptop,iOS 16,unknown,False,guest,1
ALT-010516,tablet,Ubuntu 22.04,fully_patched,True,student,1
ALT-010517,smartphone,Windows 11,fully_patched,False,guest,4
ALT-010518,smartphone,Unknown,partially_patched,True,student,2
ALT-010519,smartphone,Unknown,partially_patched,False,guest,5
ALT-010520,unknown,Windows 11,fully_patched,False,guest,2
ALT-010521,smartphone,macOS 13,partially_patched,False,guest,5
ALT-010522,smartphone,Windows 11,fully_patched,True,student,5
ALT-010523,workstation,Windows 10,fully_patched,True,faculty,5
ALT-010524,unknown,Windows 11,fully_patched,False,guest,5
ALT-010525,tablet,Unknown,partially_patched,True,student,1
ALT-010526,smartphone,Android 13,fully_patched,False,guest,3
ALT-010527,smartphone,macOS 13,partially_patched,True,student,3
ALT-010528,laptop,Ubuntu 22.04,fully_patched,False,guest,5
ALT-010529,unknown,unknown,unknown,,unknown,
ALT-010530,laptop,macOS 13,unpatched,True,lab_admin,0
ALT-010531,laptop,macOS 13,unknown,False,guest,3
ALT-010532,unknown,unknown,unknown,,unknown,
ALT-010533,smartphone,Unknown,fully_patched,False,guest,4
ALT-010534,smartphone,Unknown,fully_patched,True,student,0
ALT-010535,laptop,Android 13,fully_patched,False,guest,0
ALT-010536,tablet,Windows 11,partially_patched,True,student,5
ALT-010537,laptop,Windows 10,partially_patched,False,guest,4
ALT-010538,unknown,Windows 11,unpatched,False,guest,4
ALT-010539,tablet,Windows 10,fully_patched,True,student,2
ALT-010540,smartphone,iOS 16,fully_patched,False,guest,4
ALT-010541,laptop,Unknown,unpatched,True,student,4
ALT-010542,tablet,Unknown,fully_patched,True,student,4
ALT-010543,laptop,iOS 16,unpatched,True,student,1
ALT-010544,laptop,iOS 16,unpatched,True,student,5
ALT-010545,tablet,Android 13,partially_patched,False,guest,1
ALT-010546,unknown,iOS 16,unpatched,False,guest,5
ALT-010547,unknown,unknown,unknown,,unknown,
ALT-010548,tablet,Android 13,unknown,True,student,4
ALT-010549,laptop,Ubuntu 22.04,unpatched,False,guest,0
ALT-010550,laptop,Unknown,partially_patched,True,student,5
ALT-010551,laptop,Ubuntu 22.04,partially_patched,True,student,2
ALT-010552,laptop,Android 13,fully_patched,False,guest,1
ALT-010553,server,Unknown,partially_patched,True,lab_admin,5
ALT-010554,unknown,macOS 13,unpatched,False,guest,3
ALT-010555,laptop,Ubuntu 22.04,unpatched,True,student,3
ALT-010556,tablet,Android 13,partially_patched,True,student,2
ALT-010557,workstation,Android 13,fully_patched,True,lab_admin,2
ALT-010558,workstation,Ubuntu 22.04,partially_patched,True,faculty,4
ALT-010559,tablet,Android 13,partially_patched,True,guest,0
ALT-010560,laptop,iOS 16,partially_patched,False,guest,5
ALT-010561,smartphone,Android 13,fully_patched,True,student,5
ALT-010562,smartphone,Unknown,fully_patched,True,student,3
ALT-010563,unknown,Windows 10,unpatched,False,guest,3
ALT-010564,workstation,Android 13,fully_patched,True,lab_admin,3
ALT-010565,laptop,Windows 10,fully_patched,True,student,1
ALT-010566,smartphone,Windows 11,partially_patched,False,guest,3
ALT-010567,tablet,Unknown,partially_patched,True,student,3
ALT-010568,tablet,Unknown,fully_patched,True,student,2
ALT-010569,smartphone,Unknown,partially_patched,False,guest,1
ALT-010570,smartphone,Windows 10,fully_patched,True,student,4
ALT-010571,unknown,unknown,unknown,,unknown,
ALT-010572,laptop,Android 13,partially_patched,True,student,1
ALT-010573,laptop,Ubuntu 22.04,fully_patched,False,guest,2
ALT-010574,laptop,Android 13,partially_patched,True,student,4
ALT-010575,unknown,Ubuntu 22.04,unknown,False,guest,0
ALT-010576,unknown,unknown,unknown,,unknown,
ALT-010577,smartphone,macOS 13,fully_patched,False,guest,4
ALT-010578,unknown,Windows 10,partially_patched,False,guest,4
ALT-010579,smartphone,Windows 10,fully_patched,True,student,3
ALT-010580,laptop,Windows 11,fully_patched,False,guest,1
ALT-010581,tablet,Unknown,fully_patched,True,student,4
ALT-010582,unknown,unknown,unknown,,unknown,
ALT-010583,server,macOS 13,partially_patched,True,faculty,0
ALT-010584,laptop,Windows 10,unpatched,False,guest,1
ALT-010585,laptop,Windows 10,fully_patched,False,guest,5
ALT-010586,server,Windows 10,fully_patched,True,faculty,4
ALT-010587,laptop,Windows 11,partially_patched,True,student,5
ALT-010588,laptop,iOS 16,partially_patched,False,guest,1
ALT-010589,smartphone,Unknown,fully_patched,True,student,4
ALT-010590,smartphone,Windows 10,unpatched,False,guest,2
ALT-010591,unknown,macOS 13,partially_patched,False,guest,4
ALT-010592,smartphone,Windows 11,partially_patched,False,guest,3
ALT-010593,tablet,Unknown,fully_patched,True,student,2
ALT-010594,unknown,Android 13,partially_patched,False,guest,3
ALT-010595,unknown,unknown,unknown,,unknown,
ALT-010596,smartphone,Windows 11,partially_patched,True,student,4
ALT-010597,unknown,macOS 13,unknown,False,guest,1
ALT-010598,laptop,macOS 13,fully_patched,True,student,5
ALT-010599,laptop,Windows 10,fully_patched,True,student,4
ALT-010600,laptop,Windows 10,fully_patched,True,student,2
ALT-010601,smartphone,iOS 16,fully_patched,False,guest,2
ALT-010602,workstation,Android 13,partially_patched,True,lab_admin,4
ALT-010603,laptop,Unknown,fully_patched,True,student,2
ALT-010604,unknown,iOS 16,fully_patched,False,guest,0
ALT-010605,smartphone,Unknown,fully_patched,False,guest,2
ALT-010606,smartphone,macOS 13,fully_patched,True,student,5
ALT-010607,unknown,iOS 16,fully_patched,False,guest,5
ALT-010608,laptop,Windows 11,fully_patched,True,faculty,5
ALT-010609,laptop,Unknown,fully_patched,False,guest,3
ALT-010610,laptop,Windows 11,fully_patched,True,student,1
ALT-010611,laptop,iOS 16,partially_patched,False,guest,5
ALT-010612,unknown,unknown,unknown,,unknown,
ALT-010613,unknown,Windows 11,partially_patched,False,guest,1
ALT-010614,unknown,Windows 10,unpatched,False,guest,4
ALT-010615,smartphone,Android 13,fully_patched,False,guest,5
ALT-010616,laptop,Windows 10,unpatched,False,guest,2
ALT-010617,laptop,Windows 10,unpatched,False,guest,1
ALT-010618,tablet,Ubuntu 22.04,fully_patched,True,student,2
ALT-010619,unknown,Android 13,fully_patched,False,guest,2
ALT-010620,laptop,macOS 13,fully_patched,False,guest,2
ALT-010621,laptop,Windows 10,fully_patched,False,guest,5
ALT-010622,laptop,Windows 11,partially_patched,True,student,0
ALT-010623,unknown,macOS 13,fully_patched,False,guest,0
ALT-010624,smartphone,Windows 10,partially_patched,False,guest,2
ALT-010625,smartphone,macOS 13,fully_patched,True,student,4
ALT-010626,unknown,Android 13,partially_patched,False,guest,4
ALT-010627,tablet,Ubuntu 22.04,unpatched,True,student,3
ALT-010628,unknown,Unknown,partially_patched,False,guest,4
ALT-010629,unknown,unknown,unknown,,unknown,
ALT-010630,unknown,Ubuntu 22.04,partially_patched,False,guest,0
ALT-010631,laptop,Unknown,partially_patched,False,guest,1
ALT-010632,tablet,iOS 16,fully_patched,False,guest,0
ALT-010633,smartphone,Unknown,fully_patched,True,student,0
ALT-010634,smartphone,Ubuntu 22.04,fully_patched,False,guest,0
ALT-010635,unknown,Windows 11,fully_patched,False,guest,2
ALT-010636,laptop,Ubuntu 22.04,unknown,False,guest,4
ALT-010637,smartphone,iOS 16,fully_patched,False,guest,0
ALT-010638,unknown,unknown,unknown,,unknown,
ALT-010639,unknown,Unknown,partially_patched,False,guest,5
ALT-010640,smartphone,Windows 10,fully_patched,True,student,1
ALT-010641,laptop,Windows 10,partially_patched,False,guest,0
ALT-010642,smartphone,iOS 16,fully_patched,True,student,1
ALT-010643,workstation,Ubuntu 22.04,unpatched,True,faculty,1
ALT-010644,smartphone,Android 13,fully_patched,False,guest,0
ALT-010645,laptop,Android 13,unpatched,False,guest,3
ALT-010646,unknown,unknown,unknown,,unknown,
ALT-010647,smartphone,macOS 13,partially_patched,True,student,1
ALT-010648,unknown,macOS 13,partially_patched,False,guest,2
ALT-010649,unknown,unknown,unknown,,unknown,
ALT-010650,tablet,Ubuntu 22.04,partially_patched,True,student,1
ALT-010651,tablet,Unknown,partially_patched,True,student,4
ALT-010652,laptop,Windows 10,fully_patched,False,guest,0
ALT-010653,unknown,unknown,unknown,,unknown,
ALT-010654,tablet,Unknown,fully_patched,True,student,4
ALT-010655,laptop,Ubuntu 22.04,partially_patched,True,lab_admin,4
ALT-010656,smartphone,iOS 16,partially_patched,False,guest,1
ALT-010657,tablet,Windows 10,partially_patched,True,student,4
ALT-010658,workstation,Windows 11,unknown,True,faculty,0
ALT-010659,smartphone,Windows 11,fully_patched,False,guest,1
ALT-010660,smartphone,iOS 16,unknown,False,guest,4
ALT-010661,laptop,Ubuntu 22.04,unpatched,False,guest,1
ALT-010662,smartphone,iOS 16,fully_patched,False,guest,1
ALT-010663,laptop,macOS 13,partially_patched,False,guest,0
ALT-010664,laptop,Android 13,fully_patched,False,guest,1
ALT-010665,workstation,Ubuntu 22.04,fully_patched,True,faculty,4
ALT-010666,laptop,Android 13,fully_patched,True,student,2
ALT-010667,smartphone,Windows 11,partially_patched,True,student,0
ALT-010668,unknown,unknown,unknown,,unknown,
ALT-010669,tablet,Windows 10,fully_patched,True,student,1
ALT-010670,server,Android 13,fully_patched,True,lab_admin,3
ALT-010671,laptop,iOS 16,fully_patched,True,student,2
ALT-010672,smartphone,Android 13,unpatched,False,guest,1
ALT-010673,laptop,macOS 13,partially_patched,False,guest,3
ALT-010674,laptop,Windows 10,fully_patched,True,faculty,0
ALT-010675,laptop,iOS 16,fully_patched,True,student,1
ALT-010676,smartphone,Android 13,unpatched,True,student,1
ALT-010677,unknown,iOS 16,partially_patched,False,guest,1
ALT-010678,smartphone,Windows 10,partially_patched,False,guest,1
ALT-010679,laptop,Ubuntu 22.04,unpatched,False,guest,1
ALT-010680,unknown,unknown,unknown,,unknown,
ALT-010681,laptop,Ubuntu 22.04,fully_patched,True,student,3
ALT-010682,tablet,Unknown,partially_patched,True,student,5
ALT-010683,unknown,unknown,unknown,,unknown,
ALT-010684,laptop,Ubuntu 22.04,partially_patched,False,guest,3
ALT-010685,smartphone,iOS 16,unknown,False,guest,4
ALT-010686,tablet,macOS 13,unknown,True,student,1
ALT-010687,smartphone,macOS 13,fully_patched,True,student,1
ALT-010688,tablet,Unknown,partially_patched,True,student,3
ALT-010689,laptop,macOS 13,unpatched,False,guest,0
ALT-010690,laptop,Windows 10,unknown,False,guest,0
ALT-010691,tablet,macOS 13,fully_patched,True,student,2
ALT-010692,smartphone,Android 13,partially_patched,True,student,1
ALT-010693,unknown,macOS 13,unknown,False,guest,4
ALT-010694,smartphone,Windows 10,fully_patched,False,guest,0
ALT-010695,smartphone,macOS 13,fully_patched,True,student,2
ALT-010696,unknown,unknown,unknown,,unknown,
ALT-010697,laptop,Windows 10,partially_patched,True,student,5
ALT-010698,smartphone,Android 13,partially_patched,True,student,0
ALT-010699,raspberry_pi,Android 13,partially_patched,True,lab_admin,2
ALT-010700,smartphone,macOS 13,partially_patched,True,student,2
ALT-010701,tablet,Unknown,partially_patched,True,student,5
ALT-010702,smartphone,macOS 13,partially_patched,True,student,1
ALT-010703,smartphone,iOS 16,unpatched,False,guest,2
ALT-010704,smartphone,iOS 16,fully_patched,False,guest,5
ALT-010705,laptop,Windows 10,partially_patched,False,guest,0
ALT-010706,laptop,Unknown,fully_patched,True,student,0
ALT-010707,workstation,Android 13,fully_patched,True,lab_admin,4
ALT-010708,tablet,Android 13,fully_patched,True,student,0
ALT-010709,workstation,Unknown,fully_patched,True,faculty,3
ALT-010710,smartphone,macOS 13,partially_patched,False,guest,1
ALT-010711,laptop,macOS 13,fully_patched,False,guest,3
ALT-010712,unknown,Windows 11,fully_patched,False,guest,2
ALT-010713,smartphone,Ubuntu 22.04,partially_patched,False,guest,2
ALT-010714,laptop,Android 13,unknown,False,guest,4
ALT-010715,smartphone,Ubuntu 22.04,fully_patched,True,student,1
ALT-010716,unknown,unknown,unknown,,unknown,
ALT-010717,unknown,unknown,unknown,,unknown,
ALT-010718,laptop,iOS 16,fully_patched,False,guest,3
ALT-010719,smartphone,iOS 16,unpatched,False,guest,4
ALT-010720,laptop,Windows 10,partially_patched,True,guest,0
ALT-010721,smartphone,Windows 10,partially_patched,True,guest,0
ALT-010722,smartphone,Windows 11,fully_patched,True,student,5
ALT-010723,smartphone,Unknown,fully_patched,True,student,1
ALT-010724,laptop,Unknown,fully_patched,True,student,1
ALT-010725,laptop,Windows 11,unpatched,True,student,3
ALT-010726,smartphone,macOS 13,unpatched,True,student,3
ALT-010727,workstation,Unknown,fully_patched,True,faculty,2
ALT-010728,unknown,unknown,unknown,,unknown,
ALT-010729,laptop,Unknown,partially_patched,False,guest,4
ALT-010730,unknown,Ubuntu 22.04,partially_patched,False,guest,5
ALT-010731,smartphone,Windows 11,fully_patched,True,student,0
ALT-010732,tablet,iOS 16,partially_patched,True,student,1
ALT-010733,laptop,Windows 10,unpatched,False,guest,1
ALT-010734,laptop,iOS 16,partially_patched,False,guest,3
ALT-010735,unknown,Unknown,fully_patched,False,guest,1
ALT-010736,laptop,iOS 16,partially_patched,True,student,1
ALT-010737,laptop,iOS 16,unpatched,True,student,0
ALT-010738,laptop,Android 13,fully_patched,False,guest,5
ALT-010739,smartphone,macOS 13,partially_patched,False,guest,0
ALT-010740,tablet,macOS 13,fully_patched,True,student,0
ALT-010741,laptop,Android 13,partially_patched,True,student,4
ALT-010742,smartphone,Unknown,fully_patched,True,student,0
ALT-010743,smartphone,macOS 13,unpatched,True,student,1
ALT-010744,unknown,Ubuntu 22.04,partially_patched,False,guest,1
ALT-010745,laptop,iOS 16,fully_patched,False,guest,5
ALT-010746,laptop,iOS 16,fully_patched,True,student,2
ALT-010747,workstation,Unknown,partially_patched,True,faculty,0
ALT-010748,unknown,unknown,unknown,,unknown,
ALT-010749,workstation,Windows 11,fully_patched,True,faculty,2
ALT-010750,unknown,Unknown,fully_patched,False,guest,1
ALT-010751,workstation,Windows 11,fully_patched,True,lab_admin,5
ALT-010752,laptop,Windows 10,partially_patched,True,student,5
ALT-010753,unknown,unknown,unknown,,unknown,
ALT-010754,smartphone,iOS 16,unknown,False,guest,1
ALT-010755,raspberry_pi,Windows 11,fully_patched,True,lab_admin,1
ALT-010756,laptop,Ubuntu 22.04,fully_patched,True,student,4
ALT-010757,laptop,Windows 11,fully_patched,False,guest,2
ALT-010758,tablet,Android 13,unpatched,True,student,3
ALT-010759,unknown,unknown,unknown,,unknown,
ALT-010760,unknown,Android 13,fully_patched,False,guest,1
ALT-010761,smartphone,Windows 11,unknown,True,student,2
ALT-010762,server,macOS 13,unpatched,True,faculty,5
ALT-010763,unknown,unknown,unknown,,unknown,
ALT-010764,laptop,Windows 11,fully_patched,False,guest,1
ALT-010765,raspberry_pi,Windows 10,unknown,True,faculty,2
ALT-010766,laptop,Ubuntu 22.04,partially_patched,True,student,1
ALT-010767,smartphone,Windows 11,partially_patched,True,student,0
ALT-010768,unknown,Ubuntu 22.04,fully_patched,False,guest,4
ALT-010769,smartphone,Unknown,partially_patched,False,guest,3
ALT-010770,workstation,Windows 10,fully_patched,True,faculty,4
ALT-010771,unknown,Android 13,fully_patched,False,guest,3
ALT-010772,smartphone,Android 13,unknown,True,student,0
ALT-010773,smartphone,iOS 16,fully_patched,False,guest,2
ALT-010774,smartphone,Windows 10,fully_patched,False,guest,0
ALT-010775,laptop,Windows 11,partially_patched,False,guest,0
ALT-010776,tablet,macOS 13,unpatched,True,student,1
ALT-010777,tablet,Android 13,partially_patched,True,student,3
ALT-010778,laptop,Windows 10,fully_patched,True,student,0
ALT-010779,unknown,Unknown,partially_patched,False,guest,0
ALT-010780,laptop,Windows 11,fully_patched,False,guest,5
ALT-010781,laptop,Unknown,fully_patched,True,student,3
ALT-010782,smartphone,Android 13,fully_patched,False,guest,4
ALT-010783,unknown,unknown,unknown,,unknown,
ALT-010784,laptop,Windows 10,partially_patched,False,guest,1
ALT-010785,unknown,Ubuntu 22.04,fully_patched,False,guest,5
ALT-010786,unknown,Android 13,fully_patched,False,guest,1
ALT-010787,smartphone,Unknown,unpatched,True,student,2
ALT-010788,server,iOS 16,fully_patched,True,faculty,0
ALT-010789,smartphone,Unknown,fully_patched,False,guest,4
ALT-010790,smartphone,Windows 10,fully_patched,False,guest,2
ALT-010791,unknown,Windows 10,fully_patched,False,guest,1
ALT-010792,laptop,Android 13,partially_patched,False,guest,0
ALT-010793,smartphone,Windows 10,partially_patched,False,guest,4
ALT-010794,smartphone,macOS 13,partially_patched,True,student,0
ALT-010795,unknown,macOS 13,unpatched,False,guest,3
ALT-010796,unknown,unknown,unknown,,unknown,
ALT-010797,server,Windows 11,fully_patched,True,faculty,0
ALT-010798,laptop,iOS 16,fully_patched,False,guest,2
ALT-010799,unknown,macOS 13,fully_patched,False,guest,4
ALT-010800,laptop,Unknown,partially_patched,False,guest,2
ALT-010801,smartphone,Ubuntu 22.04,partially_patched,False,guest,2
ALT-010802,smartphone,Ubuntu 22.04,fully_patched,False,guest,0
ALT-010803,unknown,Unknown,fully_patched,False,guest,5
ALT-010804,workstation,Ubuntu 22.04,unpatched,True,faculty,4
ALT-010805,laptop,macOS 13,fully_patched,True,lab_admin,5
ALT-010806,laptop,iOS 16,unpatched,True,student,3
ALT-010807,laptop,Windows 11,unpatched,False,guest,5
ALT-010808,smartphone,Android 13,unpatched,True,student,0
ALT-010809,smartphone,Windows 11,partially_patched,False,guest,1
ALT-010810,smartphone,iOS 16,partially_patched,False,guest,3
ALT-010811,unknown,iOS 16,partially_patched,False,guest,0
ALT-010812,smartphone,Windows 11,unpatched,False,guest,5
ALT-010813,laptop,iOS 16,fully_patched,True,faculty,0
ALT-010814,unknown,iOS 16,fully_patched,False,guest,3
ALT-010815,laptop,iOS 16,partially_patched,True,student,0
ALT-010816,tablet,macOS 13,unpatched,True,student,5
ALT-010817,laptop,iOS 16,fully_patched,True,student,2
ALT-010818,workstation,Android 13,unpatched,True,lab_admin,0
ALT-010819,smartphone,iOS 16,fully_patched,False,guest,0
ALT-010820,unknown,unknown,unknown,,unknown,
ALT-010821,laptop,Windows 11,fully_patched,True,student,0
ALT-010822,tablet,Unknown,fully_patched,True,student,1
ALT-010823,laptop,Windows 11,partially_patched,False,guest,5
ALT-010824,tablet,macOS 13,partially_patched,True,student,3
ALT-010825,unknown,unknown,unknown,,unknown,
ALT-010826,laptop,iOS 16,fully_patched,True,lab_admin,3
ALT-010827,smartphone,iOS 16,unpatched,True,student,5
ALT-010828,laptop,macOS 13,unpatched,False,guest,5
ALT-010829,laptop,Android 13,fully_patched,True,student,1
ALT-010830,unknown,Windows 10,fully_patched,False,guest,3
ALT-010831,laptop,iOS 16,partially_patched,False,guest,1
ALT-010832,laptop,Windows 11,fully_patched,False,guest,1
ALT-010833,tablet,Android 13,unpatched,True,student,5
ALT-010834,laptop,macOS 13,fully_patched,False,guest,1
ALT-010835,unknown,Android 13,partially_patched,False,guest,2
ALT-010836,laptop,Unknown,unpatched,True,student,2
ALT-010837,unknown,Ubuntu 22.04,fully_patched,False,guest,5
ALT-010838,tablet,Android 13,partially_patched,True,student,0
ALT-010839,smartphone,macOS 13,unpatched,False,guest,5
ALT-010840,smartphone,Ubuntu 22.04,fully_patched,False,guest,3
ALT-010841,unknown,Ubuntu 22.04,unknown,False,guest,0
ALT-010842,laptop,Windows 11,partially_patched,True,student,2
ALT-010843,smartphone,iOS 16,fully_patched,False,guest,5
ALT-010844,unknown,Windows 11,unpatched,False,guest,2
ALT-010845,smartphone,Unknown,fully_patched,False,guest,5
ALT-010846,smartphone,Ubuntu 22.04,fully_patched,False,guest,1
ALT-010847,smartphone,Unknown,unknown,False,guest,4
ALT-010848,tablet,iOS 16,fully_patched,True,student,5
ALT-010849,tablet,Unknown,partially_patched,True,student,5
ALT-010850,server,Windows 10,partially_patched,True,lab_admin,3
ALT-010851,smartphone,Unknown,partially_patched,False,guest,4
ALT-010852,laptop,Windows 10,fully_patched,False,guest,5
ALT-010853,server,Windows 11,unknown,True,lab_admin,3
ALT-010854,tablet,Android 13,unknown,True,student,1
ALT-010855,smartphone,iOS 16,fully_patched,True,student,3
ALT-010856,laptop,Windows 10,fully_patched,True,student,2
ALT-010857,laptop,iOS 16,unpatched,True,student,1
ALT-010858,laptop,Windows 10,fully_patched,True,guest,0
ALT-010859,smartphone,Android 13,fully_patched,True,student,1
ALT-010860,unknown,unknown,unknown,,unknown,
ALT-010861,tablet,Windows 11,fully_patched,True,student,5
ALT-010862,smartphone,Windows 10,unpatched,False,guest,4
ALT-010863,unknown,unknown,unknown,,unknown,
ALT-010864,unknown,unknown,unknown,,unknown,
ALT-010865,laptop,iOS 16,fully_patched,True,student,3
ALT-010866,unknown,Windows 11,fully_patched,False,guest,0
ALT-010867,smartphone,macOS 13,fully_patched,False,guest,0
ALT-010868,smartphone,Android 13,partially_patched,False,guest,5
ALT-010869,tablet,macOS 13,unpatched,True,student,2
ALT-010870,smartphone,iOS 16,fully_patched,True,student,1
ALT-010871,tablet,Android 13,unknown,True,student,5
ALT-010872,tablet,Android 13,partially_patched,True,student,5
ALT-010873,tablet,Windows 11,fully_patched,True,student,4
ALT-010874,workstation,macOS 13,partially_patched,True,faculty,4
ALT-010875,tablet,Windows 11,fully_patched,True,student,0
ALT-010876,smartphone,Unknown,partially_patched,False,guest,3
ALT-010877,tablet,Unknown,partially_patched,True,student,1
ALT-010878,laptop,Windows 10,unpatched,True,student,4
ALT-010879,unknown,unknown,unknown,,unknown,
ALT-010880,tablet,Windows 11,fully_patched,True,student,4
ALT-010881,smartphone,Android 13,partially_patched,False,guest,3
ALT-010882,laptop,Windows 10,fully_patched,False,guest,3
ALT-010883,tablet,Ubuntu 22.04,fully_patched,True,student,3
ALT-010884,laptop,Unknown,partially_patched,False,guest,1
ALT-010885,smartphone,iOS 16,unknown,False,guest,2
ALT-010886,laptop,Ubuntu 22.04,partially_patched,True,student,3
ALT-010887,laptop,Windows 11,fully_patched,True,student,3
ALT-010888,unknown,iOS 16,fully_patched,False,guest,4
ALT-010889,unknown,Unknown,fully_patched,False,guest,3
ALT-010890,unknown,unknown,unknown,,unknown,
ALT-010891,smartphone,macOS 13,fully_patched,False,guest,1
ALT-010892,tablet,iOS 16,fully_patched,True,student,2
ALT-010893,smartphone,Unknown,unpatched,False,guest,1
ALT-010894,laptop,Unknown,unpatched,False,guest,1
ALT-010895,laptop,Windows 11,unpatched,False,guest,0
ALT-010896,smartphone,macOS 13,unpatched,True,student,3
ALT-010897,smartphone,Ubuntu 22.04,fully_patched,False,guest,5
ALT-010898,tablet,Android 13,partially_patched,True,student,4
ALT-010899,smartphone,Windows 10,fully_patched,True,student,4
ALT-010900,unknown,Windows 10,partially_patched,False,guest,0
ALT-010901,tablet,Unknown,fully_patched,True,student,5
ALT-010902,laptop,Windows 10,unknown,True,lab_admin,0
ALT-010903,unknown,unknown,unknown,,unknown,
ALT-010904,tablet,Windows 11,unknown,True,student,3
ALT-010905,smartphone,Android 13,unknown,True,student,4
ALT-010906,unknown,unknown,unknown,,unknown,
ALT-010907,server,Android 13,fully_patched,True,lab_admin,0
ALT-010908,smartphone,Android 13,fully_patched,True,student,4
ALT-010909,unknown,Windows 10,fully_patched,False,guest,0
ALT-010910,smartphone,macOS 13,fully_patched,True,student,2
ALT-010911,unknown,unknown,unknown,,unknown,
ALT-010912,raspberry_pi,Windows 11,fully_patched,True,lab_admin,4
ALT-010913,laptop,Windows 11,fully_patched,False,guest,1
ALT-010914,laptop,macOS 13,fully_patched,False,guest,5
ALT-010915,laptop,Unknown,fully_patched,False,guest,0
ALT-010916,smartphone,Unknown,unpatched,False,guest,2
ALT-010917,smartphone,Android 13,fully_patched,False,guest,4
ALT-010918,smartphone,macOS 13,fully_patched,False,guest,3
ALT-010919,unknown,unknown,unknown,,unknown,
ALT-010920,laptop,Windows 10,fully_patched,True,student,3
ALT-010921,laptop,Android 13,partially_patched,False,guest,2
ALT-010922,smartphone,Ubuntu 22.04,fully_patched,False,guest,5
ALT-010923,laptop,macOS 13,partially_patched,True,guest,0
ALT-010924,unknown,Windows 10,partially_patched,False,guest,3
ALT-010925,smartphone,Ubuntu 22.04,fully_patched,True,student,5
ALT-010926,tablet,Android 13,fully_patched,True,student,2
ALT-010927,laptop,Ubuntu 22.04,fully_patched,True,student,0
ALT-010928,smartphone,Windows 10,fully_patched,False,guest,5
ALT-010929,laptop,macOS 13,fully_patched,True,student,5
ALT-010930,laptop,Windows 11,fully_patched,False,guest,0
ALT-010931,unknown,unknown,unknown,,unknown,
ALT-010932,unknown,unknown,unknown,,unknown,
ALT-010933,laptop,Windows 11,unpatched,True,student,0
ALT-010934,smartphone,iOS 16,partially_patched,False,guest,2
ALT-010935,unknown,unknown,unknown,,unknown,
ALT-010936,unknown,iOS 16,partially_patched,False,guest,1
ALT-010937,smartphone,Unknown,fully_patched,True,student,2
ALT-010938,tablet,Unknown,fully_patched,True,student,4
ALT-010939,smartphone,Ubuntu 22.04,fully_patched,False,guest,0
ALT-010940,laptop,macOS 13,fully_patched,False,guest,2
ALT-010941,smartphone,iOS 16,fully_patched,True,student,0
ALT-010942,unknown,unknown,unknown,,unknown,
ALT-010943,unknown,macOS 13,fully_patched,False,guest,3
ALT-010944,smartphone,Windows 11,fully_patched,False,guest,1
ALT-010945,workstation,Ubuntu 22.04,partially_patched,True,lab_admin,1
ALT-010946,tablet,Windows 11,fully_patched,True,student,0
ALT-010947,tablet,macOS 13,unpatched,True,student,5
ALT-010948,server,Android 13,fully_patched,True,faculty,2
ALT-010949,unknown,Ubuntu 22.04,unknown,False,guest,4
ALT-010950,laptop,Windows 11,fully_patched,True,student,0
ALT-010951,laptop,iOS 16,fully_patched,False,guest,4
ALT-010952,laptop,Unknown,unknown,False,guest,5
ALT-010953,workstation,macOS 13,fully_patched,True,lab_admin,0
ALT-010954,tablet,iOS 16,fully_patched,True,guest,1
ALT-010955,smartphone,Unknown,fully_patched,False,guest,2
ALT-010956,laptop,iOS 16,partially_patched,True,student,0
ALT-010957,unknown,unknown,unknown,,unknown,
ALT-010958,workstation,macOS 13,fully_patched,True,lab_admin,5
ALT-010959,smartphone,Windows 11,unknown,True,student,1
ALT-010960,smartphone,Unknown,fully_patched,True,student,2
ALT-010961,raspberry_pi,Unknown,fully_patched,True,faculty,0
ALT-010962,laptop,Ubuntu 22.04,partially_patched,False,guest,2
ALT-010963,smartphone,macOS 13,unknown,True,student,3
ALT-010964,laptop,iOS 16,partially_patched,False,guest,0
ALT-010965,tablet,Android 13,unknown,True,student,0
ALT-010966,smartphone,Android 13,partially_patched,True,student,0
ALT-010967,laptop,Unknown,unknown,True,student,4
ALT-010968,laptop,iOS 16,fully_patched,False,guest,0
ALT-010969,laptop,Ubuntu 22.04,partially_patched,False,guest,1
ALT-010970,unknown,Android 13,unpatched,False,guest,5
ALT-010971,unknown,Android 13,fully_patched,False,guest,4
ALT-010972,laptop,Ubuntu 22.04,fully_patched,False,guest,2
ALT-010973,server,Windows 10,partially_patched,True,faculty,4
ALT-010974,laptop,Ubuntu 22.04,partially_patched,True,faculty,0
ALT-010975,tablet,Windows 10,fully_patched,True,guest,1
ALT-010976,laptop,Ubuntu 22.04,fully_patched,False,guest,0
ALT-010977,laptop,Windows 11,unpatched,True,faculty,1
ALT-010978,smartphone,Ubuntu 22.04,fully_patched,True,student,3
ALT-010979,tablet,iOS 16,fully_patched,False,guest,1
ALT-010980,unknown,unknown,unknown,,unknown,
ALT-010981,laptop,Android 13,partially_patched,True,student,2
ALT-010982,unknown,unknown,unknown,,unknown,
ALT-010983,smartphone,Windows 11,unpatched,False,guest,0
ALT-010984,smartphone,Ubuntu 22.04,fully_patched,True,student,3
ALT-010985,smartphone,Unknown,unpatched,True,student,5
ALT-010986,smartphone,iOS 16,fully_patched,True,guest,0
ALT-010987,unknown,unknown,unknown,,unknown,
ALT-010988,laptop,Windows 11,unpatched,False,guest,5
ALT-010989,tablet,Windows 11,partially_patched,True,student,5
ALT-010990,laptop,iOS 16,fully_patched,False,guest,0
ALT-010991,laptop,Android 13,fully_patched,True,student,3
ALT-010992,laptop,Ubuntu 22.04,partially_patched,False,guest,4
ALT-010993,laptop,Android 13,partially_patched,True,student,2
ALT-010994,smartphone,Unknown,fully_patched,False,guest,4
ALT-010995,unknown,Windows 10,partially_patched,False,guest,5
ALT-010996,unknown,Windows 10,unpatched,False,guest,4
ALT-010997,smartphone,Windows 11,partially_patched,True,student,0
ALT-010998,server,Ubuntu 22.04,fully_patched,True,faculty,4
ALT-010999,unknown,unknown,unknown,,unknown,
ALT-011000,smartphone,Android 13,fully_patched,False,guest,1
ALT-011001,smartphone,Windows 10,partially_patched,False,guest,1
ALT-011002,smartphone,iOS 16,partially_patched,True,student,1
ALT-011003,tablet,iOS 16,unknown,True,student,5
ALT-011004,unknown,Android 13,fully_patched,False,guest,1
ALT-011005,unknown,unknown,unknown,,unknown,
ALT-011006,laptop,iOS 16,fully_patched,False,guest,5
ALT-011007,laptop,Unknown,fully_patched,False,guest,2
ALT-011008,tablet,iOS 16,fully_patched,True,student,4
ALT-011009,laptop,iOS 16,partially_patched,True,faculty,4
ALT-011010,unknown,unknown,unknown,,unknown,
ALT-011011,smartphone,Android 13,partially_patched,False,guest,2
ALT-011012,smartphone,macOS 13,fully_patched,False,guest,1
ALT-011013,smartphone,iOS 16,fully_patched,True,student,2
ALT-011014,smartphone,Windows 10,fully_patched,False,guest,2
ALT-011015,unknown,macOS 13,unpatched,False,guest,3
ALT-011016,laptop,macOS 13,unknown,False,guest,0
ALT-011017,unknown,iOS 16,unpatched,False,guest,1
ALT-011018,unknown,macOS 13,fully_patched,False,guest,0
ALT-011019,tablet,Windows 11,fully_patched,True,student,4
ALT-011020,laptop,Ubuntu 22.04,fully_patched,False,guest,1
ALT-011021,smartphone,Ubuntu 22.04,partially_patched,True,student,0
ALT-011022,laptop,Android 13,fully_patched,False,guest,1
ALT-011023,smartphone,Windows 11,fully_patched,True,student,2
ALT-011024,smartphone,macOS 13,fully_patched,False,guest,3
ALT-011025,smartphone,Unknown,unpatched,False,guest,3
ALT-011026,workstation,Unknown,unknown,True,faculty,1
ALT-011027,unknown,iOS 16,fully_patched,False,guest,4
ALT-011028,laptop,Windows 10,fully_patched,True,student,1
ALT-011029,unknown,unknown,unknown,,unknown,
ALT-011030,smartphone,Windows 11,fully_patched,True,student,3
ALT-011031,laptop,Unknown,partially_patched,True,student,4
ALT-011032,raspberry_pi,Ubuntu 22.04,partially_patched,True,lab_admin,5
ALT-011033,smartphone,Ubuntu 22.04,partially_patched,False,guest,1
ALT-011034,smartphone,Android 13,partially_patched,False,guest,0
ALT-011035,smartphone,Windows 11,partially_patched,False,guest,5
ALT-011036,smartphone,Windows 11,unpatched,False,guest,1
ALT-011037,unknown,unknown,unknown,,unknown,
ALT-011038,unknown,Windows 11,fully_patched,False,guest,0
ALT-011039,smartphone,macOS 13,fully_patched,True,student,2
ALT-011040,unknown,macOS 13,partially_patched,False,guest,0
ALT-011041,laptop,Windows 11,fully_patched,False,guest,3
ALT-011042,tablet,Unknown,partially_patched,True,student,2
ALT-011043,smartphone,iOS 16,fully_patched,True,student,4
ALT-011044,laptop,Android 13,unpatched,True,faculty,3
ALT-011045,laptop,Windows 11,partially_patched,True,student,0
ALT-011046,laptop,iOS 16,fully_patched,True,student,5
ALT-011047,laptop,Android 13,fully_patched,True,student,0
ALT-011048,tablet,Windows 10,fully_patched,True,guest,0
ALT-011049,laptop,iOS 16,partially_patched,True,guest,0
ALT-011050,laptop,Windows 10,fully_patched,True,student,1
ALT-011051,unknown,macOS 13,partially_patched,False,guest,4
ALT-011052,smartphone,Windows 11,fully_patched,False,guest,1
ALT-011053,unknown,Unknown,fully_patched,False,guest,0
ALT-011054,unknown,Windows 11,fully_patched,False,guest,2
ALT-011055,unknown,Windows 11,partially_patched,False,guest,4
ALT-011056,laptop,Ubuntu 22.04,fully_patched,True,student,3
ALT-011057,laptop,Unknown,partially_patched,False,guest,5
ALT-011058,smartphone,macOS 13,fully_patched,True,student,5
ALT-011059,unknown,Ubuntu 22.04,fully_patched,False,guest,4
ALT-011060,unknown,Ubuntu 22.04,partially_patched,False,guest,4
ALT-011061,laptop,Windows 10,partially_patched,False,guest,2
ALT-011062,smartphone,Windows 10,unknown,False,guest,3
ALT-011063,unknown,unknown,unknown,,unknown,
ALT-011064,laptop,macOS 13,unpatched,False,guest,0
ALT-011065,smartphone,Unknown,unpatched,True,student,1
ALT-011066,unknown,Windows 10,partially_patched,False,guest,5
ALT-011067,smartphone,Windows 11,fully_patched,True,student,4
ALT-011068,laptop,Windows 11,unpatched,False,guest,1
ALT-011069,laptop,iOS 16,fully_patched,True,faculty,2
ALT-011070,smartphone,Windows 11,fully_patched,True,student,5
ALT-011071,smartphone,Android 13,unknown,False,guest,4
ALT-011072,smartphone,Windows 11,partially_patched,False,guest,1
ALT-011073,unknown,iOS 16,unpatched,False,guest,2
ALT-011074,unknown,macOS 13,partially_patched,False,guest,0
ALT-011075,smartphone,iOS 16,unpatched,False,guest,0
ALT-011076,unknown,Windows 11,unpatched,False,guest,0
ALT-011077,unknown,Ubuntu 22.04,fully_patched,False,guest,4
ALT-011078,unknown,unknown,unknown,,unknown,
ALT-011079,smartphone,iOS 16,fully_patched,True,student,3
ALT-011080,laptop,Ubuntu 22.04,partially_patched,False,guest,5
ALT-011081,tablet,Ubuntu 22.04,unpatched,True,student,4
ALT-011082,smartphone,Ubuntu 22.04,unknown,True,student,0
ALT-011083,laptop,Ubuntu 22.04,fully_patched,False,guest,3
ALT-011084,laptop,Ubuntu 22.04,fully_patched,True,student,0
ALT-011085,unknown,macOS 13,partially_patched,False,guest,5
ALT-011086,tablet,macOS 13,unpatched,True,student,4
ALT-011087,smartphone,Ubuntu 22.04,partially_patched,True,student,0
ALT-011088,workstation,Ubuntu 22.04,fully_patched,True,faculty,2
ALT-011089,laptop,iOS 16,partially_patched,False,guest,4
ALT-011090,laptop,Android 13,fully_patched,True,student,0
ALT-011091,workstation,macOS 13,fully_patched,True,lab_admin,2
ALT-011092,laptop,Unknown,partially_patched,True,student,0
ALT-011093,tablet,macOS 13,fully_patched,True,student,0
ALT-011094,unknown,unknown,unknown,,unknown,
ALT-011095,workstation,iOS 16,fully_patched,True,faculty,2
ALT-011096,laptop,Windows 10,fully_patched,False,guest,0
ALT-011097,laptop,iOS 16,fully_patched,False,guest,1
ALT-011098,laptop,Windows 10,unpatched,False,guest,1
ALT-011099,smartphone,iOS 16,fully_patched,False,guest,3
ALT-011100,smartphone,Ubuntu 22.04,fully_patched,False,guest,5
ALT-011101,smartphone,macOS 13,fully_patched,False,guest,0
ALT-011102,server,macOS 13,fully_patched,True,lab_admin,0
ALT-011103,unknown,unknown,unknown,,unknown,
ALT-011104,unknown,Ubuntu 22.04,partially_patched,False,guest,5
ALT-011105,smartphone,Windows 11,fully_patched,False,guest,5
ALT-011106,unknown,Unknown,fully_patched,False,guest,0
ALT-011107,workstation,Ubuntu 22.04,fully_patched,True,faculty,4
ALT-011108,laptop,Android 13,partially_patched,False,guest,0
ALT-011109,unknown,unknown,unknown,,unknown,
ALT-011110,unknown,unknown,unknown,,unknown,
ALT-011111,laptop,iOS 16,partially_patched,False,guest,2
ALT-011112,unknown,Unknown,unpatched,False,guest,5
ALT-011113,smartphone,Windows 10,partially_patched,False,guest,5
ALT-011114,tablet,Android 13,partially_patched,True,student,3
ALT-011115,smartphone,Ubuntu 22.04,partially_patched,True,student,4
ALT-011116,laptop,iOS 16,unknown,False,guest,4
ALT-011117,smartphone,Windows 10,partially_patched,True,student,5
ALT-011118,server,macOS 13,fully_patched,True,lab_admin,5
ALT-011119,unknown,unknown,unknown,,unknown,
ALT-011120,laptop,Windows 11,fully_patched,False,guest,1
ALT-011121,unknown,Windows 11,partially_patched,False,guest,2
ALT-011122,laptop,macOS 13,unknown,True,student,3
ALT-011123,laptop,Unknown,fully_patched,True,student,4
ALT-011124,laptop,Android 13,partially_patched,False,guest,0
ALT-011125,unknown,unknown,unknown,,unknown,
ALT-011126,smartphone,macOS 13,unpatched,True,student,5
ALT-011127,unknown,Android 13,partially_patched,False,guest,4
ALT-011128,workstation,Windows 11,partially_patched,True,faculty,0
ALT-011129,workstation,Unknown,fully_patched,True,lab_admin,1
ALT-011130,smartphone,macOS 13,unknown,True,student,5
ALT-011131,smartphone,macOS 13,fully_patched,True,student,0
ALT-011132,server,Ubuntu 22.04,fully_patched,True,faculty,0
ALT-011133,smartphone,iOS 16,fully_patched,False,guest,4
ALT-011134,smartphone,Windows 11,fully_patched,True,student,0
ALT-011135,laptop,Windows 11,fully_patched,True,student,5
ALT-011136,unknown,unknown,unknown,,unknown,
ALT-011137,laptop,Ubuntu 22.04,fully_patched,True,student,5
ALT-011138,unknown,Ubuntu 22.04,fully_patched,False,guest,3
ALT-011139,smartphone,Unknown,partially_patched,False,guest,1
ALT-011140,tablet,iOS 16,fully_patched,True,student,5
ALT-011141,server,Unknown,partially_patched,True,faculty,3
ALT-011142,unknown,Windows 11,unpatched,False,guest,0
ALT-011143,smartphone,macOS 13,unpatched,True,student,2
ALT-011144,workstation,Android 13,fully_patched,True,faculty,2
ALT-011145,workstation,Windows 11,fully_patched,True,faculty,0
ALT-011146,smartphone,Windows 10,unpatched,False,guest,1
ALT-011147,smartphone,Unknown,fully_patched,True,student,3
ALT-011148,unknown,Windows 10,fully_patched,False,guest,4
ALT-011149,laptop,Ubuntu 22.04,unknown,True,student,2
ALT-011150,smartphone,Windows 11,fully_patched,False,guest,2
ALT-011151,smartphone,Ubuntu 22.04,fully_patched,True,student,1
ALT-011152,unknown,unknown,unknown,,unknown,
ALT-011153,smartphone,Android 13,fully_patched,False,guest,2
ALT-011154,smartphone,Ubuntu 22.04,fully_patched,False,guest,2
ALT-011155,server,Windows 11,fully_patched,True,faculty,0
ALT-011156,unknown,unknown,unknown,,unknown,
ALT-011157,smartphone,Windows 10,fully_patched,True,guest,1
ALT-011158,laptop,Windows 10,unpatched,True,student,2
ALT-011159,workstation,Windows 10,fully_patched,True,lab_admin,1
ALT-011160,unknown,unknown,unknown,,unknown,
ALT-011161,laptop,Unknown,unknown,True,student,1
ALT-011162,unknown,Ubuntu 22.04,unknown,False,guest,1
ALT-011163,laptop,Windows 10,fully_patched,False,guest,1
ALT-011164,unknown,unknown,unknown,,unknown,
ALT-011165,laptop,Ubuntu 22.04,partially_patched,False,guest,1
ALT-011166,smartphone,Windows 10,partially_patched,True,student,0
ALT-011167,smartphone,Unknown,fully_patched,False,guest,2
ALT-011168,laptop,Ubuntu 22.04,fully_patched,False,guest,4
ALT-011169,laptop,Ubuntu 22.04,unknown,False,guest,4
ALT-011170,smartphone,Ubuntu 22.04,fully_patched,False,guest,4
ALT-011171,unknown,unknown,unknown,,unknown,
ALT-011172,laptop,iOS 16,fully_patched,True,student,5
ALT-011173,laptop,Unknown,unpatched,False,guest,3
ALT-011174,unknown,Windows 10,partially_patched,False,guest,0
ALT-011175,workstation,Windows 11,fully_patched,True,faculty,2
ALT-011176,laptop,Windows 10,fully_patched,True,student,1
ALT-011177,smartphone,Unknown,fully_patched,False,guest,3
ALT-011178,smartphone,Windows 10,partially_patched,False,guest,3
ALT-011179,smartphone,iOS 16,fully_patched,True,student,0
ALT-011180,smartphone,iOS 16,fully_patched,True,student,0
ALT-011181,unknown,Ubuntu 22.04,partially_patched,False,guest,4
ALT-011182,unknown,unknown,unknown,,unknown,
ALT-011183,smartphone,macOS 13,unpatched,False,guest,4
ALT-011184,unknown,macOS 13,partially_patched,False,guest,5
ALT-011185,unknown,unknown,unknown,,unknown,
ALT-011186,server,Android 13,unpatched,True,lab_admin,4
ALT-011187,unknown,unknown,unknown,,unknown,
ALT-011188,unknown,unknown,unknown,,unknown,
ALT-011189,tablet,Android 13,partially_patched,False,guest,0
ALT-011190,laptop,Ubuntu 22.04,unpatched,False,guest,3
ALT-011191,unknown,Windows 10,fully_patched,False,guest,4
ALT-011192,unknown,unknown,unknown,,unknown,
ALT-011193,smartphone,Android 13,partially_patched,True,guest,1
ALT-011194,smartphone,Windows 10,fully_patched,False,guest,4
ALT-011195,tablet,Unknown,fully_patched,True,student,5
ALT-011196,tablet,Windows 10,unpatched,True,student,3
ALT-011197,unknown,Windows 11,partially_patched,False,guest,3
ALT-011198,laptop,iOS 16,unpatched,False,guest,3
ALT-011199,smartphone,macOS 13,partially_patched,False,guest,5
ALT-011200,smartphone,Unknown,unknown,False,guest,2
ALT-011201,unknown,unknown,unknown,,unknown,
ALT-011202,unknown,Ubuntu 22.04,unpatched,False,guest,1
ALT-011203,tablet,Android 13,fully_patched,True,student,4
ALT-011204,smartphone,Windows 10,fully_patched,True,guest,1
ALT-011205,smartphone,Ubuntu 22.04,partially_patched,False,guest,1
ALT-011206,laptop,iOS 16,partially_patched,True,student,5
ALT-011207,laptop,Windows 10,fully_patched,False,guest,0
ALT-011208,unknown,Windows 11,fully_patched,False,guest,4
ALT-011209,unknown,Unknown,fully_patched,False,guest,1
ALT-011210,unknown,unknown,unknown,,unknown,
ALT-011211,smartphone,Windows 10,unknown,True,student,0
ALT-011212,laptop,Windows 11,unpatched,False,guest,0
ALT-011213,unknown,iOS 16,partially_patched,False,guest,5
ALT-011214,unknown,unknown,unknown,,unknown,
ALT-011215,smartphone,Windows 10,fully_patched,True,student,5
ALT-011216,smartphone,macOS 13,fully_patched,False,guest,2
ALT-011217,workstation,Android 13,partially_patched,True,lab_admin,5
ALT-011218,laptop,iOS 16,partially_patched,False,guest,2
ALT-011219,unknown,Unknown,partially_patched,False,guest,2
ALT-011220,laptop,Android 13,partially_patched,False,guest,1
ALT-011221,smartphone,iOS 16,fully_patched,False,guest,4
ALT-011222,tablet,iOS 16,unknown,True,student,5
ALT-011223,tablet,Android 13,fully_patched,True,student,1
ALT-011224,laptop,Android 13,fully_patched,True,student,2
ALT-011225,laptop,Unknown,fully_patched,True,student,1
ALT-011226,unknown,Windows 10,unknown,False,guest,4
ALT-011227,laptop,Windows 10,partially_patched,True,student,4
ALT-011228,laptop,Windows 10,partially_patched,False,guest,3
ALT-011229,unknown,Ubuntu 22.04,fully_patched,False,guest,0
ALT-011230,laptop,macOS 13,unpatched,True,student,3
ALT-011231,server,iOS 16,fully_patched,True,faculty,1
ALT-011232,workstation,macOS 13,fully_patched,True,faculty,3
ALT-011233,laptop,Windows 11,fully_patched,False,guest,2
ALT-011234,unknown,Ubuntu 22.04,partially_patched,False,guest,1
ALT-011235,laptop,Ubuntu 22.04,fully_patched,False,guest,4
ALT-011236,laptop,Unknown,unpatched,False,guest,1
ALT-011237,laptop,Windows 10,fully_patched,True,student,2
ALT-011238,unknown,unknown,unknown,,unknown,
ALT-011239,laptop,macOS 13,fully_patched,False,guest,3
ALT-011240,unknown,unknown,unknown,,unknown,
ALT-011241,tablet,iOS 16,partially_patched,False,guest,1
ALT-011242,laptop,macOS 13,unknown,False,guest,3
ALT-011243,tablet,Windows 10,partially_patched,False,guest,0
ALT-011244,laptop,macOS 13,fully_patched,False,guest,5
ALT-011245,unknown,macOS 13,fully_patched,False,guest,5
ALT-011246,smartphone,Windows 10,fully_patched,False,guest,0
ALT-011247,smartphone,Windows 10,fully_patched,True,student,1
ALT-011248,laptop,Android 13,fully_patched,True,student,0
ALT-011249,laptop,Windows 10,fully_patched,False,guest,3
ALT-011250,smartphone,Unknown,partially_patched,True,student,1
ALT-011251,laptop,Windows 11,fully_patched,True,student,4
ALT-011252,server,Windows 11,partially_patched,True,faculty,3
ALT-011253,unknown,iOS 16,partially_patched,False,guest,0
ALT-011254,unknown,Ubuntu 22.04,partially_patched,False,guest,0
ALT-011255,smartphone,Android 13,fully_patched,False,guest,0
ALT-011256,unknown,unknown,unknown,,unknown,
ALT-011257,smartphone,Android 13,unknown,False,guest,5
ALT-011258,laptop,Ubuntu 22.04,unpatched,False,guest,2
ALT-011259,unknown,unknown,unknown,,unknown,
ALT-011260,smartphone,Windows 10,fully_patched,False,guest,2
ALT-011261,smartphone,Windows 10,unpatched,False,guest,2
ALT-011262,unknown,Windows 11,partially_patched,False,guest,4
ALT-011263,unknown,Windows 10,fully_patched,False,guest,2
ALT-011264,laptop,Windows 10,partially_patched,True,student,2
ALT-011265,smartphone,Unknown,partially_patched,True,student,5
ALT-011266,smartphone,Windows 10,fully_patched,False,guest,2
ALT-011267,laptop,Unknown,fully_patched,False,guest,4
ALT-011268,laptop,Ubuntu 22.04,partially_patched,True,student,3
ALT-011269,smartphone,Windows 10,partially_patched,False,guest,2
ALT-011270,smartphone,Ubuntu 22.04,fully_patched,False,guest,0
ALT-011271,workstation,Windows 11,fully_patched,True,lab_admin,3
ALT-011272,smartphone,iOS 16,partially_patched,True,student,3
ALT-011273,tablet,Android 13,partially_patched,True,guest,1
ALT-011274,tablet,Windows 11,partially_patched,True,student,2
ALT-011275,laptop,Unknown,partially_patched,False,guest,4
ALT-011276,tablet,macOS 13,fully_patched,True,student,4
ALT-011277,laptop,Windows 11,fully_patched,True,student,4
ALT-011278,smartphone,Windows 11,partially_patched,True,student,5
ALT-011279,laptop,Unknown,partially_patched,False,guest,0
ALT-011280,smartphone,iOS 16,partially_patched,True,student,5
ALT-011281,smartphone,Windows 10,fully_patched,True,student,3
ALT-011282,laptop,Windows 11,fully_patched,True,student,0
ALT-011283,smartphone,iOS 16,fully_patched,False,guest,5
ALT-011284,unknown,unknown,unknown,,unknown,
ALT-011285,unknown,unknown,unknown,,unknown,
ALT-011286,unknown,Windows 11,fully_patched,False,guest,1
ALT-011287,laptop,macOS 13,fully_patched,True,student,0
ALT-011288,unknown,macOS 13,fully_patched,False,guest,3
ALT-011289,smartphone,Ubuntu 22.04,fully_patched,True,student,4
ALT-011290,laptop,Windows 10,partially_patched,True,student,2
ALT-011291,tablet,Android 13,fully_patched,True,student,0
ALT-011292,unknown,Windows 11,fully_patched,False,guest,4
ALT-011293,tablet,macOS 13,unknown,True,student,2
ALT-011294,unknown,Windows 11,partially_patched,False,guest,2
ALT-011295,laptop,iOS 16,partially_patched,True,student,0
ALT-011296,smartphone,iOS 16,fully_patched,False,guest,0
ALT-011297,unknown,iOS 16,fully_patched,False,guest,5
ALT-011298,unknown,Windows 11,partially_patched,False,guest,0
ALT-011299,unknown,Windows 10,fully_patched,False,guest,3
ALT-011300,tablet,macOS 13,fully_patched,True,student,0
ALT-011301,unknown,Unknown,fully_patched,False,guest,3
ALT-011302,laptop,Ubuntu 22.04,fully_patched,False,guest,2
ALT-011303,unknown,unknown,unknown,,unknown,
ALT-011304,unknown,Windows 10,fully_patched,False,guest,1
ALT-011305,smartphone,Windows 10,fully_patched,False,guest,2
ALT-011306,laptop,macOS 13,unpatched,False,guest,4
ALT-011307,unknown,Unknown,fully_patched,False,guest,0
ALT-011308,smartphone,Android 13,partially_patched,False,guest,1
ALT-011309,tablet,Unknown,unpatched,True,student,0
ALT-011310,unknown,Android 13,partially_patched,False,guest,5
ALT-011311,tablet,Ubuntu 22.04,partially_patched,True,student,0
ALT-011312,unknown,unknown,unknown,,unknown,
ALT-011313,tablet,iOS 16,fully_patched,True,student,0
ALT-011314,unknown,iOS 16,partially_patched,False,guest,3
ALT-011315,tablet,macOS 13,fully_patched,True,student,4
ALT-011316,laptop,Android 13,fully_patched,False,guest,0
ALT-011317,unknown,unknown,unknown,,unknown,
ALT-011318,laptop,macOS 13,unknown,False,guest,2
ALT-011319,tablet,Ubuntu 22.04,fully_patched,True,student,1
ALT-011320,smartphone,Ubuntu 22.04,unpatched,True,student,2
ALT-011321,laptop,Windows 11,partially_patched,True,student,5
ALT-011322,smartphone,Unknown,fully_patched,False,guest,0
ALT-011323,smartphone,Windows 11,fully_patched,False,guest,3
ALT-011324,laptop,Windows 11,fully_patched,True,faculty,2
ALT-011325,workstation,Ubuntu 22.04,fully_patched,True,faculty,2
ALT-011326,workstation,Android 13,fully_patched,True,lab_admin,2
ALT-011327,smartphone,iOS 16,unpatched,False,guest,2
ALT-011328,unknown,unknown,unknown,,unknown,
ALT-011329,unknown,Android 13,fully_patched,False,guest,0
ALT-011330,laptop,Unknown,partially_patched,True,student,2
ALT-011331,laptop,iOS 16,fully_patched,True,student,1
ALT-011332,unknown,iOS 16,unknown,False,guest,1
ALT-011333,tablet,Android 13,fully_patched,True,student,3
ALT-011334,laptop,Windows 10,unpatched,True,student,2
ALT-011335,smartphone,Windows 10,unpatched,True,student,0
ALT-011336,tablet,Android 13,unknown,True,student,5
ALT-011337,laptop,Windows 10,fully_patched,True,student,5
ALT-011338,unknown,Unknown,partially_patched,False,guest,3
ALT-011339,smartphone,Windows 10,fully_patched,False,guest,5
ALT-011340,laptop,iOS 16,partially_patched,False,guest,2
ALT-011341,raspberry_pi,iOS 16,partially_patched,True,faculty,3
ALT-011342,laptop,Windows 11,fully_patched,False,guest,3
ALT-011343,tablet,iOS 16,partially_patched,True,student,1
ALT-011344,smartphone,Android 13,unpatched,False,guest,5
ALT-011345,smartphone,iOS 16,partially_patched,False,guest,2
ALT-011346,laptop,Unknown,fully_patched,False,guest,0
ALT-011347,smartphone,iOS 16,partially_patched,False,guest,1
ALT-011348,tablet,Windows 11,unknown,True,student,4
ALT-011349,laptop,Android 13,partially_patched,True,faculty,1
ALT-011350,smartphone,Android 13,fully_patched,False,guest,0
ALT-011351,laptop,Android 13,fully_patched,True,student,5
ALT-011352,smartphone,Windows 11,fully_patched,False,guest,2
ALT-011353,unknown,Windows 11,partially_patched,False,guest,3
ALT-011354,laptop,Windows 11,fully_patched,False,guest,4
ALT-011355,unknown,unknown,unknown,,unknown,
ALT-011356,smartphone,Windows 11,partially_patched,False,guest,4
ALT-011357,unknown,Unknown,fully_patched,False,guest,2
ALT-011358,smartphone,macOS 13,fully_patched,True,student,4
ALT-011359,unknown,macOS 13,unpatched,False,guest,2
ALT-011360,unknown,iOS 16,fully_patched,False,guest,5
ALT-011361,laptop,Ubuntu 22.04,partially_patched,True,student,1
ALT-011362,smartphone,iOS 16,fully_patched,False,guest,5
ALT-011363,laptop,iOS 16,partially_patched,False,guest,1
ALT-011364,smartphone,Android 13,fully_patched,True,student,4
ALT-011365,laptop,Unknown,fully_patched,False,guest,2
ALT-011366,tablet,Windows 10,fully_patched,False,guest,1
ALT-011367,unknown,unknown,unknown,,unknown,
ALT-011368,laptop,Windows 11,fully_patched,True,student,5
ALT-011369,smartphone,iOS 16,fully_patched,False,guest,2
ALT-011370,raspberry_pi,Unknown,fully_patched,True,lab_admin,4
ALT-011371,workstation,macOS 13,partially_patched,True,faculty,3
ALT-011372,unknown,unknown,unknown,,unknown,
ALT-011373,laptop,Windows 11,partially_patched,False,guest,1
ALT-011374,unknown,Ubuntu 22.04,unpatched,False,guest,5
ALT-011375,laptop,Windows 11,unknown,True,lab_admin,0
ALT-011376,unknown,unknown,unknown,,unknown,
ALT-011377,unknown,unknown,unknown,,unknown,
ALT-011378,laptop,iOS 16,partially_patched,True,guest,0
ALT-011379,unknown,Unknown,unknown,False,guest,4
ALT-011380,workstation,Windows 11,partially_patched,True,faculty,5
ALT-011381,server,Windows 11,fully_patched,True,faculty,0
ALT-011382,unknown,Windows 10,unpatched,False,guest,4
ALT-011383,tablet,Android 13,fully_patched,True,student,5
ALT-011384,raspberry_pi,Windows 10,partially_patched,True,lab_admin,1
ALT-011385,laptop,iOS 16,fully_patched,True,student,0
ALT-011386,tablet,Windows 10,partially_patched,True,student,4
ALT-011387,laptop,Android 13,unpatched,False,guest,4
ALT-011388,raspberry_pi,Unknown,fully_patched,True,faculty,1
ALT-011389,laptop,Unknown,partially_patched,False,guest,1
ALT-011390,laptop,Unknown,fully_patched,True,student,1
ALT-011391,smartphone,Ubuntu 22.04,fully_patched,False,guest,5
ALT-011392,laptop,Android 13,unpatched,False,guest,3
ALT-011393,tablet,Windows 10,partially_patched,True,guest,1
ALT-011394,smartphone,macOS 13,fully_patched,False,guest,3
ALT-011395,smartphone,iOS 16,fully_patched,False,guest,2
ALT-011396,tablet,Ubuntu 22.04,fully_patched,True,student,5
ALT-011397,unknown,Windows 10,fully_patched,False,guest,4
ALT-011398,laptop,Windows 10,partially_patched,False,guest,1
ALT-011399,server,Ubuntu 22.04,fully_patched,True,lab_admin,0
ALT-011400,unknown,unknown,unknown,,unknown,
ALT-011401,laptop,macOS 13,fully_patched,False,guest,4
ALT-011402,tablet,Ubuntu 22.04,unknown,True,student,3
ALT-011403,smartphone,Ubuntu 22.04,unpatched,True,student,3
ALT-011404,laptop,iOS 16,fully_patched,True,student,0
ALT-011405,laptop,Android 13,partially_patched,True,student,2
ALT-011406,unknown,macOS 13,fully_patched,False,guest,4
ALT-011407,workstation,Ubuntu 22.04,fully_patched,True,lab_admin,0
ALT-011408,laptop,Unknown,fully_patched,False,guest,3
ALT-011409,smartphone,Android 13,unpatched,False,guest,4
ALT-011410,laptop,Windows 11,unpatched,False,guest,3
ALT-011411,unknown,unknown,unknown,,unknown,
ALT-011412,laptop,Ubuntu 22.04,fully_patched,False,guest,4
ALT-011413,laptop,iOS 16,fully_patched,False,guest,5
ALT-011414,smartphone,Unknown,partially_patched,False,guest,2
ALT-011415,laptop,macOS 13,fully_patched,True,student,3
ALT-011416,smartphone,macOS 13,fully_patched,True,student,2
ALT-011417,unknown,Android 13,fully_patched,False,guest,5
ALT-011418,unknown,Ubuntu 22.04,unpatched,False,guest,5
ALT-011419,smartphone,Windows 10,unpatched,False,guest,2
ALT-011420,laptop,Android 13,fully_patched,True,lab_admin,0
ALT-011421,laptop,Windows 11,fully_patched,False,guest,0
ALT-011422,unknown,Unknown,fully_patched,False,guest,2
ALT-011423,smartphone,Ubuntu 22.04,fully_patched,True,student,4
ALT-011424,unknown,macOS 13,unknown,False,guest,0
ALT-011425,raspberry_pi,Android 13,fully_patched,True,lab_admin,5
ALT-011426,laptop,Windows 11,fully_patched,True,student,5
ALT-011427,tablet,iOS 16,partially_patched,True,student,0
ALT-011428,unknown,macOS 13,partially_patched,False,guest,0
ALT-011429,workstation,iOS 16,fully_patched,True,lab_admin,5
ALT-011430,unknown,unknown,unknown,,unknown,
ALT-011431,laptop,Windows 11,fully_patched,True,student,1
ALT-011432,unknown,macOS 13,unpatched,False,guest,5
ALT-011433,unknown,unknown,unknown,,unknown,
ALT-011434,unknown,Windows 10,fully_patched,False,guest,5
ALT-011435,laptop,Android 13,fully_patched,True,student,3
ALT-011436,laptop,Unknown,fully_patched,True,lab_admin,4
ALT-011437,laptop,Unknown,fully_patched,True,lab_admin,1
ALT-011438,tablet,Android 13,partially_patched,True,student,4
ALT-011439,smartphone,iOS 16,partially_patched,False,guest,1
ALT-011440,laptop,Android 13,fully_patched,True,faculty,4
ALT-011441,smartphone,iOS 16,fully_patched,True,student,0
ALT-011442,laptop,Windows 10,fully_patched,True,student,3
ALT-011443,smartphone,Unknown,partially_patched,False,guest,0
ALT-011444,smartphone,Windows 11,fully_patched,True,student,4
ALT-011445,unknown,Windows 10,unpatched,False,guest,3
ALT-011446,smartphone,Unknown,fully_patched,False,guest,2
ALT-011447,unknown,Windows 10,fully_patched,False,guest,4
ALT-011448,unknown,macOS 13,unknown,False,guest,4
ALT-011449,raspberry_pi,Unknown,fully_patched,True,lab_admin,2
ALT-011450,unknown,Android 13,fully_patched,False,guest,4
ALT-011451,tablet,Unknown,fully_patched,True,student,1
ALT-011452,unknown,iOS 16,unpatched,False,guest,1
ALT-011453,smartphone,Windows 11,fully_patched,True,student,2
ALT-011454,unknown,macOS 13,fully_patched,False,guest,2
ALT-011455,laptop,iOS 16,fully_patched,False,guest,2
ALT-011456,smartphone,Windows 10,fully_patched,False,guest,1
ALT-011457,unknown,unknown,unknown,,unknown,
ALT-011458,laptop,Windows 10,fully_patched,False,guest,2
ALT-011459,tablet,Android 13,partially_patched,True,student,4
ALT-011460,smartphone,Windows 10,fully_patched,False,guest,3
ALT-011461,smartphone,Windows 10,partially_patched,True,student,5
ALT-011462,smartphone,Windows 10,partially_patched,True,student,2
ALT-011463,smartphone,Android 13,fully_patched,False,guest,2
ALT-011464,unknown,unknown,unknown,,unknown,
ALT-011465,laptop,Windows 10,fully_patched,True,student,1
ALT-011466,tablet,Unknown,fully_patched,True,student,0
ALT-011467,laptop,iOS 16,fully_patched,True,student,1
ALT-011468,workstation,Ubuntu 22.04,fully_patched,True,lab_admin,2
ALT-011469,smartphone,Windows 11,fully_patched,True,student,2
ALT-011470,unknown,unknown,unknown,,unknown,
ALT-011471,unknown,unknown,unknown,,unknown,
ALT-011472,tablet,Unknown,partially_patched,True,student,0
ALT-011473,laptop,Windows 11,fully_patched,False,guest,0
ALT-011474,tablet,Android 13,fully_patched,True,student,0
ALT-011475,unknown,unknown,unknown,,unknown,
ALT-011476,server,Windows 11,partially_patched,True,lab_admin,1
ALT-011477,tablet,Ubuntu 22.04,fully_patched,True,student,1
ALT-011478,smartphone,Unknown,unpatched,False,guest,1
ALT-011479,smartphone,Windows 10,fully_patched,False,guest,2
ALT-011480,unknown,Windows 11,unknown,False,guest,1
ALT-011481,laptop,Windows 10,partially_patched,True,student,2
ALT-011482,laptop,macOS 13,fully_patched,False,guest,2
ALT-011483,smartphone,Windows 11,fully_patched,True,student,5
ALT-011484,unknown,Unknown,partially_patched,False,guest,3
ALT-011485,unknown,Android 13,fully_patched,False,guest,4
ALT-011486,tablet,macOS 13,fully_patched,True,student,1
ALT-011487,laptop,Unknown,fully_patched,False,guest,2
ALT-011488,laptop,Ubuntu 22.04,unknown,False,guest,4
ALT-011489,workstation,Unknown,partially_patched,True,faculty,0
ALT-011490,unknown,Unknown,partially_patched,False,guest,4
ALT-011491,unknown,unknown,unknown,,unknown,
ALT-011492,smartphone,Android 13,partially_patched,False,guest,5
ALT-011493,smartphone,iOS 16,fully_patched,True,student,1
ALT-011494,laptop,iOS 16,fully_patched,True,guest,0
ALT-011495,unknown,Windows 11,unpatched,False,guest,3
ALT-011496,unknown,unknown,unknown,,unknown,
ALT-011497,laptop,Windows 10,fully_patched,False,guest,3
ALT-011498,laptop,Windows 11,partially_patched,True,student,0
ALT-011499,unknown,unknown,unknown,,unknown,
ALT-011500,laptop,Ubuntu 22.04,fully_patched,False,guest,4
ALT-011501,smartphone,iOS 16,fully_patched,True,student,2
ALT-011502,unknown,unknown,unknown,,unknown,
ALT-011503,laptop,Windows 11,fully_patched,True,student,0
ALT-011504,smartphone,Ubuntu 22.04,fully_patched,True,student,4
ALT-011505,smartphone,Ubuntu 22.04,fully_patched,True,student,2
ALT-011506,unknown,Android 13,fully_patched,False,guest,0
ALT-011507,tablet,iOS 16,fully_patched,True,student,2
ALT-011508,unknown,unknown,unknown,,unknown,
ALT-011509,laptop,Ubuntu 22.04,fully_patched,True,student,2
ALT-011510,laptop,Windows 11,fully_patched,True,student,5
ALT-011511,laptop,Unknown,fully_patched,False,guest,5
ALT-011512,smartphone,Android 13,partially_patched,True,student,0
ALT-011513,laptop,macOS 13,partially_patched,True,student,3
ALT-011514,laptop,Windows 10,fully_patched,True,faculty,2
ALT-011515,laptop,Windows 11,fully_patched,True,student,3
ALT-011516,unknown,unknown,unknown,,unknown,
ALT-011517,laptop,macOS 13,partially_patched,True,student,0
ALT-011518,tablet,Ubuntu 22.04,fully_patched,True,student,1
ALT-011519,tablet,Windows 11,partially_patched,True,student,3
ALT-011520,laptop,Windows 11,fully_patched,True,student,1
ALT-011521,unknown,iOS 16,fully_patched,False,guest,3
ALT-011522,workstation,Windows 11,fully_patched,True,lab_admin,0
ALT-011523,smartphone,Windows 11,partially_patched,False,guest,5
ALT-011524,smartphone,Windows 10,fully_patched,False,guest,3
ALT-011525,unknown,unknown,unknown,,unknown,
ALT-011526,tablet,Windows 11,fully_patched,True,student,3
ALT-011527,laptop,Windows 10,unpatched,False,guest,1
ALT-011528,unknown,Windows 11,partially_patched,False,guest,4
ALT-011529,unknown,macOS 13,partially_patched,False,guest,2
ALT-011530,smartphone,iOS 16,unpatched,False,guest,1
ALT-011531,laptop,iOS 16,unknown,True,student,3
ALT-011532,unknown,Unknown,partially_patched,False,guest,4
ALT-011533,unknown,unknown,unknown,,unknown,
ALT-011534,laptop,Windows 10,unpatched,True,student,4
ALT-011535,smartphone,macOS 13,partially_patched,True,student,5
ALT-011536,laptop,Windows 10,fully_patched,True,student,2
ALT-011537,tablet,Windows 10,fully_patched,True,student,4
ALT-011538,laptop,macOS 13,fully_patched,True,guest,0
ALT-011539,laptop,Windows 10,fully_patched,True,guest,0
ALT-011540,unknown,iOS 16,partially_patched,False,guest,0
ALT-011541,smartphone,iOS 16,partially_patched,True,guest,0
ALT-011542,laptop,macOS 13,fully_patched,False,guest,4
ALT-011543,laptop,Unknown,partially_patched,False,guest,5
ALT-011544,smartphone,iOS 16,fully_patched,True,student,0
ALT-011545,smartphone,macOS 13,partially_patched,True,student,0
ALT-011546,laptop,macOS 13,unpatched,False,guest,2
ALT-011547,unknown,unknown,unknown,,unknown,
ALT-011548,smartphone,Windows 10,fully_patched,True,guest,1
ALT-011549,tablet,Windows 10,unpatched,True,student,0
ALT-011550,laptop,macOS 13,fully_patched,True,student,1
ALT-011551,unknown,unknown,unknown,,unknown,
ALT-011552,unknown,iOS 16,partially_patched,False,guest,5
ALT-011553,tablet,Ubuntu 22.04,unknown,True,student,4
ALT-011554,laptop,iOS 16,partially_patched,True,student,2
ALT-011555,tablet,Android 13,unknown,True,student,4
ALT-011556,unknown,macOS 13,fully_patched,False,guest,4
ALT-011557,laptop,Ubuntu 22.04,unknown,False,guest,4
ALT-011558,unknown,unknown,unknown,,unknown,
ALT-011559,tablet,Android 13,partially_patched,True,student,0
ALT-011560,unknown,Windows 10,fully_patched,False,guest,1
ALT-011561,laptop,Android 13,unpatched,False,guest,3
ALT-011562,laptop,macOS 13,fully_patched,True,student,2
ALT-011563,tablet,Windows 11,partially_patched,True,student,2
ALT-011564,server,Unknown,fully_patched,True,lab_admin,4
ALT-011565,workstation,Unknown,fully_patched,True,faculty,4
ALT-011566,unknown,unknown,unknown,,unknown,
ALT-011567,smartphone,Windows 11,partially_patched,True,student,5
ALT-011568,unknown,iOS 16,fully_patched,False,guest,5
ALT-011569,laptop,Windows 11,partially_patched,True,student,5
ALT-011570,unknown,unknown,unknown,,unknown,
ALT-011571,laptop,Ubuntu 22.04,unpatched,True,student,0
ALT-011572,smartphone,Windows 11,partially_patched,True,student,0
ALT-011573,unknown,iOS 16,partially_patched,False,guest,1
ALT-011574,raspberry_pi,Unknown,unpatched,True,faculty,4
ALT-011575,unknown,Android 13,unpatched,False,guest,5
ALT-011576,unknown,Ubuntu 22.04,fully_patched,False,guest,5
ALT-011577,laptop,Ubuntu 22.04,fully_patched,True,student,0
ALT-011578,workstation,macOS 13,unpatched,True,lab_admin,4
ALT-011579,smartphone,Ubuntu 22.04,unknown,False,guest,1
ALT-011580,laptop,macOS 13,partially_patched,False,guest,1
ALT-011581,tablet,Windows 11,unpatched,True,student,0
ALT-011582,unknown,unknown,unknown,,unknown,
ALT-011583,smartphone,macOS 13,unpatched,True,student,5
ALT-011584,smartphone,Android 13,fully_patched,True,student,1
ALT-011585,smartphone,Android 13,fully_patched,True,student,2
ALT-011586,smartphone,Windows 11,fully_patched,False,guest,1
ALT-011587,unknown,Windows 11,unpatched,False,guest,1
ALT-011588,unknown,Unknown,fully_patched,False,guest,3
ALT-011589,smartphone,Windows 11,unpatched,True,student,4
ALT-011590,workstation,Windows 11,partially_patched,True,faculty,4
ALT-011591,unknown,unknown,unknown,,unknown,
ALT-011592,tablet,macOS 13,fully_patched,True,student,0
ALT-011593,tablet,Windows 11,partially_patched,True,student,0
ALT-011594,smartphone,Android 13,fully_patched,True,student,1
ALT-011595,smartphone,Android 13,unpatched,True,student,4
ALT-011596,workstation,Windows 10,fully_patched,True,lab_admin,2
ALT-011597,laptop,Ubuntu 22.04,fully_patched,False,guest,2
ALT-011598,unknown,macOS 13,fully_patched,False,guest,3
ALT-011599,tablet,iOS 16,fully_patched,True,student,0
ALT-011600,tablet,Android 13,unpatched,True,student,2
ALT-011601,laptop,Unknown,fully_patched,False,guest,0
ALT-011602,laptop,Android 13,unpatched,True,student,5
ALT-011603,laptop,Ubuntu 22.04,unpatched,False,guest,0
ALT-011604,unknown,unknown,unknown,,unknown,
ALT-011605,laptop,macOS 13,partially_patched,False,guest,0
ALT-011606,smartphone,iOS 16,unpatched,False,guest,1
ALT-011607,tablet,Ubuntu 22.04,unpatched,True,student,5
ALT-011608,laptop,Windows 10,fully_patched,False,guest,1
ALT-011609,unknown,macOS 13,fully_patched,False,guest,1
ALT-011610,unknown,Ubuntu 22.04,fully_patched,False,guest,0
ALT-011611,tablet,Unknown,fully_patched,True,student,2
ALT-011612,smartphone,iOS 16,fully_patched,True,student,5
ALT-011613,tablet,Ubuntu 22.04,fully_patched,True,student,1
ALT-011614,smartphone,macOS 13,fully_patched,True,student,1
ALT-011615,laptop,Unknown,partially_patched,True,student,4
ALT-011616,laptop,Windows 10,fully_patched,True,student,5
ALT-011617,unknown,unknown,unknown,,unknown,
ALT-011618,smartphone,Windows 10,fully_patched,True,student,1
ALT-011619,unknown,Windows 11,fully_patched,False,guest,2
ALT-011620,smartphone,macOS 13,fully_patched,True,student,2
ALT-011621,unknown,Windows 11,partially_patched,False,guest,0
ALT-011622,smartphone,Windows 10,fully_patched,False,guest,5
ALT-011623,server,Android 13,fully_patched,True,faculty,4
ALT-011624,unknown,Windows 10,partially_patched,False,guest,3
ALT-011625,laptop,Ubuntu 22.04,fully_patched,False,guest,2
ALT-011626,laptop,Windows 11,fully_patched,False,guest,3
ALT-011627,workstation,Windows 11,fully_patched,True,faculty,1
ALT-011628,smartphone,Windows 10,fully_patched,False,guest,1
ALT-011629,laptop,Android 13,partially_patched,True,student,1
ALT-011630,tablet,Android 13,fully_patched,False,guest,1
ALT-011631,tablet,Unknown,unknown,True,student,2
ALT-011632,laptop,Windows 10,fully_patched,True,student,5
ALT-011633,server,Unknown,fully_patched,True,faculty,1
ALT-011634,laptop,Windows 11,partially_patched,False,guest,2
ALT-011635,unknown,iOS 16,unpatched,False,guest,0
ALT-011636,laptop,iOS 16,fully_patched,True,student,4
ALT-011637,tablet,iOS 16,fully_patched,True,student,3
ALT-011638,tablet,Ubuntu 22.04,fully_patched,True,student,5
ALT-011639,laptop,Ubuntu 22.04,fully_patched,True,faculty,1
ALT-011640,unknown,Unknown,fully_patched,False,guest,0
ALT-011641,unknown,macOS 13,partially_patched,False,guest,3
ALT-011642,smartphone,Unknown,fully_patched,True,student,3
ALT-011643,unknown,unknown,unknown,,unknown,
ALT-011644,smartphone,Windows 11,unpatched,False,guest,4
ALT-011645,unknown,iOS 16,partially_patched,False,guest,1
ALT-011646,laptop,Ubuntu 22.04,fully_patched,True,student,3
ALT-011647,unknown,Unknown,unpatched,False,guest,6
ALT-011648,unknown,unknown,unknown,,unknown,
ALT-011649,laptop,Android 13,fully_patched,False,guest,2
ALT-011650,tablet,Unknown,partially_patched,True,student,3
ALT-011651,unknown,iOS 16,fully_patched,False,guest,2
ALT-011652,tablet,Ubuntu 22.04,unpatched,True,student,0
ALT-011653,unknown,Unknown,partially_patched,False,guest,1
ALT-011654,unknown,Ubuntu 22.04,fully_patched,False,guest,3
ALT-011655,laptop,Android 13,fully_patched,True,lab_admin,0
ALT-011656,unknown,unknown,unknown,,unknown,
ALT-011657,laptop,Windows 10,fully_patched,False,guest,4
ALT-011658,laptop,Ubuntu 22.04,partially_patched,False,guest,3
ALT-011659,tablet,Android 13,unpatched,True,student,1
ALT-011660,unknown,unknown,unknown,,unknown,
ALT-011661,laptop,Unknown,fully_patched,True,student,0
ALT-011662,tablet,Ubuntu 22.04,fully_patched,True,student,4
ALT-011663,server,Android 13,fully_patched,True,faculty,3
ALT-011664,unknown,unknown,unknown,,unknown,
ALT-011665,unknown,unknown,unknown,,unknown,
ALT-011666,smartphone,macOS 13,fully_patched,True,student,0
ALT-011667,server,Windows 11,fully_patched,True,lab_admin,0
ALT-011668,unknown,unknown,unknown,,unknown,
ALT-011669,smartphone,Windows 10,fully_patched,True,student,0
ALT-011670,unknown,unknown,unknown,,unknown,
ALT-011671,tablet,Windows 11,fully_patched,True,student,1
ALT-011672,unknown,Android 13,unpatched,False,guest,2
ALT-011673,laptop,Ubuntu 22.04,fully_patched,True,student,4
ALT-011674,smartphone,Android 13,partially_patched,False,guest,3
ALT-011675,smartphone,Windows 11,fully_patched,False,guest,3
ALT-011676,laptop,Unknown,unpatched,False,guest,3
ALT-011677,laptop,Android 13,partially_patched,False,guest,0
ALT-011678,smartphone,Windows 11,fully_patched,True,student,4
ALT-011679,workstation,Windows 11,unpatched,True,faculty,1
ALT-011680,unknown,macOS 13,fully_patched,False,guest,3
ALT-011681,raspberry_pi,Android 13,partially_patched,True,faculty,0
ALT-011682,smartphone,Android 13,partially_patched,False,guest,2
ALT-011683,laptop,iOS 16,fully_patched,True,student,1
ALT-011684,laptop,Windows 11,fully_patched,False,guest,0
ALT-011685,laptop,Ubuntu 22.04,partially_patched,True,student,4
ALT-011686,unknown,unknown,unknown,,unknown,
ALT-011687,smartphone,Windows 10,fully_patched,True,student,4
ALT-011688,workstation,macOS 13,fully_patched,True,lab_admin,0
ALT-011689,unknown,unknown,unknown,,unknown,
ALT-011690,laptop,Ubuntu 22.04,partially_patched,True,student,2
ALT-011691,unknown,unknown,unknown,,unknown,
ALT-011692,laptop,macOS 13,fully_patched,True,student,4
ALT-011693,smartphone,Unknown,partially_patched,True,student,0
ALT-011694,unknown,unknown,unknown,,unknown,
ALT-011695,unknown,unknown,unknown,,unknown,
ALT-011696,tablet,iOS 16,unpatched,True,student,5
ALT-011697,tablet,Windows 11,unpatched,True,student,1
ALT-011698,smartphone,macOS 13,fully_patched,False,guest,4
ALT-011699,unknown,macOS 13,fully_patched,False,guest,1
ALT-011700,tablet,macOS 13,partially_patched,True,student,1
ALT-011701,laptop,iOS 16,fully_patched,True,lab_admin,2
ALT-011702,laptop,Windows 11,unpatched,True,lab_admin,5
ALT-011703,tablet,Android 13,partially_patched,True,student,2
ALT-011704,laptop,Android 13,fully_patched,False,guest,1
ALT-011705,laptop,macOS 13,partially_patched,True,student,0
ALT-011706,workstation,Windows 10,partially_patched,True,lab_admin,3
ALT-011707,smartphone,macOS 13,unpatched,False,guest,0
ALT-011708,unknown,Android 13,partially_patched,False,guest,5
ALT-011709,laptop,iOS 16,fully_patched,True,guest,0
ALT-011710,laptop,macOS 13,fully_patched,True,guest,0
ALT-011711,laptop,Unknown,fully_patched,True,student,0
ALT-011712,laptop,Windows 11,fully_patched,False,guest,4
ALT-011713,unknown,iOS 16,partially_patched,False,guest,0
ALT-011714,workstation,Windows 10,fully_patched,True,faculty,0
ALT-011715,laptop,Unknown,fully_patched,True,faculty,2
ALT-011716,unknown,Ubuntu 22.04,fully_patched,False,guest,2
ALT-011717,raspberry_pi,Android 13,fully_patched,True,lab_admin,4
ALT-011718,unknown,iOS 16,unpatched,False,guest,2
ALT-011719,unknown,iOS 16,unpatched,False,guest,0
ALT-011720,laptop,Unknown,unknown,False,guest,3
ALT-011721,unknown,unknown,unknown,,unknown,
ALT-011722,unknown,Unknown,fully_patched,False,guest,3
ALT-011723,smartphone,Android 13,fully_patched,True,student,4
ALT-011724,smartphone,Android 13,fully_patched,True,student,4
ALT-011725,smartphone,Windows 11,partially_patched,False,guest,3
ALT-011726,unknown,Unknown,fully_patched,False,guest,4
ALT-011727,smartphone,Windows 10,fully_patched,False,guest,0
ALT-011728,tablet,Android 13,unpatched,True,student,1
ALT-011729,smartphone,Unknown,unknown,False,guest,5
ALT-011730,laptop,Windows 10,partially_patched,False,guest,4
ALT-011731,tablet,Windows 10,unpatched,True,student,1
ALT-011732,smartphone,Android 13,partially_patched,True,student,4
ALT-011733,unknown,unknown,unknown,,unknown,
ALT-011734,laptop,Unknown,partially_patched,True,student,5
ALT-011735,unknown,unknown,unknown,,unknown,
ALT-011736,unknown,Ubuntu 22.04,partially_patched,False,guest,2
ALT-011737,tablet,macOS 13,fully_patched,True,student,0
ALT-011738,laptop,macOS 13,partially_patched,False,guest,2
ALT-011739,smartphone,Ubuntu 22.04,fully_patched,False,guest,2
ALT-011740,workstation,Windows 11,fully_patched,True,lab_admin,4
ALT-011741,laptop,Unknown,unknown,True,student,2
ALT-011742,unknown,unknown,unknown,,unknown,
ALT-011743,smartphone,Unknown,fully_patched,False,guest,1
ALT-011744,laptop,Windows 10,fully_patched,False,guest,1
ALT-011745,smartphone,macOS 13,fully_patched,True,student,0
ALT-011746,tablet,Android 13,unknown,True,student,0
ALT-011747,smartphone,iOS 16,fully_patched,False,guest,3
ALT-011748,smartphone,Android 13,unpatched,False,guest,2
ALT-011749,unknown,unknown,unknown,,unknown,
ALT-011750,unknown,Windows 10,fully_patched,False,guest,2
ALT-011751,server,Windows 11,partially_patched,True,lab_admin,0
ALT-011752,workstation,Ubuntu 22.04,unknown,True,lab_admin,0
ALT-011753,laptop,Android 13,partially_patched,True,student,2
ALT-011754,laptop,Unknown,partially_patched,False,guest,0
ALT-011755,tablet,Ubuntu 22.04,unknown,True,student,4
ALT-011756,laptop,Windows 10,partially_patched,False,guest,4
ALT-011757,laptop,Windows 11,unpatched,True,student,5
ALT-011758,smartphone,iOS 16,fully_patched,True,student,3
ALT-011759,laptop,Windows 11,fully_patched,True,student,1
ALT-011760,laptop,Ubuntu 22.04,fully_patched,False,guest,2
ALT-011761,smartphone,Android 13,partially_patched,False,guest,0
ALT-011762,unknown,Windows 11,fully_patched,False,guest,2
ALT-011763,smartphone,Unknown,fully_patched,True,student,2
ALT-011764,raspberry_pi,Unknown,fully_patched,True,faculty,3
ALT-011765,smartphone,Ubuntu 22.04,fully_patched,False,guest,0
ALT-011766,laptop,Unknown,fully_patched,False,guest,2
ALT-011767,smartphone,iOS 16,fully_patched,False,guest,3
ALT-011768,laptop,Windows 10,partially_patched,True,guest,0
ALT-011769,laptop,Windows 10,partially_patched,True,student,2
ALT-011770,tablet,Ubuntu 22.04,fully_patched,True,student,2
ALT-011771,smartphone,Android 13,fully_patched,True,student,1
ALT-011772,unknown,Android 13,partially_patched,False,guest,5
ALT-011773,unknown,iOS 16,fully_patched,False,guest,3
ALT-011774,raspberry_pi,Windows 10,fully_patched,True,lab_admin,0
ALT-011775,tablet,Android 13,partially_patched,True,guest,1
ALT-011776,unknown,macOS 13,partially_patched,False,guest,1
ALT-011777,laptop,Windows 10,fully_patched,False,guest,2
ALT-011778,unknown,Unknown,partially_patched,False,guest,4
ALT-011779,tablet,Android 13,fully_patched,True,guest,0
ALT-011780,smartphone,Ubuntu 22.04,fully_patched,False,guest,4
ALT-011781,smartphone,Unknown,unpatched,False,guest,2
ALT-011782,laptop,Windows 10,fully_patched,True,faculty,0
ALT-011783,unknown,unknown,unknown,,unknown,
ALT-011784,unknown,Android 13,fully_patched,False,guest,0
ALT-011785,laptop,Windows 11,unpatched,True,student,1
ALT-011786,tablet,Windows 11,unpatched,True,student,3
ALT-011787,raspberry_pi,Android 13,fully_patched,True,lab_admin,4
ALT-011788,unknown,macOS 13,unpatched,False,guest,2
ALT-011789,smartphone,macOS 13,fully_patched,False,guest,2
ALT-011790,workstation,Unknown,partially_patched,True,faculty,4
ALT-011791,server,Windows 11,unpatched,True,faculty,1
ALT-011792,unknown,unknown,unknown,,unknown,
ALT-011793,laptop,macOS 13,fully_patched,False,guest,4
ALT-011794,unknown,unknown,unknown,,unknown,
ALT-011795,workstation,Android 13,fully_patched,True,faculty,4
ALT-011796,laptop,Android 13,fully_patched,True,student,5
ALT-011797,smartphone,iOS 16,fully_patched,False,guest,2
ALT-011798,workstation,Unknown,fully_patched,True,faculty,3
ALT-011799,laptop,Windows 11,fully_patched,False,guest,1
ALT-011800,unknown,Windows 11,partially_patched,False,guest,1
ALT-011801,smartphone,Ubuntu 22.04,unpatched,False,guest,0
ALT-011802,smartphone,Windows 11,fully_patched,False,guest,4
ALT-011803,tablet,macOS 13,fully_patched,True,student,4
ALT-011804,smartphone,Android 13,partially_patched,False,guest,2
ALT-011805,laptop,Windows 11,partially_patched,False,guest,0
ALT-011806,smartphone,Windows 10,fully_patched,False,guest,1
ALT-011807,smartphone,Windows 11,fully_patched,True,student,3
ALT-011808,laptop,iOS 16,partially_patched,False,guest,3
ALT-011809,workstation,iOS 16,unknown,True,faculty,3
ALT-011810,laptop,Android 13,fully_patched,True,student,2
ALT-011811,tablet,Unknown,unpatched,True,student,0
ALT-011812,unknown,unknown,unknown,,unknown,
ALT-011813,laptop,Android 13,fully_patched,False,guest,0
ALT-011814,laptop,Windows 10,partially_patched,True,student,4
ALT-011815,smartphone,Android 13,fully_patched,False,guest,5
ALT-011816,smartphone,Android 13,fully_patched,False,guest,1
ALT-011817,workstation,Windows 11,fully_patched,True,faculty,0
ALT-011818,laptop,Windows 10,partially_patched,False,guest,3
ALT-011819,laptop,iOS 16,fully_patched,True,student,3
ALT-011820,tablet,Ubuntu 22.04,fully_patched,True,student,0
ALT-011821,unknown,iOS 16,fully_patched,False,guest,4
ALT-011822,tablet,Unknown,fully_patched,True,student,0
ALT-011823,unknown,Android 13,fully_patched,False,guest,4
ALT-011824,laptop,Windows 10,fully_patched,False,guest,3
ALT-011825,raspberry_pi,Windows 10,fully_patched,True,lab_admin,2
ALT-011826,smartphone,Ubuntu 22.04,fully_patched,False,guest,0
ALT-011827,laptop,Windows 11,unpatched,False,guest,0
ALT-011828,workstation,Windows 10,fully_patched,True,faculty,1
ALT-011829,unknown,Android 13,unpatched,False,guest,4
ALT-011830,tablet,Unknown,fully_patched,True,student,3
ALT-011831,unknown,unknown,unknown,,unknown,
ALT-011832,laptop,macOS 13,fully_patched,False,guest,2
ALT-011833,laptop,macOS 13,partially_patched,False,guest,2
ALT-011834,unknown,unknown,unknown,,unknown,
ALT-011835,laptop,Unknown,unpatched,False,guest,2
ALT-011836,unknown,Windows 11,partially_patched,False,guest,2
ALT-011837,smartphone,Ubuntu 22.04,partially_patched,True,student,0
ALT-011838,smartphone,Windows 11,unpatched,False,guest,0
ALT-011839,unknown,unknown,unknown,,unknown,
ALT-011840,laptop,iOS 16,unpatched,False,guest,5
ALT-011841,unknown,unknown,unknown,,unknown,
ALT-011842,smartphone,iOS 16,partially_patched,False,guest,4
ALT-011843,server,Ubuntu 22.04,fully_patched,True,lab_admin,0
ALT-011844,unknown,macOS 13,partially_patched,False,guest,3
ALT-011845,laptop,Android 13,fully_patched,True,student,5
ALT-011846,tablet,Android 13,fully_patched,True,student,5
ALT-011847,laptop,Windows 10,partially_patched,True,student,3
ALT-011848,laptop,iOS 16,partially_patched,True,guest,1
ALT-011849,smartphone,Ubuntu 22.04,unpatched,False,guest,0
ALT-011850,workstation,macOS 13,partially_patched,True,lab_admin,2
ALT-011851,smartphone,Unknown,partially_patched,False,guest,1
ALT-011852,tablet,macOS 13,fully_patched,True,student,5
ALT-011853,smartphone,macOS 13,fully_patched,False,guest,1
ALT-011854,smartphone,iOS 16,fully_patched,True,guest,1
ALT-011855,tablet,Unknown,fully_patched,True,student,5
ALT-011856,unknown,Android 13,fully_patched,False,guest,1
ALT-011857,unknown,Ubuntu 22.04,partially_patched,False,guest,1
ALT-011858,tablet,Unknown,fully_patched,True,student,1
ALT-011859,smartphone,Ubuntu 22.04,fully_patched,False,guest,5
ALT-011860,laptop,Unknown,partially_patched,True,student,2
ALT-011861,workstation,Unknown,partially_patched,True,lab_admin,1
ALT-011862,laptop,Windows 10,fully_patched,True,guest,1
ALT-011863,laptop,Windows 11,fully_patched,False,guest,5
ALT-011864,tablet,Android 13,fully_patched,True,student,4
ALT-011865,laptop,macOS 13,unpatched,False,guest,5
ALT-011866,unknown,Android 13,fully_patched,False,guest,2
ALT-011867,laptop,Windows 10,fully_patched,False,guest,2
ALT-011868,smartphone,Windows 11,fully_patched,False,guest,1
ALT-011869,server,Windows 11,fully_patched,True,lab_admin,0
ALT-011870,laptop,macOS 13,unpatched,False,guest,4
ALT-011871,laptop,macOS 13,unknown,True,student,5
ALT-011872,server,Windows 11,fully_patched,True,lab_admin,0
ALT-011873,smartphone,iOS 16,unpatched,True,student,5
ALT-011874,laptop,iOS 16,partially_patched,True,lab_admin,5
ALT-011875,laptop,Android 13,partially_patched,False,guest,5
ALT-011876,smartphone,iOS 16,partially_patched,True,guest,0
ALT-011877,smartphone,Windows 10,partially_patched,False,guest,1
ALT-011878,laptop,Unknown,fully_patched,True,lab_admin,3
ALT-011879,laptop,Ubuntu 22.04,partially_patched,False,guest,5
ALT-011880,tablet,iOS 16,fully_patched,True,student,1
ALT-011881,laptop,Android 13,partially_patched,True,student,0
ALT-011882,unknown,iOS 16,fully_patched,False,guest,5
ALT-011883,unknown,Unknown,partially_patched,False,guest,2
ALT-011884,laptop,macOS 13,unpatched,False,guest,4
ALT-011885,unknown,iOS 16,unpatched,False,guest,3
ALT-011886,smartphone,Windows 10,partially_patched,True,student,5
ALT-011887,laptop,Windows 10,unpatched,True,student,1
ALT-011888,tablet,Ubuntu 22.04,partially_patched,True,student,1
ALT-011889,laptop,iOS 16,fully_patched,True,student,2
ALT-011890,workstation,iOS 16,partially_patched,True,faculty,4
ALT-011891,laptop,Windows 11,unpatched,False,guest,1
ALT-011892,smartphone,macOS 13,fully_patched,False,guest,5
ALT-011893,smartphone,Windows 11,fully_patched,True,student,2
ALT-011894,smartphone,Windows 10,partially_patched,False,guest,4
ALT-011895,laptop,macOS 13,fully_patched,False,guest,2
ALT-011896,unknown,Unknown,fully_patched,False,guest,1
ALT-011897,laptop,Unknown,fully_patched,False,guest,5
ALT-011898,smartphone,Windows 11,fully_patched,True,student,4
ALT-011899,smartphone,Ubuntu 22.04,partially_patched,False,guest,5
ALT-011900,unknown,Unknown,fully_patched,False,guest,1
ALT-011901,laptop,Windows 11,fully_patched,False,guest,5
ALT-011902,unknown,unknown,unknown,,unknown,
ALT-011903,tablet,Windows 10,partially_patched,True,student,3
ALT-011904,laptop,Windows 11,fully_patched,True,student,2
ALT-011905,laptop,Windows 11,unpatched,False,guest,3
ALT-011906,unknown,Ubuntu 22.04,fully_patched,False,guest,4
ALT-011907,tablet,Windows 11,fully_patched,True,student,2
ALT-011908,laptop,iOS 16,partially_patched,True,student,2
ALT-011909,smartphone,Windows 11,unpatched,False,guest,5
ALT-011910,laptop,Ubuntu 22.04,partially_patched,False,guest,5
ALT-011911,laptop,macOS 13,fully_patched,True,student,0
ALT-011912,tablet,Ubuntu 22.04,fully_patched,True,student,4
ALT-011913,laptop,iOS 16,fully_patched,False,guest,2
ALT-011914,smartphone,Android 13,fully_patched,False,guest,4
ALT-011915,workstation,Windows 10,unpatched,True,faculty,0
ALT-011916,server,Android 13,fully_patched,True,faculty,1
ALT-011917,smartphone,Windows 10,unpatched,False,guest,4
ALT-011918,workstation,Windows 11,partially_patched,True,lab_admin,4
ALT-011919,raspberry_pi,Ubuntu 22.04,fully_patched,True,lab_admin,4
ALT-011920,server,Windows 11,partially_patched,True,lab_admin,3
ALT-011921,unknown,Windows 11,unpatched,False,guest,3
ALT-011922,workstation,Unknown,fully_patched,True,lab_admin,1
ALT-011923,workstation,Ubuntu 22.04,fully_patched,True,lab_admin,4
ALT-011924,laptop,Windows 11,fully_patched,False,guest,3
ALT-011925,unknown,unknown,unknown,,unknown,
ALT-011926,server,macOS 13,fully_patched,True,lab_admin,3
ALT-011927,laptop,Android 13,fully_patched,True,student,5
ALT-011928,unknown,Ubuntu 22.04,fully_patched,False,guest,0
ALT-011929,tablet,Ubuntu 22.04,fully_patched,True,student,4
ALT-011930,laptop,Android 13,fully_patched,True,student,0
ALT-011931,smartphone,macOS 13,partially_patched,True,student,2
ALT-011932,smartphone,Ubuntu 22.04,fully_patched,False,guest,4
ALT-011933,workstation,Android 13,fully_patched,True,faculty,5
ALT-011934,unknown,unknown,unknown,,unknown,
ALT-011935,laptop,iOS 16,partially_patched,True,lab_admin,5
ALT-011936,laptop,macOS 13,fully_patched,True,student,4
ALT-011937,unknown,Windows 11,fully_patched,False,guest,2
ALT-011938,unknown,unknown,unknown,,unknown,
ALT-011939,workstation,Unknown,partially_patched,True,lab_admin,1
ALT-011940,smartphone,Ubuntu 22.04,fully_patched,False,guest,2
ALT-011941,laptop,Android 13,fully_patched,False,guest,0
ALT-011942,unknown,unknown,unknown,,unknown,
ALT-011943,unknown,Windows 11,fully_patched,False,guest,0
ALT-011944,smartphone,Unknown,partially_patched,True,student,2
ALT-011945,smartphone,Windows 11,fully_patched,False,guest,3
ALT-011946,unknown,macOS 13,partially_patched,False,guest,4
ALT-011947,server,Ubuntu 22.04,fully_patched,True,faculty,2
ALT-011948,smartphone,macOS 13,fully_patched,True,student,2
ALT-011949,laptop,Windows 10,unknown,True,student,5
ALT-011950,tablet,Android 13,partially_patched,True,student,5
ALT-011951,laptop,Ubuntu 22.04,unknown,True,student,5
ALT-011952,smartphone,Unknown,fully_patched,False,guest,0
ALT-011953,laptop,Unknown,partially_patched,False,guest,3
ALT-011954,laptop,iOS 16,fully_patched,False,guest,2
ALT-011955,tablet,iOS 16,fully_patched,True,student,0
ALT-011956,unknown,Windows 11,unpatched,False,guest,2
ALT-011957,server,Android 13,unpatched,True,faculty,3
ALT-011958,smartphone,Windows 10,partially_patched,True,student,0
ALT-011959,tablet,macOS 13,fully_patched,True,student,4
ALT-011960,laptop,macOS 13,fully_patched,True,student,1
ALT-011961,workstation,Windows 10,fully_patched,True,faculty,5
ALT-011962,smartphone,macOS 13,partially_patched,False,guest,4
ALT-011963,laptop,Android 13,unpatched,True,student,3
ALT-011964,smartphone,Windows 10,fully_patched,True,student,5
ALT-011965,laptop,Ubuntu 22.04,partially_patched,False,guest,4
ALT-011966,unknown,Windows 10,partially_patched,False,guest,5
ALT-011967,smartphone,Windows 10,partially_patched,True,student,0
ALT-011968,smartphone,Windows 10,unpatched,True,student,4
ALT-011969,server,Android 13,fully_patched,True,faculty,5
ALT-011970,unknown,unknown,unknown,,unknown,
ALT-011971,unknown,unknown,unknown,,unknown,
ALT-011972,laptop,iOS 16,fully_patched,True,student,2
ALT-011973,smartphone,Windows 10,fully_patched,False,guest,3
ALT-011974,laptop,Windows 10,unknown,False,guest,1
ALT-011975,smartphone,macOS 13,partially_patched,True,student,3
ALT-011976,server,Unknown,fully_patched,True,faculty,5
ALT-011977,unknown,Ubuntu 22.04,fully_patched,False,guest,0
ALT-011978,laptop,Android 13,fully_patched,True,student,1
ALT-011979,laptop,Windows 10,partially_patched,True,student,5
ALT-011980,tablet,macOS 13,fully_patched,True,student,4
ALT-011981,laptop,macOS 13,fully_patched,True,faculty,0
ALT-011982,laptop,Unknown,fully_patched,True,faculty,3
ALT-011983,unknown,iOS 16,partially_patched,False,guest,2
ALT-011984,unknown,iOS 16,fully_patched,False,guest,5
ALT-011985,smartphone,iOS 16,fully_patched,True,student,2
ALT-011986,laptop,Unknown,partially_patched,True,faculty,2
ALT-011987,unknown,iOS 16,fully_patched,False,guest,2
ALT-011988,laptop,iOS 16,partially_patched,True,guest,0
ALT-011989,smartphone,macOS 13,fully_patched,False,guest,0
ALT-011990,tablet,Ubuntu 22.04,fully_patched,True,student,1
ALT-011991,unknown,Android 13,partially_patched,False,guest,2
ALT-011992,workstation,iOS 16,fully_patched,True,lab_admin,2
ALT-011993,unknown,Ubuntu 22.04,fully_patched,False,guest,0
ALT-011994,unknown,unknown,unknown,,unknown,
ALT-011995,laptop,macOS 13,fully_patched,False,guest,3
ALT-011996,unknown,iOS 16,partially_patched,False,guest,2
ALT-011997,smartphone,Ubuntu 22.04,fully_patched,False,guest,4
ALT-011998,smartphone,Ubuntu 22.04,fully_patched,False,guest,3
ALT-011999,laptop,Ubuntu 22.04,partially_patched,False,guest,1
ALT-012000,smartphone,Ubuntu 22.04,fully_patched,False,guest,1
ALT-012001,laptop,Windows 11,fully_patched,True,student,5
ALT-012002,laptop,iOS 16,fully_patched,False,guest,1
ALT-012003,smartphone,Windows 11,fully_patched,False,guest,5
ALT-012004,unknown,unknown,unknown,,unknown,
ALT-012005,laptop,Windows 10,unpatched,False,guest,1
ALT-012006,smartphone,macOS 13,partially_patched,True,student,1
ALT-012007,laptop,Ubuntu 22.04,fully_patched,True,student,5
ALT-012008,smartphone,macOS 13,fully_patched,False,guest,1
ALT-012009,smartphone,Windows 10,fully_patched,False,guest,0
ALT-012010,laptop,Ubuntu 22.04,partially_patched,True,student,5
ALT-012011,unknown,unknown,unknown,,unknown,
ALT-012012,smartphone,Ubuntu 22.04,fully_patched,False,guest,4
ALT-012013,smartphone,macOS 13,partially_patched,False,guest,0
ALT-012014,laptop,Unknown,fully_patched,False,guest,3
ALT-012015,unknown,unknown,unknown,,unknown,
ALT-012016,smartphone,Windows 10,partially_patched,False,guest,0
ALT-012017,smartphone,Windows 10,partially_patched,False,guest,0
ALT-012018,laptop,iOS 16,partially_patched,False,guest,4
ALT-012019,unknown,iOS 16,fully_patched,False,guest,0
ALT-012020,workstation,Ubuntu 22.04,partially_patched,True,faculty,4
ALT-012021,unknown,iOS 16,fully_patched,False,guest,3
ALT-012022,laptop,Ubuntu 22.04,partially_patched,False,guest,5
ALT-012023,smartphone,iOS 16,fully_patched,True,student,5
ALT-012024,raspberry_pi,Unknown,unpatched,True,lab_admin,5
ALT-012025,smartphone,Windows 10,partially_patched,False,guest,0
ALT-012026,laptop,Android 13,partially_patched,False,guest,2
ALT-012027,tablet,iOS 16,partially_patched,False,guest,1
ALT-012028,workstation,Android 13,fully_patched,True,faculty,5
ALT-012029,unknown,unknown,unknown,,unknown,
ALT-012030,raspberry_pi,Android 13,partially_patched,True,lab_admin,2
ALT-012031,unknown,Windows 10,unpatched,False,guest,3
ALT-012032,smartphone,macOS 13,fully_patched,False,guest,3
ALT-012033,server,Unknown,partially_patched,True,faculty,2
ALT-012034,smartphone,Windows 11,partially_patched,True,student,0
ALT-012035,unknown,macOS 13,partially_patched,False,guest,2
ALT-012036,tablet,Android 13,fully_patched,True,student,0
ALT-012037,smartphone,Windows 11,partially_patched,True,student,5
ALT-012038,smartphone,Ubuntu 22.04,unpatched,False,guest,1
ALT-012039,laptop,macOS 13,unpatched,False,guest,0
ALT-012040,laptop,Windows 10,fully_patched,True,student,5
ALT-012041,laptop,iOS 16,fully_patched,False,guest,0
ALT-012042,smartphone,Android 13,fully_patched,True,student,0
ALT-012043,smartphone,iOS 16,fully_patched,True,student,4
ALT-012044,unknown,iOS 16,fully_patched,False,guest,4
ALT-012045,unknown,unknown,unknown,,unknown,
ALT-012046,tablet,Android 13,fully_patched,True,student,5
ALT-012047,unknown,unknown,unknown,,unknown,
ALT-012048,laptop,Windows 10,partially_patched,False,guest,1
ALT-012049,unknown,iOS 16,unpatched,False,guest,1
ALT-012050,tablet,Unknown,fully_patched,True,student,3
ALT-012051,unknown,unknown,unknown,,unknown,
ALT-012052,tablet,Android 13,unpatched,True,student,2
ALT-012053,tablet,Android 13,partially_patched,True,student,2
ALT-012054,raspberry_pi,Android 13,partially_patched,True,faculty,3
ALT-012055,tablet,Windows 11,fully_patched,True,student,3
ALT-012056,tablet,Windows 10,fully_patched,True,student,3
ALT-012057,smartphone,Android 13,partially_patched,False,guest,2
ALT-012058,tablet,iOS 16,partially_patched,True,student,0
ALT-012059,smartphone,Unknown,partially_patched,False,guest,3
ALT-012060,smartphone,Android 13,unpatched,False,guest,5
ALT-012061,laptop,Ubuntu 22.04,partially_patched,False,guest,5
ALT-012062,smartphone,iOS 16,partially_patched,True,student,0
ALT-012063,smartphone,Ubuntu 22.04,partially_patched,True,student,4
ALT-012064,unknown,unknown,unknown,,unknown,
ALT-012065,workstation,Windows 10,fully_patched,True,faculty,0
ALT-012066,smartphone,Windows 10,partially_patched,True,guest,1
ALT-012067,unknown,Android 13,partially_patched,False,guest,5
ALT-012068,unknown,unknown,unknown,,unknown,
ALT-012069,laptop,Ubuntu 22.04,fully_patched,False,guest,1
ALT-012070,laptop,iOS 16,unpatched,False,guest,3
ALT-012071,laptop,macOS 13,unpatched,True,student,2
ALT-012072,unknown,Unknown,unknown,False,guest,1
ALT-012073,smartphone,Ubuntu 22.04,fully_patched,False,guest,1
ALT-012074,tablet,Android 13,partially_patched,True,guest,1
ALT-012075,tablet,iOS 16,partially_patched,True,student,3
ALT-012076,smartphone,Windows 11,fully_patched,True,student,2
ALT-012077,smartphone,Unknown,partially_patched,True,student,1
ALT-012078,laptop,Windows 11,unpatched,False,guest,5
ALT-012079,smartphone,Android 13,fully_patched,True,student,4
ALT-012080,workstation,iOS 16,fully_patched,True,lab_admin,4
ALT-012081,tablet,Ubuntu 22.04,partially_patched,True,student,5
ALT-012082,tablet,Ubuntu 22.04,fully_patched,True,student,1
ALT-012083,server,macOS 13,unpatched,True,faculty,4
ALT-012084,laptop,iOS 16,partially_patched,False,guest,4
ALT-012085,tablet,Ubuntu 22.04,unpatched,True,student,4
ALT-012086,laptop,Windows 11,fully_patched,True,student,4
ALT-012087,smartphone,Windows 10,unpatched,True,student,0
ALT-012088,unknown,unknown,unknown,,unknown,
ALT-012089,smartphone,Unknown,fully_patched,False,guest,1
ALT-012090,laptop,Android 13,unpatched,False,guest,0
ALT-012091,unknown,macOS 13,fully_patched,False,guest,1
ALT-012092,smartphone,iOS 16,unknown,True,student,4
ALT-012093,laptop,macOS 13,partially_patched,False,guest,2
ALT-012094,unknown,Windows 10,partially_patched,False,guest,2
ALT-012095,tablet,Android 13,partially_patched,True,student,2
ALT-012096,laptop,Ubuntu 22.04,fully_patched,False,guest,5
ALT-012097,unknown,Unknown,fully_patched,False,guest,0
ALT-012098,laptop,Windows 11,fully_patched,False,guest,5
ALT-012099,laptop,Windows 10,fully_patched,True,student,2
ALT-012100,smartphone,Windows 10,fully_patched,False,guest,2
ALT-012101,laptop,Ubuntu 22.04,partially_patched,False,guest,2
ALT-012102,unknown,Android 13,fully_patched,False,guest,4
ALT-012103,unknown,unknown,unknown,,unknown,
ALT-012104,smartphone,Windows 10,partially_patched,False,guest,0
ALT-012105,smartphone,macOS 13,fully_patched,False,guest,5
ALT-012106,unknown,Windows 10,unpatched,False,guest,1
ALT-012107,unknown,iOS 16,fully_patched,False,guest,4
ALT-012108,laptop,iOS 16,partially_patched,True,guest,0
ALT-012109,laptop,Unknown,partially_patched,False,guest,2
ALT-012110,smartphone,Unknown,unpatched,False,guest,0
ALT-012111,laptop,Windows 10,partially_patched,True,student,3
ALT-012112,laptop,Windows 11,unknown,True,student,5
ALT-012113,laptop,macOS 13,fully_patched,True,student,5
ALT-012114,laptop,Unknown,fully_patched,True,student,0
ALT-012115,smartphone,Android 13,unpatched,False,guest,4
ALT-012116,unknown,Ubuntu 22.04,fully_patched,False,guest,3
ALT-012117,laptop,Unknown,unpatched,False,guest,0
ALT-012118,smartphone,Ubuntu 22.04,fully_patched,False,guest,4
ALT-012119,unknown,unknown,unknown,,unknown,
ALT-012120,smartphone,Windows 11,partially_patched,False,guest,1
ALT-012121,laptop,iOS 16,fully_patched,False,guest,0
ALT-012122,smartphone,Unknown,partially_patched,True,student,0
ALT-012123,smartphone,Windows 10,fully_patched,True,student,1
ALT-012124,tablet,macOS 13,unknown,True,student,0
ALT-012125,smartphone,iOS 16,fully_patched,True,student,1
ALT-012126,laptop,Android 13,unpatched,True,student,5
ALT-012127,smartphone,Ubuntu 22.04,fully_patched,False,guest,2
ALT-012128,unknown,unknown,unknown,,unknown,
ALT-012129,laptop,Ubuntu 22.04,unpatched,False,guest,4
ALT-012130,laptop,Ubuntu 22.04,unpatched,False,guest,1
ALT-012131,unknown,Windows 11,partially_patched,False,guest,2
ALT-012132,laptop,Windows 10,unknown,True,faculty,2
ALT-012133,tablet,Windows 10,fully_patched,True,student,4
ALT-012134,unknown,Unknown,partially_patched,False,guest,4
ALT-012135,smartphone,iOS 16,fully_patched,True,student,2
ALT-012136,unknown,unknown,unknown,,unknown,
ALT-012137,laptop,Windows 11,unpatched,False,guest,4
ALT-012138,laptop,Windows 10,fully_patched,True,student,0
ALT-012139,unknown,Android 13,fully_patched,False,guest,2
ALT-012140,smartphone,iOS 16,fully_patched,False,guest,3
ALT-012141,smartphone,macOS 13,fully_patched,True,student,2
ALT-012142,tablet,Windows 10,partially_patched,True,student,3
ALT-012143,unknown,macOS 13,partially_patched,False,guest,0
ALT-012144,smartphone,Windows 10,partially_patched,False,guest,1
ALT-012145,smartphone,Android 13,partially_patched,True,student,5
ALT-012146,laptop,macOS 13,fully_patched,True,lab_admin,2
ALT-012147,smartphone,macOS 13,partially_patched,False,guest,3
ALT-012148,unknown,unknown,unknown,,unknown,
ALT-012149,smartphone,Unknown,partially_patched,True,student,1
ALT-012150,tablet,Android 13,fully_patched,True,student,0
ALT-012151,server,Android 13,fully_patched,True,faculty,0
ALT-012152,tablet,macOS 13,unpatched,True,student,4
ALT-012153,smartphone,Ubuntu 22.04,fully_patched,False,guest,1
ALT-012154,workstation,iOS 16,fully_patched,True,lab_admin,1
ALT-012155,laptop,Windows 11,partially_patched,False,guest,4
ALT-012156,laptop,Windows 11,partially_patched,False,guest,5
ALT-012157,tablet,macOS 13,fully_patched,True,student,0
ALT-012158,smartphone,Ubuntu 22.04,fully_patched,True,student,0
ALT-012159,smartphone,Windows 10,partially_patched,False,guest,0
ALT-012160,laptop,iOS 16,fully_patched,True,guest,0
ALT-012161,raspberry_pi,Ubuntu 22.04,unpatched,True,faculty,2
ALT-012162,unknown,unknown,unknown,,unknown,
ALT-012163,smartphone,macOS 13,fully_patched,True,student,0
ALT-012164,laptop,Ubuntu 22.04,fully_patched,True,student,1
ALT-012165,unknown,Unknown,partially_patched,False,guest,5
ALT-012166,unknown,unknown,unknown,,unknown,
ALT-012167,laptop,Windows 11,fully_patched,True,student,5
ALT-012168,laptop,iOS 16,partially_patched,True,student,0
ALT-012169,smartphone,Ubuntu 22.04,fully_patched,False,guest,0
ALT-012170,laptop,iOS 16,partially_patched,False,guest,5
ALT-012171,unknown,unknown,unknown,,unknown,
ALT-012172,smartphone,macOS 13,partially_patched,False,guest,1
ALT-012173,smartphone,Unknown,fully_patched,True,student,2
ALT-012174,smartphone,Ubuntu 22.04,partially_patched,False,guest,1
ALT-012175,smartphone,Unknown,partially_patched,True,student,4
ALT-012176,server,Windows 11,fully_patched,True,faculty,3
ALT-012177,unknown,Ubuntu 22.04,fully_patched,False,guest,5
ALT-012178,tablet,iOS 16,fully_patched,True,student,5
ALT-012179,laptop,Windows 11,fully_patched,True,guest,0
ALT-012180,unknown,unknown,unknown,,unknown,
ALT-012181,smartphone,Windows 10,unknown,True,student,3
ALT-012182,unknown,unknown,unknown,,unknown,
ALT-012183,smartphone,Windows 10,fully_patched,True,student,2
ALT-012184,smartphone,Windows 11,unknown,True,student,0
ALT-012185,laptop,iOS 16,fully_patched,False,guest,4
ALT-012186,unknown,unknown,unknown,,unknown,
ALT-012187,raspberry_pi,macOS 13,fully_patched,True,lab_admin,5
ALT-012188,laptop,Unknown,fully_patched,True,lab_admin,4
ALT-012189,tablet,Unknown,fully_patched,True,student,1
ALT-012190,smartphone,Ubuntu 22.04,fully_patched,True,student,1
ALT-012191,tablet,Unknown,fully_patched,True,student,0
ALT-012192,smartphone,Windows 10,partially_patched,True,guest,0
ALT-012193,workstation,Windows 10,unknown,True,faculty,5
ALT-012194,tablet,Ubuntu 22.04,partially_patched,True,student,4
ALT-012195,raspberry_pi,macOS 13,fully_patched,True,faculty,0
ALT-012196,laptop,Windows 11,fully_patched,True,student,5
ALT-012197,unknown,unknown,unknown,,unknown,
ALT-012198,laptop,iOS 16,unknown,False,guest,2
ALT-012199,smartphone,Android 13,fully_patched,False,guest,1
ALT-012200,laptop,iOS 16,fully_patched,False,guest,2
ALT-012201,tablet,macOS 13,unpatched,True,student,0
ALT-012202,smartphone,Unknown,partially_patched,False,guest,4
ALT-012203,smartphone,Windows 10,partially_patched,False,guest,4
ALT-012204,laptop,macOS 13,partially_patched,True,student,2
ALT-012205,server,Windows 11,unpatched,True,lab_admin,3
ALT-012206,smartphone,Windows 10,fully_patched,True,student,1
ALT-012207,unknown,unknown,unknown,,unknown,
ALT-012208,laptop,Ubuntu 22.04,fully_patched,False,guest,4
ALT-012209,laptop,Windows 10,fully_patched,False,guest,2
ALT-012210,unknown,unknown,unknown,,unknown,
ALT-012211,unknown,unknown,unknown,,unknown,
ALT-012212,unknown,unknown,unknown,,unknown,
ALT-012213,smartphone,Unknown,fully_patched,True,student,1
ALT-012214,laptop,Unknown,fully_patched,True,student,2
ALT-012215,laptop,Unknown,unpatched,True,student,4
ALT-012216,unknown,macOS 13,fully_patched,False,guest,4
ALT-012217,laptop,iOS 16,fully_patched,False,guest,3
ALT-012218,laptop,Ubuntu 22.04,fully_patched,True,student,4
ALT-012219,laptop,Android 13,fully_patched,True,faculty,2
ALT-012220,laptop,macOS 13,fully_patched,False,guest,3
ALT-012221,unknown,macOS 13,unpatched,False,guest,0
ALT-012222,smartphone,Windows 11,unknown,True,student,2
ALT-012223,unknown,unknown,unknown,,unknown,
ALT-012224,smartphone,Unknown,unpatched,False,guest,4
ALT-012225,laptop,Android 13,fully_patched,True,student,0
ALT-012226,smartphone,iOS 16,partially_patched,False,guest,1
ALT-012227,laptop,Android 13,fully_patched,True,student,0
ALT-012228,unknown,Windows 10,fully_patched,False,guest,4
ALT-012229,smartphone,Ubuntu 22.04,partially_patched,False,guest,0
ALT-012230,unknown,macOS 13,fully_patched,False,guest,2
ALT-012231,unknown,Windows 10,fully_patched,False,guest,0
ALT-012232,laptop,Ubuntu 22.04,unpatched,False,guest,3
ALT-012233,unknown,unknown,unknown,,unknown,
ALT-012234,unknown,unknown,unknown,,unknown,
ALT-012235,unknown,iOS 16,partially_patched,False,guest,3
ALT-012236,tablet,macOS 13,partially_patched,True,student,1
ALT-012237,laptop,Unknown,fully_patched,True,student,1
ALT-012238,tablet,Android 13,partially_patched,True,student,0
ALT-012239,unknown,unknown,unknown,,unknown,
ALT-012240,laptop,Android 13,fully_patched,False,guest,1
ALT-012241,unknown,unknown,unknown,,unknown,
ALT-012242,unknown,Ubuntu 22.04,unpatched,False,guest,5
ALT-012243,smartphone,macOS 13,fully_patched,False,guest,1
ALT-012244,unknown,Ubuntu 22.04,fully_patched,False,guest,4
ALT-012245,unknown,iOS 16,fully_patched,False,guest,3
ALT-012246,laptop,Ubuntu 22.04,unpatched,True,student,0
ALT-012247,unknown,Windows 10,partially_patched,False,guest,1
ALT-012248,tablet,Ubuntu 22.04,partially_patched,True,student,1
ALT-012249,tablet,iOS 16,fully_patched,True,student,2
ALT-012250,laptop,Windows 10,unpatched,True,student,1
ALT-012251,unknown,unknown,unknown,,unknown,
ALT-012252,laptop,Windows 11,partially_patched,True,faculty,0
ALT-012253,raspberry_pi,iOS 16,unpatched,True,lab_admin,0
ALT-012254,smartphone,Android 13,fully_patched,True,student,2
ALT-012255,smartphone,Windows 10,fully_patched,True,student,0
ALT-012256,smartphone,Ubuntu 22.04,fully_patched,False,guest,4
ALT-012257,unknown,unknown,unknown,,unknown,
ALT-012258,tablet,Windows 10,fully_patched,True,student,1
ALT-012259,smartphone,iOS 16,fully_patched,False,guest,4
ALT-012260,smartphone,macOS 13,unknown,False,guest,1
ALT-012261,workstation,Windows 11,fully_patched,True,faculty,4
ALT-012262,smartphone,Windows 11,partially_patched,True,student,3
ALT-012263,unknown,unknown,unknown,,unknown,
ALT-012264,raspberry_pi,iOS 16,unpatched,True,faculty,2
ALT-012265,unknown,Ubuntu 22.04,partially_patched,False,guest,0
ALT-012266,laptop,Ubuntu 22.04,partially_patched,False,guest,0
ALT-012267,unknown,unknown,unknown,,unknown,
ALT-012268,unknown,Ubuntu 22.04,fully_patched,False,guest,1
ALT-012269,laptop,Windows 10,fully_patched,False,guest,2
ALT-012270,unknown,unknown,unknown,,unknown,
ALT-012271,laptop,Ubuntu 22.04,unpatched,True,student,1
ALT-012272,unknown,Windows 11,fully_patched,False,guest,0
ALT-012273,laptop,Android 13,partially_patched,False,guest,0
ALT-012274,smartphone,macOS 13,partially_patched,False,guest,4
ALT-012275,smartphone,Ubuntu 22.04,fully_patched,False,guest,2
ALT-012276,laptop,Ubuntu 22.04,fully_patched,False,guest,3
ALT-012277,server,macOS 13,fully_patched,True,faculty,0
ALT-012278,smartphone,Unknown,fully_patched,True,student,5
ALT-012279,unknown,iOS 16,partially_patched,False,guest,0
ALT-012280,smartphone,iOS 16,fully_patched,False,guest,0
ALT-012281,tablet,macOS 13,fully_patched,True,student,4
ALT-012282,unknown,macOS 13,fully_patched,False,guest,3
ALT-012283,unknown,Unknown,fully_patched,False,guest,4
ALT-012284,unknown,unknown,unknown,,unknown,
ALT-012285,tablet,Android 13,fully_patched,True,student,5
ALT-012286,smartphone,iOS 16,unpatched,True,student,2
ALT-012287,laptop,Ubuntu 22.04,fully_patched,False,guest,5
ALT-012288,smartphone,Android 13,fully_patched,False,guest,5
ALT-012289,unknown,unknown,unknown,,unknown,
ALT-012290,smartphone,Windows 10,fully_patched,True,student,4
ALT-012291,smartphone,iOS 16,unpatched,False,guest,2
ALT-012292,unknown,unknown,unknown,,unknown,
ALT-012293,server,Unknown,fully_patched,True,faculty,5
ALT-012294,tablet,Unknown,fully_patched,True,student,3
ALT-012295,smartphone,Android 13,fully_patched,False,guest,0
ALT-012296,unknown,Ubuntu 22.04,partially_patched,False,guest,5
ALT-012297,tablet,Unknown,unpatched,True,student,5
ALT-012298,unknown,macOS 13,fully_patched,False,guest,5
ALT-012299,unknown,Windows 10,unpatched,False,guest,0
ALT-012300,unknown,unknown,unknown,,unknown,
ALT-012301,smartphone,Windows 10,fully_patched,True,student,5
ALT-012302,laptop,Ubuntu 22.04,fully_patched,False,guest,4
ALT-012303,unknown,iOS 16,fully_patched,False,guest,3
ALT-012304,smartphone,Windows 10,fully_patched,True,student,2
ALT-012305,unknown,Windows 11,fully_patched,False,guest,0
ALT-012306,smartphone,Unknown,unpatched,True,student,3
ALT-012307,laptop,Windows 11,partially_patched,True,student,2
ALT-012308,smartphone,Ubuntu 22.04,partially_patched,False,guest,4
ALT-012309,smartphone,macOS 13,unpatched,True,student,1
ALT-012310,tablet,iOS 16,fully_patched,True,student,4
ALT-012311,smartphone,Android 13,fully_patched,False,guest,2
ALT-012312,unknown,Unknown,fully_patched,False,guest,5
ALT-012313,laptop,Ubuntu 22.04,unpatched,True,student,3
ALT-012314,tablet,Android 13,partially_patched,True,guest,1
ALT-012315,tablet,Ubuntu 22.04,partially_patched,True,student,2
ALT-012316,smartphone,Ubuntu 22.04,fully_patched,False,guest,1
ALT-012317,laptop,macOS 13,unknown,True,lab_admin,4
ALT-012318,unknown,unknown,unknown,,unknown,
ALT-012319,laptop,Windows 11,partially_patched,False,guest,0
ALT-012320,smartphone,Windows 11,unpatched,False,guest,2
ALT-012321,smartphone,Unknown,partially_patched,False,guest,5
ALT-012322,smartphone,macOS 13,unpatched,False,guest,5
ALT-012323,smartphone,Windows 10,partially_patched,False,guest,4
ALT-012324,laptop,Windows 11,fully_patched,False,guest,0
ALT-012325,smartphone,Windows 10,fully_patched,True,student,0
ALT-012326,tablet,iOS 16,fully_patched,True,student,4
ALT-012327,unknown,Android 13,fully_patched,False,guest,4
ALT-012328,laptop,Unknown,partially_patched,True,student,0
ALT-012329,unknown,Ubuntu 22.04,fully_patched,False,guest,4
ALT-012330,laptop,macOS 13,partially_patched,True,guest,0
ALT-012331,unknown,iOS 16,partially_patched,False,guest,2
ALT-012332,smartphone,macOS 13,fully_patched,False,guest,0
ALT-012333,unknown,Unknown,partially_patched,False,guest,1
ALT-012334,tablet,Windows 10,fully_patched,True,student,2
ALT-012335,smartphone,Ubuntu 22.04,unpatched,True,student,3
ALT-012336,smartphone,Windows 10,partially_patched,True,guest,0
ALT-012337,smartphone,Android 13,fully_patched,False,guest,0
ALT-012338,unknown,unknown,unknown,,unknown,
ALT-012339,smartphone,Windows 10,fully_patched,True,student,0
ALT-012340,tablet,Windows 10,unpatched,True,student,0
ALT-012341,unknown,iOS 16,fully_patched,False,guest,2
ALT-012342,workstation,Windows 11,fully_patched,True,lab_admin,1
ALT-012343,smartphone,macOS 13,fully_patched,True,student,0
ALT-012344,unknown,Android 13,partially_patched,False,guest,5
ALT-012345,smartphone,iOS 16,partially_patched,False,guest,3
ALT-012346,laptop,Ubuntu 22.04,fully_patched,True,student,3
ALT-012347,smartphone,Windows 11,fully_patched,True,student,3
ALT-012348,smartphone,Ubuntu 22.04,fully_patched,False,guest,5
ALT-012349,tablet,Windows 10,fully_patched,True,student,5
ALT-012350,workstation,Windows 10,fully_patched,True,faculty,3
ALT-012351,tablet,Unknown,partially_patched,True,student,3
ALT-012352,smartphone,iOS 16,partially_patched,True,student,2
ALT-012353,laptop,Android 13,unpatched,True,student,4
ALT-012354,laptop,Android 13,fully_patched,True,student,0
ALT-012355,smartphone,macOS 13,partially_patched,False,guest,4
ALT-012356,smartphone,iOS 16,fully_patched,True,guest,0
ALT-012357,unknown,Ubuntu 22.04,unpatched,False,guest,2
ALT-012358,laptop,Windows 10,fully_patched,True,student,5
ALT-012359,tablet,Android 13,fully_patched,True,student,3
ALT-012360,workstation,iOS 16,fully_patched,True,faculty,5
ALT-012361,workstation,Ubuntu 22.04,fully_patched,True,faculty,0
ALT-012362,tablet,Ubuntu 22.04,unknown,True,student,4
ALT-012363,smartphone,Unknown,partially_patched,True,student,2
ALT-012364,laptop,macOS 13,fully_patched,False,guest,3
ALT-012365,workstation,Windows 11,fully_patched,True,faculty,0
ALT-012366,laptop,Windows 10,fully_patched,True,student,3
ALT-012367,smartphone,Android 13,fully_patched,False,guest,2
ALT-012368,laptop,Android 13,fully_patched,True,student,5
ALT-012369,smartphone,Windows 10,fully_patched,True,guest,0
ALT-012370,unknown,Unknown,partially_patched,False,guest,1
ALT-012371,laptop,Windows 11,partially_patched,True,guest,0
ALT-012372,smartphone,Ubuntu 22.04,fully_patched,False,guest,2
ALT-012373,laptop,Android 13,fully_patched,True,student,0
ALT-012374,smartphone,Android 13,fully_patched,False,guest,3
ALT-012375,smartphone,Unknown,fully_patched,True,student,2
ALT-012376,laptop,Windows 11,partially_patched,False,guest,0
ALT-012377,tablet,iOS 16,fully_patched,True,student,2
ALT-012378,workstation,Ubuntu 22.04,partially_patched,True,faculty,2
ALT-012379,smartphone,Windows 10,partially_patched,True,student,0
ALT-012380,laptop,macOS 13,fully_patched,False,guest,1
ALT-012381,workstation,iOS 16,partially_patched,True,faculty,5
ALT-012382,unknown,unknown,unknown,,unknown,
ALT-012383,tablet,macOS 13,partially_patched,True,student,1
ALT-012384,laptop,Unknown,partially_patched,False,guest,1
ALT-012385,workstation,iOS 16,unpatched,True,faculty,2
ALT-012386,unknown,Windows 10,unpatched,False,guest,2
ALT-012387,tablet,Android 13,fully_patched,True,student,1
ALT-012388,unknown,unknown,unknown,,unknown,
ALT-012389,laptop,Unknown,fully_patched,True,student,4
ALT-012390,tablet,Windows 10,unpatched,True,student,0
ALT-012391,laptop,Unknown,fully_patched,True,student,0
ALT-012392,smartphone,Android 13,partially_patched,False,guest,3
ALT-012393,server,macOS 13,fully_patched,True,faculty,2
ALT-012394,smartphone,Ubuntu 22.04,fully_patched,False,guest,0
ALT-012395,tablet,Unknown,fully_patched,True,student,5
ALT-012396,unknown,unknown,unknown,,unknown,
ALT-012397,unknown,Android 13,fully_patched,False,guest,1
ALT-012398,laptop,Windows 10,partially_patched,True,student,5
ALT-012399,unknown,macOS 13,unpatched,False,guest,2
ALT-012400,tablet,Windows 10,unknown,True,student,2
ALT-012401,smartphone,Ubuntu 22.04,partially_patched,False,guest,1
ALT-012402,unknown,unknown,unknown,,unknown,
ALT-012403,tablet,iOS 16,partially_patched,False,guest,1
ALT-012404,laptop,Unknown,fully_patched,False,guest,2
ALT-012405,smartphone,iOS 16,fully_patched,False,guest,0
ALT-012406,unknown,Windows 11,fully_patched,False,guest,4
ALT-012407,unknown,Windows 10,fully_patched,False,guest,1
ALT-012408,laptop,iOS 16,fully_patched,True,student,3
ALT-012409,smartphone,Unknown,partially_patched,False,guest,2
ALT-012410,unknown,Ubuntu 22.04,fully_patched,False,guest,0
ALT-012411,unknown,Windows 10,unpatched,False,guest,2
ALT-012412,laptop,macOS 13,partially_patched,True,student,4
ALT-012413,server,macOS 13,fully_patched,True,lab_admin,0
ALT-012414,tablet,Unknown,fully_patched,True,student,3
ALT-012415,smartphone,macOS 13,fully_patched,True,student,5
ALT-012416,smartphone,Windows 10,unpatched,True,student,4
ALT-012417,unknown,iOS 16,fully_patched,False,guest,0
ALT-012418,laptop,Windows 10,fully_patched,False,guest,3
ALT-012419,unknown,iOS 16,unpatched,False,guest,5
ALT-012420,laptop,Android 13,fully_patched,False,guest,0
ALT-012421,laptop,Windows 11,partially_patched,False,guest,5
ALT-012422,tablet,Unknown,fully_patched,True,student,2
ALT-012423,tablet,Ubuntu 22.04,partially_patched,True,student,5
ALT-012424,unknown,Android 13,partially_patched,False,guest,4
ALT-012425,laptop,Ubuntu 22.04,fully_patched,True,student,0
ALT-012426,tablet,Android 13,partially_patched,True,student,0
ALT-012427,laptop,Android 13,fully_patched,False,guest,1
ALT-012428,laptop,Windows 10,partially_patched,False,guest,1
ALT-012429,smartphone,Android 13,fully_patched,False,guest,1
ALT-012430,workstation,Unknown,unpatched,True,lab_admin,1
ALT-012431,smartphone,Ubuntu 22.04,partially_patched,False,guest,2
ALT-012432,unknown,Windows 11,unpatched,False,guest,0
ALT-012433,laptop,Android 13,fully_patched,True,student,1
ALT-012434,unknown,iOS 16,fully_patched,False,guest,5
ALT-012435,laptop,Ubuntu 22.04,unpatched,True,student,1
ALT-012436,tablet,Unknown,fully_patched,True,student,0
ALT-012437,smartphone,Windows 11,fully_patched,True,student,0
ALT-012438,smartphone,Unknown,unpatched,False,guest,4
ALT-012439,laptop,Windows 11,partially_patched,True,student,1
ALT-012440,workstation,macOS 13,unpatched,True,lab_admin,2
ALT-012441,smartphone,Ubuntu 22.04,fully_patched,False,guest,3
ALT-012442,unknown,unknown,unknown,,unknown,
ALT-012443,laptop,iOS 16,partially_patched,False,guest,5
ALT-012444,laptop,Android 13,partially_patched,True,student,5
ALT-012445,laptop,Windows 10,fully_patched,False,guest,1
ALT-012446,unknown,unknown,unknown,,unknown,
ALT-012447,smartphone,Windows 11,fully_patched,True,student,3
ALT-012448,server,Android 13,fully_patched,True,faculty,5
ALT-012449,unknown,Unknown,partially_patched,False,guest,0
ALT-012450,smartphone,iOS 16,fully_patched,True,student,0
ALT-012451,smartphone,iOS 16,fully_patched,True,student,1
ALT-012452,laptop,Windows 10,fully_patched,True,student,5
ALT-012453,smartphone,Ubuntu 22.04,fully_patched,False,guest,4
ALT-012454,unknown,macOS 13,partially_patched,False,guest,0
ALT-012455,unknown,unknown,unknown,,unknown,
ALT-012456,laptop,Unknown,partially_patched,False,guest,3
ALT-012457,laptop,Android 13,fully_patched,False,guest,0
ALT-012458,raspberry_pi,macOS 13,unknown,True,faculty,3
ALT-012459,laptop,Ubuntu 22.04,fully_patched,False,guest,3
ALT-012460,smartphone,Windows 10,unpatched,False,guest,3
ALT-012461,laptop,macOS 13,unknown,False,guest,2
ALT-012462,laptop,Ubuntu 22.04,partially_patched,False,guest,1
ALT-012463,smartphone,Android 13,fully_patched,False,guest,5
ALT-012464,unknown,unknown,unknown,,unknown,
ALT-012465,unknown,iOS 16,fully_patched,False,guest,3
ALT-012466,smartphone,iOS 16,partially_patched,True,student,0
ALT-012467,smartphone,macOS 13,fully_patched,False,guest,1
ALT-012468,unknown,Android 13,partially_patched,False,guest,3
ALT-012469,laptop,Ubuntu 22.04,unpatched,False,guest,1
ALT-012470,smartphone,Ubuntu 22.04,partially_patched,False,guest,3
ALT-012471,smartphone,macOS 13,fully_patched,False,guest,0
ALT-012472,smartphone,Windows 10,partially_patched,False,guest,2
ALT-012473,laptop,Ubuntu 22.04,fully_patched,False,guest,2
ALT-012474,laptop,iOS 16,fully_patched,True,student,1
ALT-012475,laptop,Unknown,partially_patched,False,guest,4
ALT-012476,smartphone,Windows 10,unpatched,True,student,0
ALT-012477,unknown,Windows 10,unknown,False,guest,2
ALT-012478,server,macOS 13,fully_patched,True,lab_admin,1
ALT-012479,server,Unknown,unknown,True,lab_admin,4
ALT-012480,unknown,unknown,unknown,,unknown,
ALT-012481,unknown,iOS 16,fully_patched,False,guest,0
ALT-012482,unknown,unknown,unknown,,unknown,
ALT-012483,laptop,macOS 13,unpatched,False,guest,3
ALT-012484,laptop,Android 13,partially_patched,False,guest,1
ALT-012485,smartphone,Windows 11,fully_patched,False,guest,5
ALT-012486,smartphone,Windows 10,unpatched,True,student,5
ALT-012487,unknown,Android 13,partially_patched,False,guest,1
ALT-012488,laptop,Ubuntu 22.04,partially_patched,False,guest,4
ALT-012489,smartphone,Windows 10,unpatched,False,guest,0
ALT-012490,unknown,unknown,unknown,,unknown,
ALT-012491,unknown,Windows 10,unknown,False,guest,1
ALT-012492,laptop,Windows 11,partially_patched,True,student,3
ALT-012493,tablet,Unknown,fully_patched,True,student,3
ALT-012494,smartphone,Android 13,unpatched,True,student,2
ALT-012495,tablet,Windows 11,fully_patched,True,student,5
ALT-012496,tablet,Unknown,fully_patched,True,student,3
ALT-012497,laptop,Android 13,partially_patched,False,guest,0
ALT-012498,unknown,unknown,unknown,,unknown,
ALT-012499,unknown,unknown,unknown,,unknown,
ALT-012500,smartphone,Android 13,partially_patched,True,student,0
ALT-012501,server,iOS 16,unpatched,True,lab_admin,1
ALT-012502,laptop,Windows 10,fully_patched,False,guest,2
ALT-012503,workstation,macOS 13,partially_patched,True,lab_admin,5
ALT-012504,workstation,iOS 16,fully_patched,True,lab_admin,2
ALT-012505,unknown,Android 13,partially_patched,False,guest,0
ALT-012506,tablet,Ubuntu 22.04,unpatched,True,student,3
ALT-012507,unknown,unknown,unknown,,unknown,
ALT-012508,tablet,Unknown,unpatched,True,student,5
ALT-012509,laptop,iOS 16,fully_patched,False,guest,4
ALT-012510,unknown,iOS 16,partially_patched,False,guest,1
ALT-012511,smartphone,iOS 16,partially_patched,False,guest,3
ALT-012512,laptop,Ubuntu 22.04,fully_patched,True,student,3
ALT-012513,tablet,Unknown,fully_patched,True,student,2
ALT-012514,server,Android 13,partially_patched,True,lab_admin,5
ALT-012515,tablet,iOS 16,unpatched,True,student,1
ALT-012516,laptop,Android 13,partially_patched,False,guest,4
ALT-012517,smartphone,Android 13,fully_patched,True,student,3
ALT-012518,laptop,Android 13,fully_patched,True,student,3
ALT-012519,laptop,Windows 11,partially_patched,True,student,3
ALT-012520,tablet,macOS 13,partially_patched,True,student,4
ALT-012521,smartphone,Android 13,partially_patched,True,student,3
ALT-012522,laptop,Android 13,partially_patched,True,student,5
ALT-012523,smartphone,iOS 16,partially_patched,False,guest,4
ALT-012524,laptop,Ubuntu 22.04,fully_patched,True,lab_admin,2
ALT-012525,smartphone,macOS 13,fully_patched,False,guest,3
ALT-012526,unknown,macOS 13,partially_patched,False,guest,4
ALT-012527,smartphone,Windows 11,fully_patched,False,guest,4
ALT-012528,unknown,unknown,unknown,,unknown,
ALT-012529,laptop,iOS 16,unpatched,True,student,2
ALT-012530,tablet,iOS 16,partially_patched,True,student,2
ALT-012531,unknown,Ubuntu 22.04,unpatched,False,guest,2
ALT-012532,unknown,Windows 10,partially_patched,False,guest,4
ALT-012533,tablet,Android 13,fully_patched,True,student,4
ALT-012534,tablet,Android 13,unpatched,True,student,5
ALT-012535,smartphone,Windows 11,unpatched,False,guest,1
ALT-012536,tablet,Windows 11,fully_patched,True,student,3
ALT-012537,laptop,Windows 11,fully_patched,True,student,4
ALT-012538,unknown,unknown,unknown,,unknown,
ALT-012539,laptop,Ubuntu 22.04,partially_patched,False,guest,2
ALT-012540,laptop,Android 13,partially_patched,False,guest,2
ALT-012541,laptop,Windows 10,fully_patched,False,guest,0
ALT-012542,laptop,iOS 16,fully_patched,True,student,2
ALT-012543,unknown,unknown,unknown,,unknown,
ALT-012544,server,iOS 16,unpatched,True,lab_admin,3
ALT-012545,unknown,unknown,unknown,,unknown,
ALT-012546,smartphone,Windows 10,fully_patched,False,guest,1
ALT-012547,tablet,Ubuntu 22.04,partially_patched,True,student,4
ALT-012548,unknown,unknown,unknown,,unknown,
ALT-012549,unknown,Windows 10,fully_patched,False,guest,4
ALT-012550,laptop,Unknown,unpatched,True,student,1
ALT-012551,laptop,Ubuntu 22.04,fully_patched,True,student,0
ALT-012552,laptop,Ubuntu 22.04,fully_patched,False,guest,2
ALT-012553,laptop,Unknown,partially_patched,False,guest,0
ALT-012554,unknown,Ubuntu 22.04,partially_patched,False,guest,1
ALT-012555,laptop,iOS 16,fully_patched,True,student,3
ALT-012556,workstation,iOS 16,fully_patched,True,faculty,5
ALT-012557,smartphone,Ubuntu 22.04,fully_patched,False,guest,0
ALT-012558,unknown,macOS 13,fully_patched,False,guest,2
ALT-012559,unknown,unknown,unknown,,unknown,
ALT-012560,unknown,Android 13,partially_patched,False,guest,3
ALT-012561,smartphone,macOS 13,fully_patched,False,guest,4
ALT-012562,laptop,Android 13,partially_patched,False,guest,3
ALT-012563,unknown,Ubuntu 22.04,partially_patched,False,guest,3
ALT-012564,tablet,iOS 16,fully_patched,True,student,5
ALT-012565,workstation,Windows 10,unpatched,True,lab_admin,2
ALT-012566,smartphone,iOS 16,fully_patched,True,student,4
ALT-012567,smartphone,Windows 10,fully_patched,True,student,2
ALT-012568,laptop,Android 13,partially_patched,True,lab_admin,4
ALT-012569,unknown,macOS 13,fully_patched,False,guest,1
ALT-012570,laptop,Android 13,fully_patched,True,student,1
ALT-012571,laptop,Windows 11,fully_patched,True,student,4
ALT-012572,unknown,unknown,unknown,,unknown,
ALT-012573,laptop,Android 13,fully_patched,True,student,3
ALT-012574,smartphone,Unknown,unpatched,True,student,5
ALT-012575,laptop,Unknown,partially_patched,False,guest,5
ALT-012576,laptop,Unknown,fully_patched,True,student,0
ALT-012577,laptop,Ubuntu 22.04,partially_patched,True,student,4
ALT-012578,laptop,Ubuntu 22.04,fully_patched,True,student,4
ALT-012579,server,macOS 13,fully_patched,True,lab_admin,4
ALT-012580,laptop,Android 13,fully_patched,True,student,1
ALT-012581,workstation,Windows 10,partially_patched,True,lab_admin,2
ALT-012582,unknown,unknown,unknown,,unknown,
ALT-012583,smartphone,Unknown,partially_patched,True,student,3
ALT-012584,laptop,Android 13,partially_patched,False,guest,1
ALT-012585,laptop,iOS 16,fully_patched,True,student,0
ALT-012586,smartphone,Unknown,partially_patched,True,student,5
ALT-012587,laptop,Windows 11,fully_patched,True,student,0
ALT-012588,unknown,Unknown,unpatched,False,guest,1
ALT-012589,workstation,Unknown,partially_patched,True,lab_admin,1
ALT-012590,unknown,unknown,unknown,,unknown,
ALT-012591,unknown,Android 13,fully_patched,False,guest,5
ALT-012592,smartphone,Windows 10,fully_patched,False,guest,5
ALT-012593,unknown,macOS 13,partially_patched,False,guest,2
ALT-012594,laptop,Windows 10,fully_patched,False,guest,1
ALT-012595,smartphone,Unknown,fully_patched,False,guest,1
ALT-012596,smartphone,Windows 11,unpatched,True,student,2
ALT-012597,smartphone,Unknown,fully_patched,True,student,5
ALT-012598,smartphone,iOS 16,fully_patched,True,student,5
ALT-012599,smartphone,Windows 10,partially_patched,True,student,5
ALT-012600,laptop,macOS 13,fully_patched,True,student,0
ALT-012601,unknown,Windows 10,fully_patched,False,guest,2
ALT-012602,laptop,Android 13,fully_patched,True,student,2
ALT-012603,smartphone,Unknown,unpatched,False,guest,1
ALT-012604,workstation,Ubuntu 22.04,fully_patched,True,faculty,2
ALT-012605,smartphone,Windows 10,fully_patched,True,student,4
ALT-012606,tablet,iOS 16,fully_patched,True,student,5
ALT-012607,laptop,Android 13,fully_patched,False,guest,3
ALT-012608,unknown,Unknown,partially_patched,False,guest,1
