alert_id,confirmed_incident,incident_category,confirmed_by,confirmation_date
ALT-000001,True,data_exfiltration,ana_004,2026-07-06
ALT-000002,True,data_exfiltration,ana_004,2026-07-02
ALT-000003,False,,,
ALT-000004,True,policy_violation_confirmed,ana_004,2026-07-01
ALT-000005,False,,,
ALT-000006,False,,,
ALT-000007,True,brute_force_intrusion,ana_004,2026-07-06
ALT-000008,True,malware_infection,ana_004,2026-07-06
ALT-000009,False,,,
ALT-000010,False,,,
ALT-000011,False,,,
ALT-000012,False,,,
ALT-000013,False,,,
ALT-000014,True,data_exfiltration,ana_004,2026-07-04
ALT-000015,False,,,
ALT-000016,False,,,
ALT-000017,False,,,
ALT-000018,False,,,
ALT-000019,False,,,
ALT-000020,False,,,
ALT-000021,False,,,
ALT-000022,False,,,
ALT-000023,False,,,
ALT-000024,False,,,
ALT-000025,False,,,
ALT-000026,False,,,
ALT-000027,False,,,
ALT-000028,False,,,
ALT-000029,True,malware_infection,ana_004,2026-07-02
ALT-000030,False,,,
ALT-000031,False,,,
ALT-000032,True,policy_violation_confirmed,ana_004,2026-07-05
ALT-000033,False,,,
ALT-000034,True,malware_infection,ana_004,2026-07-04
ALT-000035,True,malware_infection,ana_004,2026-07-06
ALT-000036,False,,,
ALT-000037,False,,,
ALT-000038,False,,,
ALT-000039,False,,,
ALT-000040,False,,,
ALT-000041,False,,,
ALT-000042,False,,,
ALT-000043,False,,,
ALT-000044,False,,,
ALT-000045,True,malware_infection,ana_004,2026-07-02
ALT-000046,False,,,
ALT-000047,False,,,
ALT-000048,False,,,
ALT-000049,False,,,
ALT-000050,False,,,
ALT-000051,False,,,
ALT-000052,True,lateral_movement,ana_004,2026-07-03
ALT-000053,True,data_exfiltration,ana_004,2026-07-05
ALT-000054,False,,,
ALT-000055,False,,,
ALT-000056,False,,,
ALT-000057,True,brute_force_intrusion,ana_004,2026-07-02
ALT-000058,False,,,
ALT-000059,False,,,
ALT-000060,True,data_exfiltration,ana_004,2026-07-04
ALT-000061,False,,,
ALT-000062,False,,,
ALT-000063,False,,,
ALT-000064,False,,,
ALT-000065,False,,,
ALT-000066,True,malware_infection,ana_004,2026-07-04
ALT-000067,False,,,
ALT-000068,False,,,
ALT-000069,False,,,
ALT-000070,False,,,
ALT-000071,False,,,
ALT-000072,False,,,
ALT-000073,True,lateral_movement,ana_004,2026-07-01
ALT-000074,False,,,
ALT-000075,False,,,
ALT-000076,False,,,
ALT-000077,False,,,
ALT-000078,False,,,
ALT-000079,False,,,
ALT-000080,False,,,
ALT-000081,False,,,
ALT-000082,True,brute_force_intrusion,ana_004,2026-07-01
ALT-000083,False,,,
ALT-000084,False,,,
ALT-000085,True,brute_force_intrusion,ana_004,2026-07-02
ALT-000086,False,,,
ALT-000087,True,dns_tunnelling,ana_004,2026-07-06
ALT-000088,False,,,
ALT-000089,False,,,
ALT-000090,False,,,
ALT-000091,False,,,
ALT-000092,False,,,
ALT-000093,False,,,
ALT-000094,False,,,
ALT-000095,False,,,
ALT-000096,False,,,
ALT-000097,False,,,
ALT-000098,True,unauthorised_access,ana_004,2026-07-03
ALT-000099,False,,,
ALT-000100,True,lateral_movement,ana_004,2026-07-02
ALT-000101,True,dns_tunnelling,ana_004,2026-07-03
ALT-000102,False,,,
ALT-000103,False,,,
ALT-000104,True,data_exfiltration,ana_004,2026-07-01
ALT-000105,False,,,
ALT-000106,False,,,
ALT-000107,False,,,
ALT-000108,False,,,
ALT-000109,False,,,
ALT-000110,False,,,
ALT-000111,True,malware_infection,ana_004,2026-07-04
ALT-000112,False,,,
ALT-000113,False,,,
ALT-000114,True,dns_tunnelling,ana_004,2026-07-06
ALT-000115,False,,,
ALT-000116,False,,,
ALT-000117,True,lateral_movement,ana_004,2026-07-03
ALT-000118,False,,,
ALT-000119,False,,,
ALT-000120,False,,,
ALT-000121,False,,,
ALT-000122,False,,,
ALT-000123,False,,,
ALT-000124,True,policy_violation_confirmed,ana_004,2026-07-03
ALT-000125,False,,,
ALT-000126,True,dns_tunnelling,ana_004,2026-07-01
ALT-000127,False,,,
ALT-000128,False,,,
ALT-000129,False,,,
ALT-000130,False,,,
ALT-000131,False,,,
ALT-000132,True,policy_violation_confirmed,ana_004,2026-07-02
ALT-000133,True,policy_violation_confirmed,ana_004,2026-07-02
ALT-000134,False,,,
ALT-000135,False,,,
ALT-000136,False,,,
ALT-000137,False,,,
ALT-000138,False,,,
ALT-000139,True,brute_force_intrusion,ana_004,2026-07-05
ALT-000140,False,,,
ALT-000141,True,brute_force_intrusion,ana_004,2026-07-01
ALT-000142,False,,,
ALT-000143,False,,,
ALT-000144,False,,,
ALT-000145,False,,,
ALT-000146,True,dns_tunnelling,ana_004,2026-07-02
ALT-000147,False,,,
ALT-000148,True,malware_infection,ana_004,2026-07-06
ALT-000149,False,,,
ALT-000150,False,,,
ALT-000151,False,,,
ALT-000152,False,,,
ALT-000153,False,,,
ALT-000154,False,,,
ALT-000155,True,unauthorised_access,ana_004,2026-07-02
ALT-000156,True,malware_infection,ana_004,2026-07-06
ALT-000157,True,dns_tunnelling,ana_004,2026-07-01
ALT-000158,False,,,
ALT-000159,False,,,
ALT-000160,False,,,
ALT-000161,False,,,
ALT-000162,False,,,
ALT-000163,False,,,
ALT-000164,False,,,
ALT-000165,True,policy_violation_confirmed,ana_004,2026-07-04
ALT-000166,True,malware_infection,ana_004,2026-07-02
ALT-000167,False,,,
ALT-000168,False,,,
ALT-000169,True,dns_tunnelling,ana_004,2026-07-02
ALT-000170,False,,,
ALT-000171,False,,,
ALT-000172,False,,,
ALT-000173,False,,,
ALT-000174,False,,,
ALT-000175,True,lateral_movement,ana_004,2026-07-01
ALT-000176,False,,,
ALT-000177,True,brute_force_intrusion,ana_004,2026-07-04
ALT-000178,False,,,
ALT-000179,True,brute_force_intrusion,ana_004,2026-07-06
ALT-000180,True,data_exfiltration,ana_004,2026-07-05
ALT-000181,True,malware_infection,ana_004,2026-07-06
ALT-000182,False,,,
ALT-000183,False,,,
ALT-000184,True,data_exfiltration,ana_004,2026-07-06
ALT-000185,False,,,
ALT-000186,False,,,
ALT-000187,False,,,
ALT-000188,False,,,
ALT-000189,False,,,
ALT-000190,False,,,
ALT-000191,False,,,
ALT-000192,False,,,
ALT-000193,True,brute_force_intrusion,ana_004,2026-07-03
ALT-000194,False,,,
ALT-000195,False,,,
ALT-000196,False,,,
ALT-000197,False,,,
ALT-000198,False,,,
ALT-000199,True,unauthorised_access,ana_004,2026-07-04
ALT-000200,False,,,
ALT-000201,False,,,
ALT-000202,False,,,
ALT-000203,False,,,
ALT-000204,False,,,
ALT-000205,False,,,
ALT-000206,False,,,
ALT-000207,False,,,
ALT-000208,False,,,
ALT-000209,False,,,
ALT-000210,False,,,
ALT-000211,False,,,
ALT-000212,True,brute_force_intrusion,ana_004,2026-07-01
ALT-000213,False,,,
ALT-000214,True,policy_violation_confirmed,ana_004,2026-07-02
ALT-000215,False,,,
ALT-000216,False,,,
ALT-000217,True,brute_force_intrusion,ana_004,2026-07-02
ALT-000218,False,,,
ALT-000219,False,,,
ALT-000220,False,,,
ALT-000221,False,,,
ALT-000222,False,,,
ALT-000223,False,,,
ALT-000224,True,policy_violation_confirmed,ana_004,2026-07-03
ALT-000225,False,,,
ALT-000226,False,,,
ALT-000227,False,,,
ALT-000228,False,,,
ALT-000229,False,,,
ALT-000230,False,,,
ALT-000231,True,policy_violation_confirmed,ana_004,2026-07-01
ALT-000232,True,dns_tunnelling,ana_004,2026-07-01
ALT-000233,False,,,
ALT-000234,False,,,
ALT-000235,False,,,
ALT-000236,True,unauthorised_access,ana_004,2026-07-02
ALT-000237,False,,,
ALT-000238,False,,,
ALT-000239,True,unauthorised_access,ana_004,2026-07-06
ALT-000240,True,lateral_movement,ana_004,2026-07-04
ALT-000241,False,,,
ALT-000242,False,,,
ALT-000243,False,,,
ALT-000244,False,,,
ALT-000245,False,,,
ALT-000246,False,,,
ALT-000247,False,,,
ALT-000248,False,,,
ALT-000249,False,,,
ALT-000250,False,,,
ALT-000251,True,brute_force_intrusion,ana_004,2026-07-03
ALT-000252,False,,,
ALT-000253,True,brute_force_intrusion,ana_004,2026-07-06
ALT-000254,False,,,
ALT-000255,False,,,
ALT-000256,False,,,
ALT-000257,False,,,
ALT-000258,False,,,
ALT-000259,True,unauthorised_access,ana_004,2026-07-05
ALT-000260,False,,,
ALT-000261,True,malware_infection,ana_004,2026-07-06
ALT-000262,True,dns_tunnelling,ana_004,2026-07-02
ALT-000263,False,,,
ALT-000264,False,,,
ALT-000265,False,,,
ALT-000266,True,unauthorised_access,ana_004,2026-07-06
ALT-000267,True,brute_force_intrusion,ana_004,2026-07-02
ALT-000268,False,,,
ALT-000269,True,data_exfiltration,ana_004,2026-07-06
ALT-000270,True,data_exfiltration,ana_004,2026-07-06
ALT-000271,False,,,
ALT-000272,True,dns_tunnelling,ana_004,2026-07-02
ALT-000273,False,,,
ALT-000274,True,dns_tunnelling,ana_004,2026-07-03
ALT-000275,False,,,
ALT-000276,False,,,
ALT-000277,False,,,
ALT-000278,False,,,
ALT-000279,False,,,
ALT-000280,True,policy_violation_confirmed,ana_004,2026-07-04
ALT-000281,False,,,
ALT-000282,False,,,
ALT-000283,False,,,
ALT-000284,False,,,
ALT-000285,False,,,
ALT-000286,False,,,
ALT-000287,False,,,
ALT-000288,False,,,
ALT-000289,False,,,
ALT-000290,False,,,
ALT-000291,False,,,
ALT-000292,True,data_exfiltration,ana_004,2026-07-03
ALT-000293,False,,,
ALT-000294,False,,,
ALT-000295,False,,,
ALT-000296,False,,,
ALT-000297,False,,,
ALT-000298,False,,,
ALT-000299,False,,,
ALT-000300,False,,,
ALT-000301,False,,,
ALT-000302,False,,,
ALT-000303,False,,,
ALT-000304,False,,,
ALT-000305,False,,,
ALT-000306,False,,,
ALT-000307,False,,,
ALT-000308,False,,,
ALT-000309,False,,,
ALT-000310,True,policy_violation_confirmed,ana_004,2026-07-06
ALT-000311,False,,,
ALT-000312,True,policy_violation_confirmed,ana_004,2026-07-05
ALT-000313,False,,,
ALT-000314,False,,,
ALT-000315,False,,,
ALT-000316,False,,,
ALT-000317,False,,,
ALT-000318,True,policy_violation_confirmed,ana_004,2026-07-06
ALT-000319,False,,,
ALT-000320,True,dns_tunnelling,ana_004,2026-07-05
ALT-000321,True,data_exfiltration,ana_004,2026-07-03
ALT-000322,False,,,
ALT-000323,False,,,
ALT-000324,False,,,
ALT-000325,False,,,
ALT-000326,True,unauthorised_access,ana_004,2026-07-02
ALT-000327,False,,,
ALT-000328,False,,,
ALT-000329,False,,,
ALT-000330,False,,,
ALT-000331,False,,,
ALT-000332,True,malware_infection,ana_004,2026-07-05
ALT-000333,False,,,
ALT-000334,False,,,
ALT-000335,False,,,
ALT-000336,False,,,
ALT-000337,False,,,
ALT-000338,True,lateral_movement,ana_004,2026-07-06
ALT-000339,True,malware_infection,ana_004,2026-07-01
ALT-000340,True,dns_tunnelling,ana_004,2026-07-04
ALT-000341,True,malware_infection,ana_004,2026-07-03
ALT-000342,False,,,
ALT-000343,False,,,
ALT-000344,False,,,
ALT-000345,False,,,
ALT-000346,False,,,
ALT-000347,False,,,
ALT-000348,False,,,
ALT-000349,False,,,
ALT-000350,False,,,
ALT-000351,False,,,
ALT-000352,False,,,
ALT-000353,False,,,
ALT-000354,False,,,
ALT-000355,False,,,
ALT-000356,False,,,
ALT-000357,False,,,
ALT-000358,True,malware_infection,ana_004,2026-07-02
ALT-000359,False,,,
ALT-000360,False,,,
ALT-000361,False,,,
ALT-000362,False,,,
ALT-000363,False,,,
ALT-000364,False,,,
ALT-000365,False,,,
ALT-000366,False,,,
ALT-000367,False,,,
ALT-000368,False,,,
ALT-000369,False,,,
ALT-000370,False,,,
ALT-000371,False,,,
ALT-000372,True,data_exfiltration,ana_004,2026-07-03
ALT-000373,False,,,
ALT-000374,False,,,
ALT-000375,False,,,
ALT-000376,True,dns_tunnelling,ana_004,2026-07-05
ALT-000377,True,lateral_movement,ana_004,2026-07-04
ALT-000378,False,,,
ALT-000379,True,policy_violation_confirmed,ana_004,2026-07-04
ALT-000380,False,,,
ALT-000381,False,,,
ALT-000382,False,,,
ALT-000383,False,,,
ALT-000384,False,,,
ALT-000385,False,,,
ALT-000386,False,,,
ALT-000387,True,brute_force_intrusion,ana_004,2026-07-01
ALT-000388,True,dns_tunnelling,ana_004,2026-07-06
ALT-000389,False,,,
ALT-000390,True,brute_force_intrusion,ana_004,2026-07-01
ALT-000391,False,,,
ALT-000392,True,malware_infection,ana_004,2026-07-01
ALT-000393,False,,,
ALT-000394,True,brute_force_intrusion,ana_004,2026-07-05
ALT-000395,False,,,
ALT-000396,False,,,
ALT-000397,False,,,
ALT-000398,False,,,
ALT-000399,False,,,
ALT-000400,True,policy_violation_confirmed,ana_004,2026-07-01
ALT-000401,False,,,
ALT-000402,False,,,
ALT-000403,False,,,
ALT-000404,True,policy_violation_confirmed,ana_004,2026-07-06
ALT-000405,False,,,
ALT-000406,True,policy_violation_confirmed,ana_004,2026-07-01
ALT-000407,False,,,
ALT-000408,True,lateral_movement,ana_004,2026-07-02
ALT-000409,False,,,
ALT-000410,False,,,
ALT-000411,False,,,
ALT-000412,False,,,
ALT-000413,False,,,
ALT-000414,False,,,
ALT-000415,False,,,
ALT-000416,False,,,
ALT-000417,False,,,
ALT-000418,False,,,
ALT-000419,False,,,
ALT-000420,False,,,
ALT-000421,False,,,
ALT-000422,True,unauthorised_access,ana_004,2026-07-03
ALT-000423,False,,,
ALT-000424,False,,,
ALT-000425,False,,,
ALT-000426,False,,,
ALT-000427,False,,,
ALT-000428,False,,,
ALT-000429,True,policy_violation_confirmed,ana_004,2026-07-02
ALT-000430,False,,,
ALT-000431,False,,,
ALT-000432,False,,,
ALT-000433,False,,,
ALT-000434,False,,,
ALT-000435,False,,,
ALT-000436,False,,,
ALT-000437,False,,,
ALT-000438,False,,,
ALT-000439,False,,,
ALT-000440,False,,,
ALT-000441,True,data_exfiltration,ana_004,2026-07-01
ALT-000442,False,,,
ALT-000443,False,,,
ALT-000444,True,brute_force_intrusion,ana_004,2026-07-01
ALT-000445,True,malware_infection,ana_004,2026-07-05
ALT-000446,False,,,
ALT-000447,False,,,
ALT-000448,False,,,
ALT-000449,False,,,
ALT-000450,True,policy_violation_confirmed,ana_004,2026-07-02
ALT-000451,False,,,
ALT-000452,False,,,
ALT-000453,False,,,
ALT-000454,False,,,
ALT-000455,False,,,
ALT-000456,False,,,
ALT-000457,False,,,
ALT-000458,False,,,
ALT-000459,False,,,
ALT-000460,False,,,
ALT-000461,False,,,
ALT-000462,False,,,
ALT-000463,False,,,
ALT-000464,False,,,
ALT-000465,False,,,
ALT-000466,False,,,
ALT-000467,False,,,
ALT-000468,True,dns_tunnelling,ana_004,2026-07-01
ALT-000469,False,,,
ALT-000470,False,,,
ALT-000471,False,,,
ALT-000472,True,policy_violation_confirmed,ana_004,2026-07-02
ALT-000473,False,,,
ALT-000474,False,,,
ALT-000475,True,data_exfiltration,ana_004,2026-07-05
ALT-000476,False,,,
ALT-000477,False,,,
ALT-000478,False,,,
ALT-000479,False,,,
ALT-000480,False,,,
ALT-000481,False,,,
ALT-000482,False,,,
ALT-000483,False,,,
ALT-000484,True,dns_tunnelling,ana_004,2026-07-03
ALT-000485,False,,,
ALT-000486,False,,,
ALT-000487,True,lateral_movement,ana_004,2026-07-01
ALT-000488,False,,,
ALT-000489,True,lateral_movement,ana_004,2026-07-02
ALT-000490,False,,,
ALT-000491,False,,,
ALT-000492,True,dns_tunnelling,ana_004,2026-07-03
ALT-000493,False,,,
ALT-000494,False,,,
ALT-000495,True,dns_tunnelling,ana_004,2026-07-02
ALT-000496,False,,,
ALT-000497,False,,,
ALT-000498,False,,,
ALT-000499,False,,,
ALT-000500,False,,,
ALT-000501,True,unauthorised_access,ana_004,2026-07-02
ALT-000502,False,,,
ALT-000503,False,,,
ALT-000504,False,,,
ALT-000505,False,,,
ALT-000506,False,,,
ALT-000507,False,,,
ALT-000508,True,unauthorised_access,ana_004,2026-07-01
ALT-000509,False,,,
ALT-000510,True,lateral_movement,ana_004,2026-07-01
ALT-000511,True,dns_tunnelling,ana_004,2026-07-01
ALT-000512,False,,,
ALT-000513,True,dns_tunnelling,ana_004,2026-07-01
ALT-000514,False,,,
ALT-000515,False,,,
ALT-000516,False,,,
ALT-000517,False,,,
ALT-000518,False,,,
ALT-000519,True,lateral_movement,ana_004,2026-07-06
ALT-000520,True,brute_force_intrusion,ana_004,2026-07-05
ALT-000521,False,,,
ALT-000522,False,,,
ALT-000523,False,,,
ALT-000524,False,,,
ALT-000525,False,,,
ALT-000526,True,dns_tunnelling,ana_004,2026-07-03
ALT-000527,False,,,
ALT-000528,False,,,
ALT-000529,False,,,
ALT-000530,True,lateral_movement,ana_004,2026-07-03
ALT-000531,False,,,
ALT-000532,False,,,
ALT-000533,False,,,
ALT-000534,False,,,
ALT-000535,False,,,
ALT-000536,False,,,
ALT-000537,False,,,
ALT-000538,True,data_exfiltration,ana_004,2026-07-02
ALT-000539,False,,,
ALT-000540,False,,,
ALT-000541,False,,,
ALT-000542,True,data_exfiltration,ana_004,2026-07-02
ALT-000543,False,,,
ALT-000544,False,,,
ALT-000545,True,dns_tunnelling,ana_004,2026-07-06
ALT-000546,False,,,
ALT-000547,False,,,
ALT-000548,True,unauthorised_access,ana_004,2026-07-01
ALT-000549,False,,,
ALT-000550,False,,,
ALT-000551,True,malware_infection,ana_004,2026-07-04
ALT-000552,False,,,
ALT-000553,False,,,
ALT-000554,True,unauthorised_access,ana_004,2026-07-06
ALT-000555,False,,,
ALT-000556,False,,,
ALT-000557,False,,,
ALT-000558,False,,,
ALT-000559,False,,,
ALT-000560,False,,,
ALT-000561,False,,,
ALT-000562,False,,,
ALT-000563,False,,,
ALT-000564,False,,,
ALT-000565,True,data_exfiltration,ana_004,2026-07-05
ALT-000566,False,,,
ALT-000567,False,,,
ALT-000568,False,,,
ALT-000569,False,,,
ALT-000570,True,policy_violation_confirmed,ana_004,2026-07-05
ALT-000571,False,,,
ALT-000572,False,,,
ALT-000573,True,lateral_movement,ana_004,2026-07-06
ALT-000574,False,,,
ALT-000575,True,policy_violation_confirmed,ana_004,2026-07-02
ALT-000576,True,data_exfiltration,ana_004,2026-07-03
ALT-000577,False,,,
ALT-000578,True,unauthorised_access,ana_004,2026-07-05
ALT-000579,False,,,
ALT-000580,True,data_exfiltration,ana_004,2026-07-04
ALT-000581,False,,,
ALT-000582,False,,,
ALT-000583,False,,,
ALT-000584,True,data_exfiltration,ana_004,2026-07-01
ALT-000585,False,,,
ALT-000586,True,lateral_movement,ana_004,2026-07-05
ALT-000587,False,,,
ALT-000588,False,,,
ALT-000589,False,,,
ALT-000590,False,,,
ALT-000591,False,,,
ALT-000592,True,brute_force_intrusion,ana_004,2026-07-06
ALT-000593,False,,,
ALT-000594,False,,,
ALT-000595,False,,,
ALT-000596,False,,,
ALT-000597,True,lateral_movement,ana_004,2026-07-02
ALT-000598,False,,,
ALT-000599,True,brute_force_intrusion,ana_004,2026-07-06
ALT-000600,False,,,
ALT-000601,False,,,
ALT-000602,False,,,
ALT-000603,True,unauthorised_access,ana_004,2026-07-04
ALT-000604,True,unauthorised_access,ana_004,2026-07-06
ALT-000605,False,,,
ALT-000606,False,,,
ALT-000607,True,unauthorised_access,ana_004,2026-07-05
ALT-000608,True,brute_force_intrusion,ana_004,2026-07-06
ALT-000609,True,policy_violation_confirmed,ana_004,2026-07-03
ALT-000610,False,,,
ALT-000611,False,,,
ALT-000612,False,,,
ALT-000613,False,,,
ALT-000614,False,,,
ALT-000615,False,,,
ALT-000616,False,,,
ALT-000617,True,data_exfiltration,ana_004,2026-07-02
ALT-000618,False,,,
ALT-000619,False,,,
ALT-000620,True,data_exfiltration,ana_004,2026-07-02
ALT-000621,True,dns_tunnelling,ana_004,2026-07-06
ALT-000622,False,,,
ALT-000623,False,,,
ALT-000624,False,,,
ALT-000625,False,,,
ALT-000626,False,,,
ALT-000627,False,,,
ALT-000628,True,unauthorised_access,ana_004,2026-07-06
ALT-000629,False,,,
ALT-000630,False,,,
ALT-000631,False,,,
ALT-000632,False,,,
ALT-000633,False,,,
ALT-000634,True,unauthorised_access,ana_004,2026-07-01
ALT-000635,False,,,
ALT-000636,False,,,
ALT-000637,False,,,
ALT-000638,False,,,
ALT-000639,False,,,
ALT-000640,False,,,
ALT-000641,False,,,
ALT-000642,False,,,
ALT-000643,False,,,
ALT-000644,False,,,
ALT-000645,False,,,
ALT-000646,False,,,
ALT-000647,False,,,
ALT-000648,False,,,
ALT-000649,False,,,
ALT-000650,False,,,
ALT-000651,False,,,
ALT-000652,False,,,
ALT-000653,True,dns_tunnelling,ana_004,2026-07-05
ALT-000654,False,,,
ALT-000655,False,,,
ALT-000656,False,,,
ALT-000657,False,,,
ALT-000658,True,malware_infection,ana_004,2026-07-05
ALT-000659,True,policy_violation_confirmed,ana_004,2026-07-04
ALT-000660,True,unauthorised_access,ana_004,2026-07-03
ALT-000661,False,,,
ALT-000662,False,,,
ALT-000663,True,dns_tunnelling,ana_004,2026-07-02
ALT-000664,False,,,
ALT-000665,False,,,
ALT-000666,False,,,
ALT-000667,False,,,
ALT-000668,False,,,
ALT-000669,False,,,
ALT-000670,False,,,
ALT-000671,False,,,
ALT-000672,False,,,
ALT-000673,False,,,
ALT-000674,False,,,
ALT-000675,False,,,
ALT-000676,False,,,
ALT-000677,False,,,
ALT-000678,False,,,
ALT-000679,True,dns_tunnelling,ana_004,2026-07-04
ALT-000680,False,,,
ALT-000681,True,lateral_movement,ana_004,2026-07-03
ALT-000682,False,,,
ALT-000683,True,malware_infection,ana_004,2026-07-06
ALT-000684,False,,,
ALT-000685,False,,,
ALT-000686,False,,,
ALT-000687,False,,,
ALT-000688,False,,,
ALT-000689,False,,,
ALT-000690,True,unauthorised_access,ana_004,2026-07-02
ALT-000691,False,,,
ALT-000692,False,,,
ALT-000693,True,dns_tunnelling,ana_004,2026-07-01
ALT-000694,True,unauthorised_access,ana_004,2026-07-02
ALT-000695,False,,,
ALT-000696,False,,,
ALT-000697,False,,,
ALT-000698,False,,,
ALT-000699,False,,,
ALT-000700,False,,,
ALT-000701,True,data_exfiltration,ana_004,2026-07-06
ALT-000702,False,,,
ALT-000703,False,,,
ALT-000704,False,,,
ALT-000705,True,brute_force_intrusion,ana_004,2026-07-05
ALT-000706,False,,,
ALT-000707,False,,,
ALT-000708,False,,,
ALT-000709,False,,,
ALT-000710,False,,,
ALT-000711,False,,,
ALT-000712,False,,,
ALT-000713,False,,,
ALT-000714,False,,,
ALT-000715,False,,,
ALT-000716,True,brute_force_intrusion,ana_004,2026-07-02
ALT-000717,False,,,
ALT-000718,False,,,
ALT-000719,False,,,
ALT-000720,False,,,
ALT-000721,False,,,
ALT-000722,False,,,
ALT-000723,False,,,
ALT-000724,False,,,
ALT-000725,False,,,
ALT-000726,False,,,
ALT-000727,False,,,
ALT-000728,False,,,
ALT-000729,True,unauthorised_access,ana_004,2026-07-01
ALT-000730,True,malware_infection,ana_004,2026-07-02
ALT-000731,True,unauthorised_access,ana_004,2026-07-05
ALT-000732,False,,,
ALT-000733,False,,,
ALT-000734,False,,,
ALT-000735,False,,,
ALT-000736,True,malware_infection,ana_004,2026-07-04
ALT-000737,False,,,
ALT-000738,False,,,
ALT-000739,True,malware_infection,ana_004,2026-07-06
ALT-000740,False,,,
ALT-000741,False,,,
ALT-000742,False,,,
ALT-000743,False,,,
ALT-000744,False,,,
ALT-000745,False,,,
ALT-000746,True,unauthorised_access,ana_004,2026-07-06
ALT-000747,True,brute_force_intrusion,ana_004,2026-07-03
ALT-000748,False,,,
ALT-000749,False,,,
ALT-000750,False,,,
ALT-000751,False,,,
ALT-000752,False,,,
ALT-000753,False,,,
ALT-000754,False,,,
ALT-000755,True,malware_infection,ana_004,2026-07-06
ALT-000756,False,,,
ALT-000757,False,,,
ALT-000758,False,,,
ALT-000759,False,,,
ALT-000760,False,,,
ALT-000761,False,,,
ALT-000762,False,,,
ALT-000763,False,,,
ALT-000764,True,dns_tunnelling,ana_004,2026-07-03
ALT-000765,False,,,
ALT-000766,False,,,
ALT-000767,True,unauthorised_access,ana_004,2026-07-04
ALT-000768,False,,,
ALT-000769,False,,,
ALT-000770,True,malware_infection,ana_004,2026-07-02
ALT-000771,True,unauthorised_access,ana_004,2026-07-04
ALT-000772,True,lateral_movement,ana_004,2026-07-06
ALT-000773,False,,,
ALT-000774,False,,,
ALT-000775,True,policy_violation_confirmed,ana_004,2026-07-04
ALT-000776,False,,,
ALT-000777,False,,,
ALT-000778,False,,,
ALT-000779,False,,,
ALT-000780,False,,,
ALT-000781,False,,,
ALT-000782,False,,,
ALT-000783,True,data_exfiltration,ana_004,2026-07-05
ALT-000784,False,,,
ALT-000785,False,,,
ALT-000786,False,,,
ALT-000787,True,policy_violation_confirmed,ana_004,2026-07-03
ALT-000788,False,,,
ALT-000789,False,,,
ALT-000790,False,,,
ALT-000791,False,,,
ALT-000792,False,,,
ALT-000793,True,unauthorised_access,ana_004,2026-07-01
ALT-000794,True,malware_infection,ana_004,2026-07-04
ALT-000795,False,,,
ALT-000796,False,,,
ALT-000797,False,,,
ALT-000798,False,,,
ALT-000799,False,,,
ALT-000800,False,,,
ALT-000801,False,,,
ALT-000802,False,,,
ALT-000803,True,dns_tunnelling,ana_004,2026-07-03
ALT-000804,False,,,
ALT-000805,False,,,
ALT-000806,False,,,
ALT-000807,False,,,
ALT-000808,False,,,
ALT-000809,True,dns_tunnelling,ana_004,2026-07-01
ALT-000810,False,,,
ALT-000811,False,,,
ALT-000812,False,,,
ALT-000813,False,,,
ALT-000814,False,,,
ALT-000815,True,lateral_movement,ana_004,2026-07-06
ALT-000816,False,,,
ALT-000817,False,,,
ALT-000818,False,,,
ALT-000819,False,,,
ALT-000820,False,,,
ALT-000821,False,,,
ALT-000822,False,,,
ALT-000823,False,,,
ALT-000824,False,,,
ALT-000825,False,,,
ALT-000826,False,,,
ALT-000827,True,brute_force_intrusion,ana_004,2026-07-05
ALT-000828,False,,,
ALT-000829,True,malware_infection,ana_004,2026-07-04
ALT-000830,True,malware_infection,ana_004,2026-07-04
ALT-000831,False,,,
ALT-000832,False,,,
ALT-000833,True,lateral_movement,ana_004,2026-07-02
ALT-000834,True,dns_tunnelling,ana_004,2026-07-02
ALT-000835,False,,,
ALT-000836,False,,,
ALT-000837,False,,,
ALT-000838,False,,,
ALT-000839,True,malware_infection,ana_004,2026-07-02
ALT-000840,False,,,
ALT-000841,False,,,
ALT-000842,True,brute_force_intrusion,ana_004,2026-07-03
ALT-000843,False,,,
ALT-000844,False,,,
ALT-000845,False,,,
ALT-000846,False,,,
ALT-000847,True,lateral_movement,ana_004,2026-07-06
ALT-000848,True,lateral_movement,ana_004,2026-07-03
ALT-000849,True,unauthorised_access,ana_004,2026-07-04
ALT-000850,True,brute_force_intrusion,ana_004,2026-07-06
ALT-000851,False,,,
ALT-000852,False,,,
ALT-000853,False,,,
ALT-000854,True,dns_tunnelling,ana_004,2026-07-04
ALT-000855,False,,,
ALT-000856,False,,,
ALT-000857,False,,,
ALT-000858,True,data_exfiltration,ana_004,2026-07-03
ALT-000859,True,dns_tunnelling,ana_004,2026-07-03
ALT-000860,False,,,
ALT-000861,False,,,
ALT-000862,False,,,
ALT-000863,False,,,
ALT-000864,False,,,
ALT-000865,True,unauthorised_access,ana_004,2026-07-06
ALT-000866,False,,,
ALT-000867,True,policy_violation_confirmed,ana_004,2026-07-02
ALT-000868,False,,,
ALT-000869,False,,,
ALT-000870,False,,,
ALT-000871,False,,,
ALT-000872,True,lateral_movement,ana_004,2026-07-05
ALT-000873,False,,,
ALT-000874,False,,,
ALT-000875,False,,,
ALT-000876,False,,,
ALT-000877,False,,,
ALT-000878,False,,,
ALT-000879,True,policy_violation_confirmed,ana_004,2026-07-01
ALT-000880,False,,,
ALT-000881,False,,,
ALT-000882,True,policy_violation_confirmed,ana_004,2026-07-03
ALT-000883,False,,,
ALT-000884,True,data_exfiltration,ana_004,2026-07-02
ALT-000885,True,policy_violation_confirmed,ana_004,2026-07-02
ALT-000886,False,,,
ALT-000887,True,unauthorised_access,ana_004,2026-07-06
ALT-000888,False,,,
ALT-000889,True,data_exfiltration,ana_004,2026-07-05
ALT-000890,False,,,
ALT-000891,False,,,
ALT-000892,False,,,
ALT-000893,False,,,
ALT-000894,False,,,
ALT-000895,True,dns_tunnelling,ana_004,2026-07-06
ALT-000896,False,,,
ALT-000897,False,,,
ALT-000898,True,brute_force_intrusion,ana_004,2026-07-05
ALT-000899,False,,,
ALT-000900,True,policy_violation_confirmed,ana_004,2026-07-04
ALT-000901,False,,,
ALT-000902,False,,,
ALT-000903,False,,,
ALT-000904,False,,,
ALT-000905,False,,,
ALT-000906,True,dns_tunnelling,ana_004,2026-07-05
ALT-000907,False,,,
ALT-000908,True,malware_infection,ana_004,2026-07-06
ALT-000909,False,,,
ALT-000910,False,,,
ALT-000911,False,,,
ALT-000912,False,,,
ALT-000913,False,,,
ALT-000914,True,policy_violation_confirmed,ana_004,2026-07-04
ALT-000915,False,,,
ALT-000916,True,data_exfiltration,ana_004,2026-07-04
ALT-000917,True,brute_force_intrusion,ana_004,2026-07-02
ALT-000918,True,dns_tunnelling,ana_004,2026-07-04
ALT-000919,False,,,
ALT-000920,True,brute_force_intrusion,ana_004,2026-07-05
ALT-000921,False,,,
ALT-000922,False,,,
ALT-000923,False,,,
ALT-000924,False,,,
ALT-000925,False,,,
ALT-000926,True,malware_infection,ana_004,2026-07-06
ALT-000927,False,,,
ALT-000928,True,brute_force_intrusion,ana_004,2026-07-03
ALT-000929,False,,,
ALT-000930,False,,,
ALT-000931,True,unauthorised_access,ana_004,2026-07-03
ALT-000932,True,dns_tunnelling,ana_004,2026-07-05
ALT-000933,False,,,
ALT-000934,True,data_exfiltration,ana_004,2026-07-03
ALT-000935,False,,,
ALT-000936,False,,,
ALT-000937,False,,,
ALT-000938,False,,,
ALT-000939,False,,,
ALT-000940,False,,,
ALT-000941,False,,,
ALT-000942,False,,,
ALT-000943,True,lateral_movement,ana_004,2026-07-02
ALT-000944,False,,,
ALT-000945,False,,,
ALT-000946,False,,,
ALT-000947,True,brute_force_intrusion,ana_004,2026-07-06
ALT-000948,False,,,
ALT-000949,False,,,
ALT-000950,True,dns_tunnelling,ana_004,2026-07-01
ALT-000951,False,,,
ALT-000952,False,,,
ALT-000953,True,dns_tunnelling,ana_004,2026-07-05
ALT-000954,False,,,
ALT-000955,True,policy_violation_confirmed,ana_004,2026-07-05
ALT-000956,False,,,
ALT-000957,False,,,
ALT-000958,False,,,
ALT-000959,True,dns_tunnelling,ana_004,2026-07-05
ALT-000960,False,,,
ALT-000961,False,,,
ALT-000962,False,,,
ALT-000963,False,,,
ALT-000964,False,,,
ALT-000965,True,data_exfiltration,ana_004,2026-07-02
ALT-000966,False,,,
ALT-000967,True,policy_violation_confirmed,ana_004,2026-07-02
ALT-000968,True,brute_force_intrusion,ana_004,2026-07-01
ALT-000969,False,,,
ALT-000970,False,,,
ALT-000971,True,lateral_movement,ana_004,2026-07-05
ALT-000972,False,,,
ALT-000973,False,,,
ALT-000974,False,,,
ALT-000975,False,,,
ALT-000976,False,,,
ALT-000977,False,,,
ALT-000978,False,,,
ALT-000979,True,malware_infection,ana_004,2026-07-04
ALT-000980,False,,,
ALT-000981,False,,,
ALT-000982,False,,,
ALT-000983,False,,,
ALT-000984,False,,,
ALT-000985,False,,,
ALT-000986,False,,,
ALT-000987,True,brute_force_intrusion,ana_004,2026-07-01
ALT-000988,True,dns_tunnelling,ana_004,2026-07-06
ALT-000989,False,,,
ALT-000990,False,,,
ALT-000991,False,,,
ALT-000992,False,,,
ALT-000993,False,,,
ALT-000994,False,,,
ALT-000995,False,,,
ALT-000996,False,,,
ALT-000997,False,,,
ALT-000998,False,,,
ALT-000999,False,,,
ALT-001000,False,,,
ALT-001001,True,policy_violation_confirmed,ana_004,2026-07-04
ALT-001002,False,,,
ALT-001003,False,,,
ALT-001004,False,,,
ALT-001005,False,,,
ALT-001006,True,policy_violation_confirmed,ana_004,2026-07-05
ALT-001007,False,,,
ALT-001008,False,,,
ALT-001009,True,unauthorised_access,ana_004,2026-07-01
ALT-001010,True,brute_force_intrusion,ana_004,2026-07-03
ALT-001011,False,,,
ALT-001012,False,,,
ALT-001013,False,,,
ALT-001014,False,,,
ALT-001015,False,,,
ALT-001016,False,,,
ALT-001017,True,data_exfiltration,ana_004,2026-07-03
ALT-001018,False,,,
ALT-001019,False,,,
ALT-001020,True,policy_violation_confirmed,ana_004,2026-07-04
ALT-001021,False,,,
ALT-001022,False,,,
ALT-001023,True,data_exfiltration,ana_004,2026-07-06
ALT-001024,False,,,
ALT-001025,False,,,
ALT-001026,False,,,
ALT-001027,True,lateral_movement,ana_004,2026-07-03
ALT-001028,False,,,
ALT-001029,False,,,
ALT-001030,False,,,
ALT-001031,False,,,
ALT-001032,True,policy_violation_confirmed,ana_004,2026-07-04
ALT-001033,False,,,
ALT-001034,True,dns_tunnelling,ana_004,2026-07-03
ALT-001035,False,,,
ALT-001036,True,dns_tunnelling,ana_004,2026-07-04
ALT-001037,False,,,
ALT-001038,False,,,
ALT-001039,False,,,
ALT-001040,False,,,
ALT-001041,False,,,
ALT-001042,True,policy_violation_confirmed,ana_004,2026-07-04
ALT-001043,False,,,
ALT-001044,False,,,
ALT-001045,False,,,
ALT-001046,False,,,
ALT-001047,False,,,
ALT-001048,False,,,
ALT-001049,True,malware_infection,ana_004,2026-07-01
ALT-001050,False,,,
ALT-001051,False,,,
ALT-001052,False,,,
ALT-001053,False,,,
ALT-001054,False,,,
ALT-001055,False,,,
ALT-001056,False,,,
ALT-001057,False,,,
ALT-001058,False,,,
ALT-001059,False,,,
ALT-001060,False,,,
ALT-001061,False,,,
ALT-001062,True,lateral_movement,ana_004,2026-07-03
ALT-001063,False,,,
ALT-001064,False,,,
ALT-001065,False,,,
ALT-001066,False,,,
ALT-001067,False,,,
ALT-001068,False,,,
ALT-001069,True,malware_infection,ana_004,2026-07-03
ALT-001070,False,,,
ALT-001071,False,,,
ALT-001072,True,policy_violation_confirmed,ana_004,2026-07-04
ALT-001073,False,,,
ALT-001074,True,policy_violation_confirmed,ana_004,2026-07-03
ALT-001075,False,,,
ALT-001076,True,policy_violation_confirmed,ana_004,2026-07-06
ALT-001077,True,lateral_movement,ana_004,2026-07-04
ALT-001078,False,,,
ALT-001079,False,,,
ALT-001080,False,,,
ALT-001081,False,,,
ALT-001082,False,,,
ALT-001083,True,dns_tunnelling,ana_004,2026-07-04
ALT-001084,False,,,
ALT-001085,False,,,
ALT-001086,False,,,
ALT-001087,False,,,
ALT-001088,True,unauthorised_access,ana_004,2026-07-02
ALT-001089,False,,,
ALT-001090,False,,,
ALT-001091,False,,,
ALT-001092,False,,,
ALT-001093,False,,,
ALT-001094,False,,,
ALT-001095,False,,,
ALT-001096,False,,,
ALT-001097,False,,,
ALT-001098,False,,,
ALT-001099,True,data_exfiltration,ana_004,2026-07-05
ALT-001100,False,,,
ALT-001101,False,,,
ALT-001102,False,,,
ALT-001103,False,,,
ALT-001104,True,malware_infection,ana_004,2026-07-05
ALT-001105,False,,,
ALT-001106,False,,,
ALT-001107,False,,,
ALT-001108,False,,,
ALT-001109,False,,,
ALT-001110,False,,,
ALT-001111,False,,,
ALT-001112,False,,,
ALT-001113,False,,,
ALT-001114,False,,,
ALT-001115,True,policy_violation_confirmed,ana_004,2026-07-03
ALT-001116,False,,,
ALT-001117,False,,,
ALT-001118,False,,,
ALT-001119,True,unauthorised_access,ana_004,2026-07-01
ALT-001120,False,,,
ALT-001121,False,,,
ALT-001122,False,,,
ALT-001123,False,,,
ALT-001124,False,,,
ALT-001125,False,,,
ALT-001126,False,,,
ALT-001127,True,lateral_movement,ana_004,2026-07-01
ALT-001128,False,,,
ALT-001129,False,,,
ALT-001130,True,policy_violation_confirmed,ana_004,2026-07-06
ALT-001131,True,malware_infection,ana_004,2026-07-06
ALT-001132,False,,,
ALT-001133,False,,,
ALT-001134,False,,,
ALT-001135,True,lateral_movement,ana_004,2026-07-02
ALT-001136,True,dns_tunnelling,ana_004,2026-07-05
ALT-001137,False,,,
ALT-001138,False,,,
ALT-001139,False,,,
ALT-001140,False,,,
ALT-001141,False,,,
ALT-001142,True,dns_tunnelling,ana_004,2026-07-03
ALT-001143,False,,,
ALT-001144,True,brute_force_intrusion,ana_004,2026-07-02
ALT-001145,False,,,
ALT-001146,True,unauthorised_access,ana_004,2026-07-01
ALT-001147,False,,,
ALT-001148,False,,,
ALT-001149,False,,,
ALT-001150,False,,,
ALT-001151,False,,,
ALT-001152,True,policy_violation_confirmed,ana_004,2026-07-03
ALT-001153,True,data_exfiltration,ana_004,2026-07-01
ALT-001154,False,,,
ALT-001155,True,unauthorised_access,ana_004,2026-07-02
ALT-001156,True,lateral_movement,ana_004,2026-07-05
ALT-001157,False,,,
ALT-001158,True,data_exfiltration,ana_004,2026-07-05
ALT-001159,False,,,
ALT-001160,False,,,
ALT-001161,True,brute_force_intrusion,ana_004,2026-07-02
ALT-001162,False,,,
ALT-001163,False,,,
ALT-001164,False,,,
ALT-001165,False,,,
ALT-001166,False,,,
ALT-001167,True,data_exfiltration,ana_004,2026-07-02
ALT-001168,False,,,
ALT-001169,False,,,
ALT-001170,True,brute_force_intrusion,ana_004,2026-07-01
ALT-001171,False,,,
ALT-001172,False,,,
ALT-001173,False,,,
ALT-001174,True,data_exfiltration,ana_004,2026-07-05
ALT-001175,False,,,
ALT-001176,False,,,
ALT-001177,False,,,
ALT-001178,True,data_exfiltration,ana_004,2026-07-06
ALT-001179,True,lateral_movement,ana_004,2026-07-02
ALT-001180,False,,,
ALT-001181,False,,,
ALT-001182,False,,,
ALT-001183,False,,,
ALT-001184,False,,,
ALT-001185,False,,,
ALT-001186,False,,,
ALT-001187,False,,,
ALT-001188,False,,,
ALT-001189,True,data_exfiltration,ana_004,2026-07-01
ALT-001190,False,,,
ALT-001191,False,,,
ALT-001192,True,policy_violation_confirmed,ana_004,2026-07-05
ALT-001193,False,,,
ALT-001194,False,,,
ALT-001195,False,,,
ALT-001196,False,,,
ALT-001197,False,,,
ALT-001198,False,,,
ALT-001199,False,,,
ALT-001200,False,,,
ALT-001201,False,,,
ALT-001202,False,,,
ALT-001203,False,,,
ALT-001204,False,,,
ALT-001205,True,policy_violation_confirmed,ana_004,2026-07-04
ALT-001206,False,,,
ALT-001207,False,,,
ALT-001208,True,dns_tunnelling,ana_004,2026-07-01
ALT-001209,False,,,
ALT-001210,False,,,
ALT-001211,False,,,
ALT-001212,False,,,
ALT-001213,False,,,
ALT-001214,False,,,
ALT-001215,True,malware_infection,ana_004,2026-07-03
ALT-001216,True,malware_infection,ana_004,2026-07-01
ALT-001217,False,,,
ALT-001218,True,malware_infection,ana_004,2026-07-01
ALT-001219,False,,,
ALT-001220,True,brute_force_intrusion,ana_004,2026-07-05
ALT-001221,True,dns_tunnelling,ana_004,2026-07-06
ALT-001222,False,,,
ALT-001223,False,,,
ALT-001224,True,lateral_movement,ana_004,2026-07-03
ALT-001225,True,lateral_movement,ana_004,2026-07-04
ALT-001226,False,,,
ALT-001227,True,data_exfiltration,ana_004,2026-07-02
ALT-001228,True,policy_violation_confirmed,ana_004,2026-07-01
ALT-001229,False,,,
ALT-001230,False,,,
ALT-001231,False,,,
ALT-001232,False,,,
ALT-001233,False,,,
ALT-001234,False,,,
ALT-001235,False,,,
ALT-001236,True,policy_violation_confirmed,ana_004,2026-07-05
ALT-001237,False,,,
ALT-001238,False,,,
ALT-001239,False,,,
ALT-001240,False,,,
ALT-001241,True,dns_tunnelling,ana_004,2026-07-04
ALT-001242,True,policy_violation_confirmed,ana_004,2026-07-03
ALT-001243,False,,,
ALT-001244,False,,,
ALT-001245,False,,,
ALT-001246,False,,,
ALT-001247,False,,,
ALT-001248,False,,,
ALT-001249,True,brute_force_intrusion,ana_004,2026-07-04
ALT-001250,False,,,
ALT-001251,True,lateral_movement,ana_004,2026-07-04
ALT-001252,False,,,
ALT-001253,False,,,
ALT-001254,True,dns_tunnelling,ana_004,2026-07-01
ALT-001255,False,,,
ALT-001256,False,,,
ALT-001257,True,data_exfiltration,ana_004,2026-07-01
ALT-001258,False,,,
ALT-001259,False,,,
ALT-001260,False,,,
ALT-001261,True,dns_tunnelling,ana_004,2026-07-02
ALT-001262,False,,,
ALT-001263,False,,,
ALT-001264,True,data_exfiltration,ana_004,2026-07-06
ALT-001265,False,,,
ALT-001266,False,,,
ALT-001267,True,data_exfiltration,ana_004,2026-07-06
ALT-001268,False,,,
ALT-001269,False,,,
ALT-001270,False,,,
ALT-001271,False,,,
ALT-001272,False,,,
ALT-001273,False,,,
ALT-001274,False,,,
ALT-001275,True,policy_violation_confirmed,ana_004,2026-07-03
ALT-001276,True,brute_force_intrusion,ana_004,2026-07-06
ALT-001277,False,,,
ALT-001278,False,,,
ALT-001279,False,,,
ALT-001280,False,,,
ALT-001281,False,,,
ALT-001282,False,,,
ALT-001283,True,dns_tunnelling,ana_004,2026-07-02
ALT-001284,True,unauthorised_access,ana_004,2026-07-03
ALT-001285,True,lateral_movement,ana_004,2026-07-01
ALT-001286,True,malware_infection,ana_004,2026-07-06
ALT-001287,False,,,
ALT-001288,False,,,
ALT-001289,True,dns_tunnelling,ana_004,2026-07-05
ALT-001290,False,,,
ALT-001291,False,,,
ALT-001292,False,,,
ALT-001293,False,,,
ALT-001294,False,,,
ALT-001295,True,dns_tunnelling,ana_004,2026-07-05
ALT-001296,False,,,
ALT-001297,False,,,
ALT-001298,False,,,
ALT-001299,False,,,
ALT-001300,False,,,
ALT-001301,False,,,
ALT-001302,False,,,
ALT-001303,False,,,
ALT-001304,False,,,
ALT-001305,False,,,
ALT-001306,False,,,
ALT-001307,True,data_exfiltration,ana_004,2026-07-06
ALT-001308,False,,,
ALT-001309,False,,,
ALT-001310,False,,,
ALT-001311,True,malware_infection,ana_004,2026-07-06
ALT-001312,True,brute_force_intrusion,ana_004,2026-07-04
ALT-001313,False,,,
ALT-001314,True,unauthorised_access,ana_004,2026-07-03
ALT-001315,False,,,
ALT-001316,False,,,
ALT-001317,True,lateral_movement,ana_004,2026-07-05
ALT-001318,True,dns_tunnelling,ana_004,2026-07-02
ALT-001319,False,,,
ALT-001320,False,,,
ALT-001321,False,,,
ALT-001322,True,data_exfiltration,ana_004,2026-07-06
ALT-001323,False,,,
ALT-001324,False,,,
ALT-001325,False,,,
ALT-001326,False,,,
ALT-001327,False,,,
ALT-001328,False,,,
ALT-001329,True,malware_infection,ana_004,2026-07-01
ALT-001330,False,,,
ALT-001331,True,brute_force_intrusion,ana_004,2026-07-05
ALT-001332,True,data_exfiltration,ana_004,2026-07-02
ALT-001333,False,,,
ALT-001334,False,,,
ALT-001335,True,data_exfiltration,ana_004,2026-07-02
ALT-001336,False,,,
ALT-001337,True,policy_violation_confirmed,ana_004,2026-07-04
ALT-001338,False,,,
ALT-001339,False,,,
ALT-001340,False,,,
ALT-001341,False,,,
ALT-001342,False,,,
ALT-001343,False,,,
ALT-001344,False,,,
ALT-001345,False,,,
ALT-001346,False,,,
ALT-001347,True,lateral_movement,ana_004,2026-07-02
ALT-001348,True,malware_infection,ana_004,2026-07-02
ALT-001349,False,,,
ALT-001350,False,,,
ALT-001351,False,,,
ALT-001352,False,,,
ALT-001353,False,,,
ALT-001354,True,policy_violation_confirmed,ana_004,2026-07-02
ALT-001355,False,,,
ALT-001356,False,,,
ALT-001357,False,,,
ALT-001358,False,,,
ALT-001359,False,,,
ALT-001360,False,,,
ALT-001361,True,malware_infection,ana_004,2026-07-04
ALT-001362,False,,,
ALT-001363,False,,,
ALT-001364,True,lateral_movement,ana_004,2026-07-01
ALT-001365,True,policy_violation_confirmed,ana_004,2026-07-04
ALT-001366,True,lateral_movement,ana_004,2026-07-01
ALT-001367,False,,,
ALT-001368,False,,,
ALT-001369,False,,,
ALT-001370,False,,,
ALT-001371,False,,,
ALT-001372,True,malware_infection,ana_004,2026-07-01
ALT-001373,False,,,
ALT-001374,False,,,
ALT-001375,True,policy_violation_confirmed,ana_004,2026-07-01
ALT-001376,False,,,
ALT-001377,True,lateral_movement,ana_004,2026-07-04
ALT-001378,False,,,
ALT-001379,False,,,
ALT-001380,True,malware_infection,ana_004,2026-07-02
ALT-001381,True,dns_tunnelling,ana_004,2026-07-01
ALT-001382,False,,,
ALT-001383,False,,,
ALT-001384,True,policy_violation_confirmed,ana_004,2026-07-03
ALT-001385,False,,,
ALT-001386,False,,,
ALT-001387,False,,,
ALT-001388,True,dns_tunnelling,ana_004,2026-07-02
ALT-001389,False,,,
ALT-001390,False,,,
ALT-001391,True,lateral_movement,ana_004,2026-07-04
ALT-001392,False,,,
ALT-001393,True,lateral_movement,ana_004,2026-07-04
ALT-001394,False,,,
ALT-001395,True,malware_infection,ana_004,2026-07-06
ALT-001396,False,,,
ALT-001397,False,,,
ALT-001398,False,,,
ALT-001399,False,,,
ALT-001400,True,policy_violation_confirmed,ana_004,2026-07-02
ALT-001401,True,brute_force_intrusion,ana_004,2026-07-06
ALT-001402,True,data_exfiltration,ana_004,2026-07-03
ALT-001403,False,,,
ALT-001404,False,,,
ALT-001405,False,,,
ALT-001406,False,,,
ALT-001407,False,,,
ALT-001408,False,,,
ALT-001409,True,data_exfiltration,ana_004,2026-07-03
ALT-001410,False,,,
ALT-001411,False,,,
ALT-001412,True,brute_force_intrusion,ana_004,2026-07-02
ALT-001413,False,,,
ALT-001414,True,dns_tunnelling,ana_004,2026-07-04
ALT-001415,False,,,
ALT-001416,True,dns_tunnelling,ana_004,2026-07-04
ALT-001417,False,,,
ALT-001418,False,,,
ALT-001419,False,,,
ALT-001420,False,,,
ALT-001421,False,,,
ALT-001422,False,,,
ALT-001423,False,,,
ALT-001424,True,dns_tunnelling,ana_004,2026-07-04
ALT-001425,True,dns_tunnelling,ana_004,2026-07-05
ALT-001426,True,lateral_movement,ana_004,2026-07-02
ALT-001427,True,data_exfiltration,ana_004,2026-07-02
ALT-001428,False,,,
ALT-001429,False,,,
ALT-001430,False,,,
ALT-001431,False,,,
ALT-001432,False,,,
ALT-001433,False,,,
ALT-001434,False,,,
ALT-001435,True,malware_infection,ana_004,2026-07-02
ALT-001436,True,data_exfiltration,ana_004,2026-07-05
ALT-001437,False,,,
ALT-001438,False,,,
ALT-001439,True,lateral_movement,ana_004,2026-07-01
ALT-001440,True,dns_tunnelling,ana_004,2026-07-06
ALT-001441,False,,,
ALT-001442,False,,,
ALT-001443,False,,,
ALT-001444,False,,,
ALT-001445,True,brute_force_intrusion,ana_004,2026-07-01
ALT-001446,False,,,
ALT-001447,False,,,
ALT-001448,False,,,
ALT-001449,False,,,
ALT-001450,True,unauthorised_access,ana_004,2026-07-01
ALT-001451,False,,,
ALT-001452,True,brute_force_intrusion,ana_004,2026-07-05
ALT-001453,False,,,
ALT-001454,False,,,
ALT-001455,False,,,
ALT-001456,False,,,
ALT-001457,True,lateral_movement,ana_004,2026-07-05
ALT-001458,False,,,
ALT-001459,True,unauthorised_access,ana_004,2026-07-05
ALT-001460,True,dns_tunnelling,ana_004,2026-07-03
ALT-001461,False,,,
ALT-001462,False,,,
ALT-001463,True,dns_tunnelling,ana_004,2026-07-04
ALT-001464,False,,,
ALT-001465,False,,,
ALT-001466,True,lateral_movement,ana_004,2026-07-01
ALT-001467,False,,,
ALT-001468,False,,,
ALT-001469,False,,,
ALT-001470,False,,,
ALT-001471,False,,,
ALT-001472,False,,,
ALT-001473,False,,,
ALT-001474,True,unauthorised_access,ana_004,2026-07-05
ALT-001475,False,,,
ALT-001476,False,,,
ALT-001477,False,,,
ALT-001478,False,,,
ALT-001479,False,,,
ALT-001480,False,,,
ALT-001481,False,,,
ALT-001482,False,,,
ALT-001483,False,,,
ALT-001484,False,,,
ALT-001485,False,,,
ALT-001486,False,,,
ALT-001487,False,,,
ALT-001488,False,,,
ALT-001489,False,,,
ALT-001490,True,dns_tunnelling,ana_004,2026-07-01
ALT-001491,False,,,
ALT-001492,False,,,
ALT-001493,False,,,
ALT-001494,False,,,
ALT-001495,False,,,
ALT-001496,False,,,
ALT-001497,True,data_exfiltration,ana_004,2026-07-01
ALT-001498,False,,,
ALT-001499,True,malware_infection,ana_004,2026-07-05
ALT-001500,False,,,
ALT-001501,False,,,
ALT-001502,False,,,
ALT-001503,False,,,
ALT-001504,False,,,
ALT-001505,False,,,
ALT-001506,False,,,
ALT-001507,False,,,
ALT-001508,False,,,
ALT-001509,False,,,
ALT-001510,False,,,
ALT-001511,False,,,
ALT-001512,False,,,
ALT-001513,False,,,
ALT-001514,False,,,
ALT-001515,False,,,
ALT-001516,False,,,
ALT-001517,True,malware_infection,ana_004,2026-07-01
ALT-001518,True,lateral_movement,ana_004,2026-07-06
ALT-001519,False,,,
ALT-001520,False,,,
ALT-001521,False,,,
ALT-001522,True,policy_violation_confirmed,ana_004,2026-07-02
ALT-001523,False,,,
ALT-001524,False,,,
ALT-001525,False,,,
ALT-001526,False,,,
ALT-001527,True,lateral_movement,ana_004,2026-07-01
ALT-001528,False,,,
ALT-001529,True,unauthorised_access,ana_004,2026-07-05
ALT-001530,True,policy_violation_confirmed,ana_004,2026-07-02
ALT-001531,False,,,
ALT-001532,False,,,
ALT-001533,False,,,
ALT-001534,True,dns_tunnelling,ana_004,2026-07-06
ALT-001535,False,,,
ALT-001536,False,,,
ALT-001537,True,lateral_movement,ana_004,2026-07-06
ALT-001538,False,,,
ALT-001539,False,,,
ALT-001540,False,,,
ALT-001541,False,,,
ALT-001542,False,,,
ALT-001543,False,,,
ALT-001544,False,,,
ALT-001545,True,brute_force_intrusion,ana_004,2026-07-02
ALT-001546,False,,,
ALT-001547,False,,,
ALT-001548,False,,,
ALT-001549,True,malware_infection,ana_004,2026-07-01
ALT-001550,False,,,
ALT-001551,False,,,
ALT-001552,False,,,
ALT-001553,False,,,
ALT-001554,False,,,
ALT-001555,False,,,
ALT-001556,True,policy_violation_confirmed,ana_004,2026-07-02
ALT-001557,False,,,
ALT-001558,True,unauthorised_access,ana_004,2026-07-02
ALT-001559,False,,,
ALT-001560,False,,,
ALT-001561,False,,,
ALT-001562,False,,,
ALT-001563,True,brute_force_intrusion,ana_004,2026-07-06
ALT-001564,False,,,
ALT-001565,False,,,
ALT-001566,False,,,
ALT-001567,False,,,
ALT-001568,False,,,
ALT-001569,False,,,
ALT-001570,False,,,
ALT-001571,False,,,
ALT-001572,False,,,
ALT-001573,True,unauthorised_access,ana_004,2026-07-01
ALT-001574,True,brute_force_intrusion,ana_004,2026-07-02
ALT-001575,False,,,
ALT-001576,True,dns_tunnelling,ana_004,2026-07-05
ALT-001577,True,dns_tunnelling,ana_004,2026-07-06
ALT-001578,False,,,
ALT-001579,True,policy_violation_confirmed,ana_004,2026-07-02
ALT-001580,False,,,
ALT-001581,False,,,
ALT-001582,False,,,
ALT-001583,False,,,
ALT-001584,False,,,
ALT-001585,False,,,
ALT-001586,False,,,
ALT-001587,True,malware_infection,ana_004,2026-07-01
ALT-001588,False,,,
ALT-001589,False,,,
ALT-001590,False,,,
ALT-001591,False,,,
ALT-001592,False,,,
ALT-001593,False,,,
ALT-001594,True,dns_tunnelling,ana_004,2026-07-01
ALT-001595,False,,,
ALT-001596,False,,,
ALT-001597,False,,,
ALT-001598,False,,,
ALT-001599,True,malware_infection,ana_004,2026-07-06
ALT-001600,False,,,
ALT-001601,False,,,
ALT-001602,False,,,
ALT-001603,True,data_exfiltration,ana_004,2026-07-02
ALT-001604,False,,,
ALT-001605,False,,,
ALT-001606,False,,,
ALT-001607,False,,,
ALT-001608,False,,,
ALT-001609,False,,,
ALT-001610,False,,,
ALT-001611,False,,,
ALT-001612,False,,,
ALT-001613,True,brute_force_intrusion,ana_004,2026-07-05
ALT-001614,False,,,
ALT-001615,False,,,
ALT-001616,True,policy_violation_confirmed,ana_004,2026-07-03
ALT-001617,False,,,
ALT-001618,False,,,
ALT-001619,False,,,
ALT-001620,False,,,
ALT-001621,False,,,
ALT-001622,False,,,
ALT-001623,False,,,
ALT-001624,False,,,
ALT-001625,False,,,
ALT-001626,True,unauthorised_access,ana_004,2026-07-03
ALT-001627,False,,,
ALT-001628,False,,,
ALT-001629,False,,,
ALT-001630,True,dns_tunnelling,ana_004,2026-07-01
ALT-001631,False,,,
ALT-001632,True,brute_force_intrusion,ana_004,2026-07-04
ALT-001633,True,data_exfiltration,ana_004,2026-07-02
ALT-001634,False,,,
ALT-001635,False,,,
ALT-001636,False,,,
ALT-001637,True,dns_tunnelling,ana_004,2026-07-01
ALT-001638,False,,,
ALT-001639,False,,,
ALT-001640,False,,,
ALT-001641,True,unauthorised_access,ana_004,2026-07-01
ALT-001642,False,,,
ALT-001643,False,,,
ALT-001644,True,brute_force_intrusion,ana_004,2026-07-03
ALT-001645,False,,,
ALT-001646,True,policy_violation_confirmed,ana_004,2026-07-01
ALT-001647,False,,,
ALT-001648,False,,,
ALT-001649,False,,,
ALT-001650,False,,,
ALT-001651,True,policy_violation_confirmed,ana_004,2026-07-04
ALT-001652,False,,,
ALT-001653,False,,,
ALT-001654,False,,,
ALT-001655,False,,,
ALT-001656,False,,,
ALT-001657,False,,,
ALT-001658,True,dns_tunnelling,ana_004,2026-07-06
ALT-001659,False,,,
ALT-001660,False,,,
ALT-001661,False,,,
ALT-001662,False,,,
ALT-001663,True,lateral_movement,ana_004,2026-07-06
ALT-001664,True,brute_force_intrusion,ana_004,2026-07-02
ALT-001665,True,policy_violation_confirmed,ana_004,2026-07-01
ALT-001666,False,,,
ALT-001667,True,malware_infection,ana_004,2026-07-04
ALT-001668,False,,,
ALT-001669,True,policy_violation_confirmed,ana_004,2026-07-05
ALT-001670,True,data_exfiltration,ana_004,2026-07-04
ALT-001671,False,,,
ALT-001672,True,lateral_movement,ana_004,2026-07-05
ALT-001673,False,,,
ALT-001674,False,,,
ALT-001675,False,,,
ALT-001676,False,,,
ALT-001677,False,,,
ALT-001678,False,,,
ALT-001679,True,lateral_movement,ana_004,2026-07-05
ALT-001680,False,,,
ALT-001681,False,,,
ALT-001682,False,,,
ALT-001683,False,,,
ALT-001684,True,brute_force_intrusion,ana_004,2026-07-03
ALT-001685,False,,,
ALT-001686,False,,,
ALT-001687,False,,,
ALT-001688,True,malware_infection,ana_004,2026-07-03
ALT-001689,False,,,
ALT-001690,True,unauthorised_access,ana_004,2026-07-06
ALT-001691,False,,,
ALT-001692,False,,,
ALT-001693,False,,,
ALT-001694,True,malware_infection,ana_004,2026-07-03
ALT-001695,False,,,
ALT-001696,True,data_exfiltration,ana_004,2026-07-01
ALT-001697,False,,,
ALT-001698,False,,,
ALT-001699,False,,,
ALT-001700,True,lateral_movement,ana_004,2026-07-04
ALT-001701,True,data_exfiltration,ana_004,2026-07-02
ALT-001702,True,lateral_movement,ana_004,2026-07-02
ALT-001703,False,,,
ALT-001704,True,lateral_movement,ana_004,2026-07-02
ALT-001705,False,,,
ALT-001706,False,,,
ALT-001707,False,,,
ALT-001708,False,,,
ALT-001709,False,,,
ALT-001710,True,dns_tunnelling,ana_004,2026-07-04
ALT-001711,False,,,
ALT-001712,False,,,
ALT-001713,False,,,
ALT-001714,False,,,
ALT-001715,False,,,
ALT-001716,True,lateral_movement,ana_004,2026-07-01
ALT-001717,False,,,
ALT-001718,False,,,
ALT-001719,False,,,
ALT-001720,False,,,
ALT-001721,True,malware_infection,ana_004,2026-07-06
ALT-001722,True,malware_infection,ana_004,2026-07-05
ALT-001723,False,,,
ALT-001724,False,,,
ALT-001725,True,lateral_movement,ana_004,2026-07-01
ALT-001726,False,,,
ALT-001727,False,,,
ALT-001728,True,dns_tunnelling,ana_004,2026-07-01
ALT-001729,False,,,
ALT-001730,True,data_exfiltration,ana_004,2026-07-02
ALT-001731,True,unauthorised_access,ana_004,2026-07-02
ALT-001732,False,,,
ALT-001733,False,,,
ALT-001734,False,,,
ALT-001735,True,lateral_movement,ana_004,2026-07-04
ALT-001736,False,,,
ALT-001737,False,,,
ALT-001738,False,,,
ALT-001739,False,,,
ALT-001740,False,,,
ALT-001741,False,,,
ALT-001742,False,,,
ALT-001743,False,,,
ALT-001744,True,data_exfiltration,ana_004,2026-07-04
ALT-001745,True,brute_force_intrusion,ana_004,2026-07-02
ALT-001746,True,lateral_movement,ana_004,2026-07-06
ALT-001747,False,,,
ALT-001748,True,lateral_movement,ana_004,2026-07-02
ALT-001749,False,,,
ALT-001750,False,,,
ALT-001751,False,,,
ALT-001752,False,,,
ALT-001753,True,malware_infection,ana_004,2026-07-02
ALT-001754,False,,,
ALT-001755,True,data_exfiltration,ana_004,2026-07-04
ALT-001756,False,,,
ALT-001757,True,dns_tunnelling,ana_004,2026-07-02
ALT-001758,False,,,
ALT-001759,False,,,
ALT-001760,False,,,
ALT-001761,False,,,
ALT-001762,False,,,
ALT-001763,True,lateral_movement,ana_004,2026-07-02
ALT-001764,False,,,
ALT-001765,False,,,
ALT-001766,False,,,
ALT-001767,False,,,
ALT-001768,True,malware_infection,ana_004,2026-07-01
ALT-001769,False,,,
ALT-001770,False,,,
ALT-001771,False,,,
ALT-001772,False,,,
ALT-001773,False,,,
ALT-001774,True,data_exfiltration,ana_004,2026-07-02
ALT-001775,False,,,
ALT-001776,False,,,
ALT-001777,True,dns_tunnelling,ana_004,2026-07-01
ALT-001778,False,,,
ALT-001779,True,lateral_movement,ana_004,2026-07-01
ALT-001780,False,,,
ALT-001781,False,,,
ALT-001782,False,,,
ALT-001783,False,,,
ALT-001784,False,,,
ALT-001785,False,,,
ALT-001786,False,,,
ALT-001787,False,,,
ALT-001788,False,,,
ALT-001789,False,,,
ALT-001790,False,,,
ALT-001791,True,dns_tunnelling,ana_004,2026-07-05
ALT-001792,False,,,
ALT-001793,False,,,
ALT-001794,False,,,
ALT-001795,False,,,
ALT-001796,True,brute_force_intrusion,ana_004,2026-07-04
ALT-001797,False,,,
ALT-001798,False,,,
ALT-001799,False,,,
ALT-001800,False,,,
ALT-001801,True,lateral_movement,ana_004,2026-07-01
ALT-001802,False,,,
ALT-001803,False,,,
ALT-001804,False,,,
ALT-001805,False,,,
ALT-001806,True,lateral_movement,ana_004,2026-07-06
ALT-001807,True,data_exfiltration,ana_004,2026-07-05
ALT-001808,False,,,
ALT-001809,True,dns_tunnelling,ana_004,2026-07-02
ALT-001810,False,,,
ALT-001811,False,,,
ALT-001812,False,,,
ALT-001813,False,,,
ALT-001814,False,,,
ALT-001815,True,policy_violation_confirmed,ana_004,2026-07-02
ALT-001816,False,,,
ALT-001817,True,brute_force_intrusion,ana_004,2026-07-02
ALT-001818,True,unauthorised_access,ana_004,2026-07-03
ALT-001819,False,,,
ALT-001820,False,,,
ALT-001821,False,,,
ALT-001822,True,unauthorised_access,ana_004,2026-07-06
ALT-001823,False,,,
ALT-001824,False,,,
ALT-001825,False,,,
ALT-001826,True,lateral_movement,ana_004,2026-07-02
ALT-001827,False,,,
ALT-001828,False,,,
ALT-001829,False,,,
ALT-001830,False,,,
ALT-001831,False,,,
ALT-001832,False,,,
ALT-001833,True,lateral_movement,ana_004,2026-07-02
ALT-001834,False,,,
ALT-001835,False,,,
ALT-001836,False,,,
ALT-001837,False,,,
ALT-001838,False,,,
ALT-001839,False,,,
ALT-001840,False,,,
ALT-001841,False,,,
ALT-001842,True,unauthorised_access,ana_004,2026-07-05
ALT-001843,False,,,
ALT-001844,True,data_exfiltration,ana_004,2026-07-04
ALT-001845,False,,,
ALT-001846,False,,,
ALT-001847,False,,,
ALT-001848,False,,,
ALT-001849,False,,,
ALT-001850,False,,,
ALT-001851,False,,,
ALT-001852,True,malware_infection,ana_004,2026-07-03
ALT-001853,False,,,
ALT-001854,True,unauthorised_access,ana_004,2026-07-06
ALT-001855,False,,,
ALT-001856,True,data_exfiltration,ana_004,2026-07-06
ALT-001857,False,,,
ALT-001858,True,unauthorised_access,ana_004,2026-07-01
ALT-001859,False,,,
ALT-001860,True,unauthorised_access,ana_004,2026-07-06
ALT-001861,True,malware_infection,ana_004,2026-07-03
ALT-001862,True,unauthorised_access,ana_004,2026-07-03
ALT-001863,True,unauthorised_access,ana_004,2026-07-03
ALT-001864,False,,,
ALT-001865,False,,,
ALT-001866,False,,,
ALT-001867,False,,,
ALT-001868,False,,,
ALT-001869,False,,,
ALT-001870,False,,,
ALT-001871,True,dns_tunnelling,ana_004,2026-07-05
ALT-001872,False,,,
ALT-001873,False,,,
ALT-001874,False,,,
ALT-001875,True,data_exfiltration,ana_004,2026-07-01
ALT-001876,False,,,
ALT-001877,False,,,
ALT-001878,True,brute_force_intrusion,ana_004,2026-07-01
ALT-001879,False,,,
ALT-001880,False,,,
ALT-001881,False,,,
ALT-001882,True,dns_tunnelling,ana_004,2026-07-02
ALT-001883,True,data_exfiltration,ana_004,2026-07-06
ALT-001884,False,,,
ALT-001885,False,,,
ALT-001886,False,,,
ALT-001887,False,,,
ALT-001888,False,,,
ALT-001889,False,,,
ALT-001890,False,,,
ALT-001891,False,,,
ALT-001892,False,,,
ALT-001893,False,,,
ALT-001894,False,,,
ALT-001895,False,,,
ALT-001896,False,,,
ALT-001897,False,,,
ALT-001898,False,,,
ALT-001899,False,,,
ALT-001900,False,,,
ALT-001901,False,,,
ALT-001902,False,,,
ALT-001903,False,,,
ALT-001904,False,,,
ALT-001905,False,,,
ALT-001906,False,,,
ALT-001907,False,,,
ALT-001908,False,,,
ALT-001909,True,dns_tunnelling,ana_004,2026-07-06
ALT-001910,False,,,
ALT-001911,False,,,
ALT-001912,False,,,
ALT-001913,False,,,
ALT-001914,False,,,
ALT-001915,False,,,
ALT-001916,False,,,
ALT-001917,False,,,
ALT-001918,False,,,
ALT-001919,False,,,
ALT-001920,False,,,
ALT-001921,False,,,
ALT-001922,False,,,
ALT-001923,False,,,
ALT-001924,False,,,
ALT-001925,False,,,
ALT-001926,False,,,
ALT-001927,False,,,
ALT-001928,True,unauthorised_access,ana_004,2026-07-04
ALT-001929,True,malware_infection,ana_004,2026-07-04
ALT-001930,False,,,
ALT-001931,True,lateral_movement,ana_004,2026-07-06
ALT-001932,True,dns_tunnelling,ana_004,2026-07-02
ALT-001933,False,,,
ALT-001934,False,,,
ALT-001935,False,,,
ALT-001936,False,,,
ALT-001937,False,,,
ALT-001938,False,,,
ALT-001939,False,,,
ALT-001940,False,,,
ALT-001941,False,,,
ALT-001942,False,,,
ALT-001943,False,,,
ALT-001944,False,,,
ALT-001945,False,,,
ALT-001946,True,policy_violation_confirmed,ana_004,2026-07-04
ALT-001947,True,malware_infection,ana_004,2026-07-03
ALT-001948,False,,,
ALT-001949,False,,,
ALT-001950,False,,,
ALT-001951,False,,,
ALT-001952,False,,,
ALT-001953,False,,,
ALT-001954,False,,,
ALT-001955,False,,,
ALT-001956,False,,,
ALT-001957,False,,,
ALT-001958,False,,,
ALT-001959,False,,,
ALT-001960,False,,,
ALT-001961,False,,,
ALT-001962,False,,,
ALT-001963,False,,,
ALT-001964,False,,,
ALT-001965,True,brute_force_intrusion,ana_004,2026-07-03
ALT-001966,True,unauthorised_access,ana_004,2026-07-03
ALT-001967,False,,,
ALT-001968,False,,,
ALT-001969,False,,,
ALT-001970,False,,,
ALT-001971,True,data_exfiltration,ana_004,2026-07-05
ALT-001972,True,data_exfiltration,ana_004,2026-07-06
ALT-001973,False,,,
ALT-001974,False,,,
ALT-001975,True,policy_violation_confirmed,ana_004,2026-07-02
ALT-001976,True,malware_infection,ana_004,2026-07-03
ALT-001977,True,policy_violation_confirmed,ana_004,2026-07-05
ALT-001978,False,,,
ALT-001979,False,,,
ALT-001980,False,,,
ALT-001981,False,,,
ALT-001982,True,policy_violation_confirmed,ana_004,2026-07-05
ALT-001983,False,,,
ALT-001984,False,,,
ALT-001985,False,,,
ALT-001986,True,policy_violation_confirmed,ana_004,2026-07-06
ALT-001987,True,brute_force_intrusion,ana_004,2026-07-01
ALT-001988,True,dns_tunnelling,ana_004,2026-07-06
ALT-001989,False,,,
ALT-001990,False,,,
ALT-001991,False,,,
ALT-001992,False,,,
ALT-001993,False,,,
ALT-001994,False,,,
ALT-001995,True,lateral_movement,ana_004,2026-07-05
ALT-001996,False,,,
ALT-001997,True,malware_infection,ana_004,2026-07-05
ALT-001998,False,,,
ALT-001999,False,,,
ALT-002000,False,,,
ALT-002001,False,,,
ALT-002002,False,,,
ALT-002003,False,,,
ALT-002004,True,policy_violation_confirmed,ana_004,2026-07-04
ALT-002005,False,,,
ALT-002006,False,,,
ALT-002007,False,,,
ALT-002008,False,,,
ALT-002009,False,,,
ALT-002010,False,,,
ALT-002011,True,lateral_movement,ana_004,2026-07-04
ALT-002012,False,,,
ALT-002013,False,,,
ALT-002014,False,,,
ALT-002015,False,,,
ALT-002016,False,,,
ALT-002017,False,,,
ALT-002018,False,,,
ALT-002019,False,,,
ALT-002020,True,policy_violation_confirmed,ana_004,2026-07-06
ALT-002021,False,,,
ALT-002022,True,lateral_movement,ana_004,2026-07-02
ALT-002023,False,,,
ALT-002024,False,,,
ALT-002025,False,,,
ALT-002026,True,data_exfiltration,ana_004,2026-07-02
ALT-002027,False,,,
ALT-002028,False,,,
ALT-002029,False,,,
ALT-002030,True,lateral_movement,ana_004,2026-07-03
ALT-002031,True,unauthorised_access,ana_004,2026-07-01
ALT-002032,False,,,
ALT-002033,False,,,
ALT-002034,False,,,
ALT-002035,False,,,
ALT-002036,False,,,
ALT-002037,True,malware_infection,ana_004,2026-07-05
ALT-002038,False,,,
ALT-002039,False,,,
ALT-002040,False,,,
ALT-002041,True,brute_force_intrusion,ana_004,2026-07-05
ALT-002042,False,,,
ALT-002043,False,,,
ALT-002044,True,brute_force_intrusion,ana_004,2026-07-06
ALT-002045,True,data_exfiltration,ana_004,2026-07-03
ALT-002046,False,,,
ALT-002047,True,unauthorised_access,ana_004,2026-07-02
ALT-002048,False,,,
ALT-002049,False,,,
ALT-002050,False,,,
ALT-002051,False,,,
ALT-002052,True,dns_tunnelling,ana_004,2026-07-02
ALT-002053,False,,,
ALT-002054,True,data_exfiltration,ana_004,2026-07-03
ALT-002055,False,,,
ALT-002056,False,,,
ALT-002057,False,,,
ALT-002058,True,policy_violation_confirmed,ana_004,2026-07-03
ALT-002059,True,malware_infection,ana_004,2026-07-03
ALT-002060,False,,,
ALT-002061,False,,,
ALT-002062,True,unauthorised_access,ana_004,2026-07-05
ALT-002063,False,,,
ALT-002064,False,,,
ALT-002065,False,,,
ALT-002066,False,,,
ALT-002067,False,,,
ALT-002068,False,,,
ALT-002069,False,,,
ALT-002070,False,,,
ALT-002071,False,,,
ALT-002072,False,,,
ALT-002073,False,,,
ALT-002074,False,,,
ALT-002075,False,,,
ALT-002076,False,,,
ALT-002077,True,policy_violation_confirmed,ana_004,2026-07-02
ALT-002078,False,,,
ALT-002079,False,,,
ALT-002080,False,,,
ALT-002081,False,,,
ALT-002082,False,,,
ALT-002083,True,brute_force_intrusion,ana_004,2026-07-02
ALT-002084,True,lateral_movement,ana_004,2026-07-06
ALT-002085,False,,,
ALT-002086,False,,,
ALT-002087,False,,,
ALT-002088,False,,,
ALT-002089,False,,,
ALT-002090,False,,,
ALT-002091,False,,,
ALT-002092,True,unauthorised_access,ana_004,2026-07-04
ALT-002093,False,,,
ALT-002094,True,lateral_movement,ana_004,2026-07-01
ALT-002095,False,,,
ALT-002096,False,,,
ALT-002097,False,,,
ALT-002098,False,,,
ALT-002099,False,,,
ALT-002100,False,,,
ALT-002101,False,,,
ALT-002102,True,lateral_movement,ana_004,2026-07-03
ALT-002103,False,,,
ALT-002104,False,,,
ALT-002105,True,data_exfiltration,ana_004,2026-07-03
ALT-002106,False,,,
ALT-002107,False,,,
ALT-002108,False,,,
ALT-002109,False,,,
ALT-002110,False,,,
ALT-002111,True,policy_violation_confirmed,ana_004,2026-07-02
ALT-002112,False,,,
ALT-002113,False,,,
ALT-002114,False,,,
ALT-002115,False,,,
ALT-002116,True,data_exfiltration,ana_004,2026-07-06
ALT-002117,False,,,
ALT-002118,False,,,
ALT-002119,False,,,
ALT-002120,False,,,
ALT-002121,True,unauthorised_access,ana_004,2026-07-06
ALT-002122,False,,,
ALT-002123,False,,,
ALT-002124,False,,,
ALT-002125,True,lateral_movement,ana_004,2026-07-01
ALT-002126,False,,,
ALT-002127,True,brute_force_intrusion,ana_004,2026-07-04
ALT-002128,True,brute_force_intrusion,ana_004,2026-07-06
ALT-002129,False,,,
ALT-002130,False,,,
ALT-002131,True,data_exfiltration,ana_004,2026-07-02
ALT-002132,True,policy_violation_confirmed,ana_004,2026-07-04
ALT-002133,False,,,
ALT-002134,False,,,
ALT-002135,False,,,
ALT-002136,False,,,
ALT-002137,False,,,
ALT-002138,False,,,
ALT-002139,False,,,
ALT-002140,False,,,
ALT-002141,False,,,
ALT-002142,False,,,
ALT-002143,True,unauthorised_access,ana_004,2026-07-01
ALT-002144,False,,,
ALT-002145,False,,,
ALT-002146,False,,,
ALT-002147,False,,,
ALT-002148,False,,,
ALT-002149,False,,,
ALT-002150,True,lateral_movement,ana_004,2026-07-02
ALT-002151,False,,,
ALT-002152,False,,,
ALT-002153,True,unauthorised_access,ana_004,2026-07-05
ALT-002154,False,,,
ALT-002155,True,brute_force_intrusion,ana_004,2026-07-04
ALT-002156,False,,,
ALT-002157,False,,,
ALT-002158,False,,,
ALT-002159,True,unauthorised_access,ana_004,2026-07-02
ALT-002160,False,,,
ALT-002161,True,brute_force_intrusion,ana_004,2026-07-04
ALT-002162,False,,,
ALT-002163,False,,,
ALT-002164,False,,,
ALT-002165,False,,,
ALT-002166,False,,,
ALT-002167,True,data_exfiltration,ana_004,2026-07-05
ALT-002168,False,,,
ALT-002169,False,,,
ALT-002170,False,,,
ALT-002171,False,,,
ALT-002172,False,,,
ALT-002173,False,,,
ALT-002174,True,lateral_movement,ana_004,2026-07-03
ALT-002175,True,malware_infection,ana_004,2026-07-03
ALT-002176,True,dns_tunnelling,ana_004,2026-07-03
ALT-002177,True,brute_force_intrusion,ana_004,2026-07-05
ALT-002178,False,,,
ALT-002179,False,,,
ALT-002180,False,,,
ALT-002181,False,,,
ALT-002182,False,,,
ALT-002183,False,,,
ALT-002184,True,data_exfiltration,ana_004,2026-07-05
ALT-002185,False,,,
ALT-002186,False,,,
ALT-002187,False,,,
ALT-002188,False,,,
ALT-002189,False,,,
ALT-002190,True,brute_force_intrusion,ana_004,2026-07-05
ALT-002191,True,policy_violation_confirmed,ana_004,2026-07-03
ALT-002192,False,,,
ALT-002193,False,,,
ALT-002194,False,,,
ALT-002195,False,,,
ALT-002196,False,,,
ALT-002197,True,unauthorised_access,ana_004,2026-07-04
ALT-002198,True,data_exfiltration,ana_004,2026-07-02
ALT-002199,False,,,
ALT-002200,False,,,
ALT-002201,False,,,
ALT-002202,False,,,
ALT-002203,True,malware_infection,ana_004,2026-07-04
ALT-002204,False,,,
ALT-002205,False,,,
ALT-002206,False,,,
ALT-002207,False,,,
ALT-002208,False,,,
ALT-002209,False,,,
ALT-002210,False,,,
ALT-002211,False,,,
ALT-002212,False,,,
ALT-002213,False,,,
ALT-002214,True,policy_violation_confirmed,ana_004,2026-07-05
ALT-002215,False,,,
ALT-002216,False,,,
ALT-002217,True,lateral_movement,ana_004,2026-07-04
ALT-002218,False,,,
ALT-002219,False,,,
ALT-002220,False,,,
ALT-002221,False,,,
ALT-002222,False,,,
ALT-002223,False,,,
ALT-002224,False,,,
ALT-002225,False,,,
ALT-002226,False,,,
ALT-002227,False,,,
ALT-002228,False,,,
ALT-002229,False,,,
ALT-002230,True,dns_tunnelling,ana_004,2026-07-01
ALT-002231,True,lateral_movement,ana_004,2026-07-06
ALT-002232,False,,,
ALT-002233,False,,,
ALT-002234,False,,,
ALT-002235,False,,,
ALT-002236,False,,,
ALT-002237,False,,,
ALT-002238,True,policy_violation_confirmed,ana_004,2026-07-05
ALT-002239,False,,,
ALT-002240,False,,,
ALT-002241,False,,,
ALT-002242,False,,,
ALT-002243,False,,,
ALT-002244,False,,,
ALT-002245,False,,,
ALT-002246,False,,,
ALT-002247,False,,,
ALT-002248,True,unauthorised_access,ana_004,2026-07-01
ALT-002249,False,,,
ALT-002250,False,,,
ALT-002251,False,,,
ALT-002252,True,dns_tunnelling,ana_004,2026-07-04
ALT-002253,False,,,
ALT-002254,True,dns_tunnelling,ana_004,2026-07-06
ALT-002255,True,policy_violation_confirmed,ana_004,2026-07-04
ALT-002256,False,,,
ALT-002257,True,unauthorised_access,ana_004,2026-07-03
ALT-002258,False,,,
ALT-002259,True,data_exfiltration,ana_004,2026-07-05
ALT-002260,False,,,
ALT-002261,True,malware_infection,ana_004,2026-07-04
ALT-002262,True,unauthorised_access,ana_004,2026-07-02
ALT-002263,False,,,
ALT-002264,True,brute_force_intrusion,ana_004,2026-07-02
ALT-002265,False,,,
ALT-002266,False,,,
ALT-002267,False,,,
ALT-002268,False,,,
ALT-002269,True,lateral_movement,ana_004,2026-07-01
ALT-002270,False,,,
ALT-002271,False,,,
ALT-002272,True,dns_tunnelling,ana_004,2026-07-02
ALT-002273,False,,,
ALT-002274,False,,,
ALT-002275,False,,,
ALT-002276,False,,,
ALT-002277,False,,,
ALT-002278,False,,,
ALT-002279,False,,,
ALT-002280,False,,,
ALT-002281,False,,,
ALT-002282,False,,,
ALT-002283,False,,,
ALT-002284,False,,,
ALT-002285,False,,,
ALT-002286,True,data_exfiltration,ana_004,2026-07-01
ALT-002287,True,brute_force_intrusion,ana_004,2026-07-06
ALT-002288,False,,,
ALT-002289,False,,,
ALT-002290,False,,,
ALT-002291,False,,,
ALT-002292,False,,,
ALT-002293,False,,,
ALT-002294,False,,,
ALT-002295,False,,,
ALT-002296,True,unauthorised_access,ana_004,2026-07-03
ALT-002297,False,,,
ALT-002298,False,,,
ALT-002299,True,data_exfiltration,ana_004,2026-07-06
ALT-002300,False,,,
ALT-002301,False,,,
ALT-002302,True,brute_force_intrusion,ana_004,2026-07-06
ALT-002303,False,,,
ALT-002304,False,,,
ALT-002305,False,,,
ALT-002306,False,,,
ALT-002307,False,,,
ALT-002308,False,,,
ALT-002309,False,,,
ALT-002310,False,,,
ALT-002311,False,,,
ALT-002312,False,,,
ALT-002313,True,data_exfiltration,ana_004,2026-07-06
ALT-002314,False,,,
ALT-002315,False,,,
ALT-002316,False,,,
ALT-002317,False,,,
ALT-002318,False,,,
ALT-002319,False,,,
ALT-002320,False,,,
ALT-002321,False,,,
ALT-002322,False,,,
ALT-002323,False,,,
ALT-002324,False,,,
ALT-002325,False,,,
ALT-002326,True,malware_infection,ana_004,2026-07-03
ALT-002327,False,,,
ALT-002328,True,dns_tunnelling,ana_004,2026-07-06
ALT-002329,True,malware_infection,ana_004,2026-07-03
ALT-002330,False,,,
ALT-002331,False,,,
ALT-002332,False,,,
ALT-002333,False,,,
ALT-002334,False,,,
ALT-002335,True,data_exfiltration,ana_004,2026-07-04
ALT-002336,False,,,
ALT-002337,False,,,
ALT-002338,False,,,
ALT-002339,False,,,
ALT-002340,False,,,
ALT-002341,True,data_exfiltration,ana_004,2026-07-03
ALT-002342,False,,,
ALT-002343,True,unauthorised_access,ana_004,2026-07-04
ALT-002344,True,dns_tunnelling,ana_004,2026-07-03
ALT-002345,False,,,
ALT-002346,False,,,
ALT-002347,False,,,
ALT-002348,False,,,
ALT-002349,False,,,
ALT-002350,True,brute_force_intrusion,ana_004,2026-07-05
ALT-002351,False,,,
ALT-002352,False,,,
ALT-002353,False,,,
ALT-002354,False,,,
ALT-002355,True,dns_tunnelling,ana_004,2026-07-02
ALT-002356,False,,,
ALT-002357,True,brute_force_intrusion,ana_004,2026-07-02
ALT-002358,True,dns_tunnelling,ana_004,2026-07-04
ALT-002359,False,,,
ALT-002360,False,,,
ALT-002361,True,policy_violation_confirmed,ana_004,2026-07-06
ALT-002362,False,,,
ALT-002363,False,,,
ALT-002364,False,,,
ALT-002365,False,,,
ALT-002366,False,,,
ALT-002367,False,,,
ALT-002368,False,,,
ALT-002369,False,,,
ALT-002370,False,,,
ALT-002371,False,,,
ALT-002372,False,,,
ALT-002373,True,malware_infection,ana_004,2026-07-06
ALT-002374,False,,,
ALT-002375,False,,,
ALT-002376,False,,,
ALT-002377,False,,,
ALT-002378,False,,,
ALT-002379,False,,,
ALT-002380,False,,,
ALT-002381,True,unauthorised_access,ana_004,2026-07-06
ALT-002382,False,,,
ALT-002383,False,,,
ALT-002384,False,,,
ALT-002385,False,,,
ALT-002386,False,,,
ALT-002387,True,dns_tunnelling,ana_004,2026-07-05
ALT-002388,False,,,
ALT-002389,False,,,
ALT-002390,False,,,
ALT-002391,True,dns_tunnelling,ana_004,2026-07-06
ALT-002392,False,,,
ALT-002393,True,malware_infection,ana_004,2026-07-02
ALT-002394,False,,,
ALT-002395,False,,,
ALT-002396,True,policy_violation_confirmed,ana_004,2026-07-01
ALT-002397,False,,,
ALT-002398,True,dns_tunnelling,ana_004,2026-07-06
ALT-002399,False,,,
ALT-002400,False,,,
ALT-002401,False,,,
ALT-002402,False,,,
ALT-002403,True,policy_violation_confirmed,ana_004,2026-07-04
ALT-002404,True,lateral_movement,ana_004,2026-07-02
ALT-002405,False,,,
ALT-002406,False,,,
ALT-002407,False,,,
ALT-002408,True,lateral_movement,ana_004,2026-07-03
ALT-002409,True,dns_tunnelling,ana_004,2026-07-02
ALT-002410,True,policy_violation_confirmed,ana_004,2026-07-04
ALT-002411,False,,,
ALT-002412,False,,,
ALT-002413,False,,,
ALT-002414,False,,,
ALT-002415,True,lateral_movement,ana_004,2026-07-01
ALT-002416,True,lateral_movement,ana_004,2026-07-03
ALT-002417,False,,,
ALT-002418,False,,,
ALT-002419,False,,,
ALT-002420,False,,,
ALT-002421,True,lateral_movement,ana_004,2026-07-04
ALT-002422,False,,,
ALT-002423,False,,,
ALT-002424,False,,,
ALT-002425,False,,,
ALT-002426,True,data_exfiltration,ana_004,2026-07-02
ALT-002427,True,unauthorised_access,ana_004,2026-07-03
ALT-002428,False,,,
ALT-002429,False,,,
ALT-002430,False,,,
ALT-002431,True,malware_infection,ana_004,2026-07-05
ALT-002432,True,malware_infection,ana_004,2026-07-03
ALT-002433,False,,,
ALT-002434,False,,,
ALT-002435,True,data_exfiltration,ana_004,2026-07-03
ALT-002436,False,,,
ALT-002437,True,malware_infection,ana_004,2026-07-04
ALT-002438,False,,,
ALT-002439,True,unauthorised_access,ana_004,2026-07-04
ALT-002440,True,lateral_movement,ana_004,2026-07-03
ALT-002441,False,,,
ALT-002442,True,data_exfiltration,ana_004,2026-07-03
ALT-002443,False,,,
ALT-002444,False,,,
ALT-002445,False,,,
ALT-002446,False,,,
ALT-002447,False,,,
ALT-002448,False,,,
ALT-002449,True,data_exfiltration,ana_004,2026-07-01
ALT-002450,False,,,
ALT-002451,False,,,
ALT-002452,False,,,
ALT-002453,False,,,
ALT-002454,False,,,
ALT-002455,False,,,
ALT-002456,False,,,
ALT-002457,False,,,
ALT-002458,False,,,
ALT-002459,False,,,
ALT-002460,False,,,
ALT-002461,True,brute_force_intrusion,ana_004,2026-07-06
ALT-002462,False,,,
ALT-002463,False,,,
ALT-002464,False,,,
ALT-002465,False,,,
ALT-002466,False,,,
ALT-002467,True,malware_infection,ana_004,2026-07-01
ALT-002468,True,malware_infection,ana_004,2026-07-05
ALT-002469,False,,,
ALT-002470,False,,,
ALT-002471,True,data_exfiltration,ana_004,2026-07-06
ALT-002472,False,,,
ALT-002473,False,,,
ALT-002474,False,,,
ALT-002475,False,,,
ALT-002476,False,,,
ALT-002477,False,,,
ALT-002478,False,,,
ALT-002479,False,,,
ALT-002480,True,data_exfiltration,ana_004,2026-07-04
ALT-002481,False,,,
ALT-002482,True,unauthorised_access,ana_004,2026-07-06
ALT-002483,False,,,
ALT-002484,False,,,
ALT-002485,False,,,
ALT-002486,False,,,
ALT-002487,True,dns_tunnelling,ana_004,2026-07-03
ALT-002488,False,,,
ALT-002489,False,,,
ALT-002490,True,lateral_movement,ana_004,2026-07-05
ALT-002491,False,,,
ALT-002492,False,,,
ALT-002493,True,dns_tunnelling,ana_004,2026-07-03
ALT-002494,False,,,
ALT-002495,True,malware_infection,ana_004,2026-07-05
ALT-002496,False,,,
ALT-002497,False,,,
ALT-002498,False,,,
ALT-002499,False,,,
ALT-002500,True,data_exfiltration,ana_004,2026-07-06
ALT-002501,False,,,
ALT-002502,True,policy_violation_confirmed,ana_004,2026-07-03
ALT-002503,False,,,
ALT-002504,False,,,
ALT-002505,False,,,
ALT-002506,True,malware_infection,ana_004,2026-07-03
ALT-002507,True,brute_force_intrusion,ana_004,2026-07-03
ALT-002508,True,policy_violation_confirmed,ana_004,2026-07-01
ALT-002509,True,malware_infection,ana_004,2026-07-02
ALT-002510,True,malware_infection,ana_004,2026-07-03
ALT-002511,True,malware_infection,ana_004,2026-07-04
ALT-002512,False,,,
ALT-002513,True,dns_tunnelling,ana_004,2026-07-01
ALT-002514,False,,,
ALT-002515,False,,,
ALT-002516,True,brute_force_intrusion,ana_004,2026-07-04
ALT-002517,False,,,
ALT-002518,False,,,
ALT-002519,False,,,
ALT-002520,False,,,
ALT-002521,False,,,
ALT-002522,False,,,
ALT-002523,False,,,
ALT-002524,False,,,
ALT-002525,True,malware_infection,ana_004,2026-07-02
ALT-002526,False,,,
ALT-002527,False,,,
ALT-002528,False,,,
ALT-002529,True,dns_tunnelling,ana_004,2026-07-06
ALT-002530,False,,,
ALT-002531,False,,,
ALT-002532,False,,,
ALT-002533,False,,,
ALT-002534,False,,,
ALT-002535,False,,,
ALT-002536,True,data_exfiltration,ana_004,2026-07-05
ALT-002537,False,,,
ALT-002538,False,,,
ALT-002539,False,,,
ALT-002540,False,,,
ALT-002541,False,,,
ALT-002542,True,brute_force_intrusion,ana_004,2026-07-04
ALT-002543,False,,,
ALT-002544,False,,,
ALT-002545,False,,,
ALT-002546,False,,,
ALT-002547,False,,,
ALT-002548,False,,,
ALT-002549,True,unauthorised_access,ana_004,2026-07-06
ALT-002550,False,,,
ALT-002551,False,,,
ALT-002552,False,,,
ALT-002553,False,,,
ALT-002554,False,,,
ALT-002555,True,brute_force_intrusion,ana_004,2026-07-02
ALT-002556,True,malware_infection,ana_004,2026-07-03
ALT-002557,False,,,
ALT-002558,False,,,
ALT-002559,False,,,
ALT-002560,False,,,
ALT-002561,False,,,
ALT-002562,False,,,
ALT-002563,False,,,
ALT-002564,False,,,
ALT-002565,False,,,
ALT-002566,False,,,
ALT-002567,True,dns_tunnelling,ana_004,2026-07-06
ALT-002568,False,,,
ALT-002569,False,,,
ALT-002570,True,lateral_movement,ana_004,2026-07-03
ALT-002571,False,,,
ALT-002572,False,,,
ALT-002573,False,,,
ALT-002574,True,malware_infection,ana_004,2026-07-03
ALT-002575,False,,,
ALT-002576,False,,,
ALT-002577,False,,,
ALT-002578,False,,,
ALT-002579,True,data_exfiltration,ana_004,2026-07-03
ALT-002580,False,,,
ALT-002581,False,,,
ALT-002582,False,,,
ALT-002583,False,,,
ALT-002584,False,,,
ALT-002585,False,,,
ALT-002586,True,unauthorised_access,ana_004,2026-07-04
ALT-002587,False,,,
ALT-002588,False,,,
ALT-002589,False,,,
ALT-002590,True,lateral_movement,ana_004,2026-07-02
ALT-002591,True,data_exfiltration,ana_004,2026-07-04
ALT-002592,False,,,
ALT-002593,True,data_exfiltration,ana_004,2026-07-03
ALT-002594,True,unauthorised_access,ana_004,2026-07-03
ALT-002595,False,,,
ALT-002596,True,data_exfiltration,ana_004,2026-07-01
ALT-002597,False,,,
ALT-002598,True,brute_force_intrusion,ana_004,2026-07-01
ALT-002599,False,,,
ALT-002600,False,,,
ALT-002601,True,dns_tunnelling,ana_004,2026-07-01
ALT-002602,False,,,
ALT-002603,False,,,
ALT-002604,False,,,
ALT-002605,False,,,
ALT-002606,False,,,
ALT-002607,False,,,
ALT-002608,True,dns_tunnelling,ana_004,2026-07-03
ALT-002609,False,,,
ALT-002610,False,,,
ALT-002611,False,,,
ALT-002612,False,,,
ALT-002613,False,,,
ALT-002614,True,malware_infection,ana_004,2026-07-02
ALT-002615,False,,,
ALT-002616,False,,,
ALT-002617,False,,,
ALT-002618,False,,,
ALT-002619,True,malware_infection,ana_004,2026-07-03
ALT-002620,True,policy_violation_confirmed,ana_004,2026-07-05
ALT-002621,True,brute_force_intrusion,ana_004,2026-07-03
ALT-002622,False,,,
ALT-002623,False,,,
ALT-002624,False,,,
ALT-002625,True,brute_force_intrusion,ana_004,2026-07-06
ALT-002626,False,,,
ALT-002627,True,dns_tunnelling,ana_004,2026-07-06
ALT-002628,False,,,
ALT-002629,False,,,
ALT-002630,False,,,
ALT-002631,False,,,
ALT-002632,False,,,
ALT-002633,False,,,
ALT-002634,False,,,
ALT-002635,True,data_exfiltration,ana_004,2026-07-05
ALT-002636,True,malware_infection,ana_004,2026-07-03
ALT-002637,False,,,
ALT-002638,False,,,
ALT-002639,False,,,
ALT-002640,False,,,
ALT-002641,False,,,
ALT-002642,False,,,
ALT-002643,False,,,
ALT-002644,True,lateral_movement,ana_004,2026-07-06
ALT-002645,True,brute_force_intrusion,ana_004,2026-07-01
ALT-002646,False,,,
ALT-002647,False,,,
ALT-002648,True,policy_violation_confirmed,ana_004,2026-07-02
ALT-002649,False,,,
ALT-002650,False,,,
ALT-002651,False,,,
ALT-002652,False,,,
ALT-002653,False,,,
ALT-002654,False,,,
ALT-002655,False,,,
ALT-002656,False,,,
ALT-002657,False,,,
ALT-002658,False,,,
ALT-002659,False,,,
ALT-002660,True,malware_infection,ana_004,2026-07-01
ALT-002661,True,unauthorised_access,ana_004,2026-07-05
ALT-002662,False,,,
ALT-002663,False,,,
ALT-002664,True,brute_force_intrusion,ana_004,2026-07-04
ALT-002665,False,,,
ALT-002666,False,,,
ALT-002667,True,dns_tunnelling,ana_004,2026-07-01
ALT-002668,False,,,
ALT-002669,False,,,
ALT-002670,True,malware_infection,ana_004,2026-07-01
ALT-002671,True,dns_tunnelling,ana_004,2026-07-01
ALT-002672,False,,,
ALT-002673,False,,,
ALT-002674,True,unauthorised_access,ana_004,2026-07-01
ALT-002675,True,lateral_movement,ana_004,2026-07-04
ALT-002676,True,brute_force_intrusion,ana_004,2026-07-03
ALT-002677,False,,,
ALT-002678,False,,,
ALT-002679,True,brute_force_intrusion,ana_004,2026-07-01
ALT-002680,True,brute_force_intrusion,ana_004,2026-07-03
ALT-002681,False,,,
ALT-002682,True,policy_violation_confirmed,ana_004,2026-07-06
ALT-002683,True,unauthorised_access,ana_004,2026-07-04
ALT-002684,False,,,
ALT-002685,True,malware_infection,ana_004,2026-07-03
ALT-002686,False,,,
ALT-002687,False,,,
ALT-002688,False,,,
ALT-002689,False,,,
ALT-002690,True,unauthorised_access,ana_004,2026-07-02
ALT-002691,False,,,
ALT-002692,False,,,
ALT-002693,True,malware_infection,ana_004,2026-07-03
ALT-002694,False,,,
ALT-002695,False,,,
ALT-002696,True,lateral_movement,ana_004,2026-07-03
ALT-002697,False,,,
ALT-002698,False,,,
ALT-002699,False,,,
ALT-002700,False,,,
ALT-002701,True,policy_violation_confirmed,ana_004,2026-07-06
ALT-002702,True,unauthorised_access,ana_004,2026-07-05
ALT-002703,False,,,
ALT-002704,True,policy_violation_confirmed,ana_004,2026-07-05
ALT-002705,True,malware_infection,ana_004,2026-07-01
ALT-002706,False,,,
ALT-002707,False,,,
ALT-002708,False,,,
ALT-002709,False,,,
ALT-002710,False,,,
ALT-002711,False,,,
ALT-002712,False,,,
ALT-002713,False,,,
ALT-002714,False,,,
ALT-002715,True,unauthorised_access,ana_004,2026-07-03
ALT-002716,False,,,
ALT-002717,False,,,
ALT-002718,True,unauthorised_access,ana_004,2026-07-03
ALT-002719,False,,,
ALT-002720,True,lateral_movement,ana_004,2026-07-04
ALT-002721,False,,,
ALT-002722,False,,,
ALT-002723,False,,,
ALT-002724,False,,,
ALT-002725,False,,,
ALT-002726,True,data_exfiltration,ana_004,2026-07-05
ALT-002727,True,policy_violation_confirmed,ana_004,2026-07-04
ALT-002728,False,,,
ALT-002729,False,,,
ALT-002730,True,malware_infection,ana_004,2026-07-03
ALT-002731,True,policy_violation_confirmed,ana_004,2026-07-02
ALT-002732,False,,,
ALT-002733,False,,,
ALT-002734,False,,,
ALT-002735,False,,,
ALT-002736,False,,,
ALT-002737,False,,,
ALT-002738,True,unauthorised_access,ana_004,2026-07-04
ALT-002739,False,,,
ALT-002740,False,,,
ALT-002741,False,,,
ALT-002742,False,,,
ALT-002743,True,dns_tunnelling,ana_004,2026-07-04
ALT-002744,True,data_exfiltration,ana_004,2026-07-01
ALT-002745,False,,,
ALT-002746,False,,,
ALT-002747,False,,,
ALT-002748,False,,,
ALT-002749,False,,,
ALT-002750,True,malware_infection,ana_004,2026-07-02
ALT-002751,False,,,
ALT-002752,False,,,
ALT-002753,False,,,
ALT-002754,False,,,
ALT-002755,False,,,
ALT-002756,False,,,
ALT-002757,False,,,
ALT-002758,False,,,
ALT-002759,False,,,
ALT-002760,False,,,
ALT-002761,False,,,
ALT-002762,True,dns_tunnelling,ana_004,2026-07-02
ALT-002763,False,,,
ALT-002764,False,,,
ALT-002765,False,,,
ALT-002766,False,,,
ALT-002767,False,,,
ALT-002768,False,,,
ALT-002769,False,,,
ALT-002770,False,,,
ALT-002771,False,,,
ALT-002772,False,,,
ALT-002773,False,,,
ALT-002774,True,lateral_movement,ana_004,2026-07-04
ALT-002775,False,,,
ALT-002776,False,,,
ALT-002777,False,,,
ALT-002778,False,,,
ALT-002779,False,,,
ALT-002780,False,,,
ALT-002781,False,,,
ALT-002782,False,,,
ALT-002783,False,,,
ALT-002784,True,policy_violation_confirmed,ana_004,2026-07-01
ALT-002785,False,,,
ALT-002786,True,data_exfiltration,ana_004,2026-07-04
ALT-002787,True,lateral_movement,ana_004,2026-07-06
ALT-002788,False,,,
ALT-002789,False,,,
ALT-002790,True,policy_violation_confirmed,ana_004,2026-07-01
ALT-002791,False,,,
ALT-002792,True,malware_infection,ana_004,2026-07-03
ALT-002793,False,,,
ALT-002794,False,,,
ALT-002795,False,,,
ALT-002796,True,brute_force_intrusion,ana_004,2026-07-04
ALT-002797,False,,,
ALT-002798,True,dns_tunnelling,ana_004,2026-07-02
ALT-002799,False,,,
ALT-002800,False,,,
ALT-002801,False,,,
ALT-002802,False,,,
ALT-002803,False,,,
ALT-002804,True,unauthorised_access,ana_004,2026-07-03
ALT-002805,False,,,
ALT-002806,True,unauthorised_access,ana_004,2026-07-03
ALT-002807,False,,,
ALT-002808,True,unauthorised_access,ana_004,2026-07-02
ALT-002809,True,data_exfiltration,ana_004,2026-07-06
ALT-002810,True,malware_infection,ana_004,2026-07-04
ALT-002811,False,,,
ALT-002812,False,,,
ALT-002813,False,,,
ALT-002814,False,,,
ALT-002815,False,,,
ALT-002816,False,,,
ALT-002817,True,policy_violation_confirmed,ana_004,2026-07-04
ALT-002818,True,dns_tunnelling,ana_004,2026-07-05
ALT-002819,False,,,
ALT-002820,True,policy_violation_confirmed,ana_004,2026-07-05
ALT-002821,False,,,
ALT-002822,True,brute_force_intrusion,ana_004,2026-07-05
ALT-002823,True,lateral_movement,ana_004,2026-07-02
ALT-002824,False,,,
ALT-002825,False,,,
ALT-002826,False,,,
ALT-002827,True,brute_force_intrusion,ana_004,2026-07-01
ALT-002828,False,,,
ALT-002829,False,,,
ALT-002830,False,,,
ALT-002831,False,,,
ALT-002832,False,,,
ALT-002833,False,,,
ALT-002834,False,,,
ALT-002835,False,,,
ALT-002836,False,,,
ALT-002837,False,,,
ALT-002838,True,malware_infection,ana_004,2026-07-01
ALT-002839,True,data_exfiltration,ana_004,2026-07-05
ALT-002840,False,,,
ALT-002841,True,unauthorised_access,ana_004,2026-07-04
ALT-002842,True,unauthorised_access,ana_004,2026-07-03
ALT-002843,False,,,
ALT-002844,False,,,
ALT-002845,True,dns_tunnelling,ana_004,2026-07-05
ALT-002846,False,,,
ALT-002847,False,,,
ALT-002848,False,,,
ALT-002849,True,unauthorised_access,ana_004,2026-07-05
ALT-002850,False,,,
ALT-002851,True,policy_violation_confirmed,ana_004,2026-07-04
ALT-002852,False,,,
ALT-002853,False,,,
ALT-002854,True,data_exfiltration,ana_004,2026-07-02
ALT-002855,False,,,
ALT-002856,False,,,
ALT-002857,True,data_exfiltration,ana_004,2026-07-05
ALT-002858,False,,,
ALT-002859,True,brute_force_intrusion,ana_004,2026-07-02
ALT-002860,False,,,
ALT-002861,False,,,
ALT-002862,False,,,
ALT-002863,False,,,
ALT-002864,False,,,
ALT-002865,False,,,
ALT-002866,False,,,
ALT-002867,False,,,
ALT-002868,False,,,
ALT-002869,False,,,
ALT-002870,False,,,
ALT-002871,False,,,
ALT-002872,False,,,
ALT-002873,False,,,
ALT-002874,False,,,
ALT-002875,False,,,
ALT-002876,False,,,
ALT-002877,False,,,
ALT-002878,True,brute_force_intrusion,ana_004,2026-07-03
ALT-002879,False,,,
ALT-002880,False,,,
ALT-002881,False,,,
ALT-002882,False,,,
ALT-002883,False,,,
ALT-002884,False,,,
ALT-002885,False,,,
ALT-002886,False,,,
ALT-002887,False,,,
ALT-002888,False,,,
ALT-002889,False,,,
ALT-002890,True,policy_violation_confirmed,ana_004,2026-07-03
ALT-002891,False,,,
ALT-002892,False,,,
ALT-002893,False,,,
ALT-002894,False,,,
ALT-002895,False,,,
ALT-002896,False,,,
ALT-002897,False,,,
ALT-002898,False,,,
ALT-002899,True,lateral_movement,ana_004,2026-07-05
ALT-002900,False,,,
ALT-002901,False,,,
ALT-002902,True,policy_violation_confirmed,ana_004,2026-07-01
ALT-002903,False,,,
ALT-002904,False,,,
ALT-002905,False,,,
ALT-002906,False,,,
ALT-002907,False,,,
ALT-002908,False,,,
ALT-002909,False,,,
ALT-002910,False,,,
ALT-002911,False,,,
ALT-002912,False,,,
ALT-002913,False,,,
ALT-002914,False,,,
ALT-002915,False,,,
ALT-002916,False,,,
ALT-002917,False,,,
ALT-002918,False,,,
ALT-002919,False,,,
ALT-002920,False,,,
ALT-002921,False,,,
ALT-002922,False,,,
ALT-002923,False,,,
ALT-002924,True,lateral_movement,ana_004,2026-07-06
ALT-002925,False,,,
ALT-002926,False,,,
ALT-002927,True,malware_infection,ana_004,2026-07-01
ALT-002928,False,,,
ALT-002929,False,,,
ALT-002930,False,,,
ALT-002931,False,,,
ALT-002932,False,,,
ALT-002933,False,,,
ALT-002934,True,dns_tunnelling,ana_004,2026-07-03
ALT-002935,False,,,
ALT-002936,False,,,
ALT-002937,False,,,
ALT-002938,True,unauthorised_access,ana_004,2026-07-06
ALT-002939,False,,,
ALT-002940,False,,,
ALT-002941,False,,,
ALT-002942,False,,,
ALT-002943,False,,,
ALT-002944,False,,,
ALT-002945,True,lateral_movement,ana_004,2026-07-03
ALT-002946,False,,,
ALT-002947,False,,,
ALT-002948,False,,,
ALT-002949,False,,,
ALT-002950,False,,,
ALT-002951,False,,,
ALT-002952,True,data_exfiltration,ana_004,2026-07-06
ALT-002953,False,,,
ALT-002954,False,,,
ALT-002955,False,,,
ALT-002956,False,,,
ALT-002957,False,,,
ALT-002958,False,,,
ALT-002959,False,,,
ALT-002960,False,,,
ALT-002961,False,,,
ALT-002962,False,,,
ALT-002963,False,,,
ALT-002964,False,,,
ALT-002965,True,lateral_movement,ana_004,2026-07-01
ALT-002966,False,,,
ALT-002967,True,dns_tunnelling,ana_004,2026-07-03
ALT-002968,False,,,
ALT-002969,True,dns_tunnelling,ana_004,2026-07-05
ALT-002970,False,,,
ALT-002971,True,unauthorised_access,ana_004,2026-07-01
ALT-002972,True,unauthorised_access,ana_004,2026-07-01
ALT-002973,True,lateral_movement,ana_004,2026-07-06
ALT-002974,True,malware_infection,ana_004,2026-07-04
ALT-002975,False,,,
ALT-002976,False,,,
ALT-002977,True,policy_violation_confirmed,ana_004,2026-07-02
ALT-002978,False,,,
ALT-002979,False,,,
ALT-002980,False,,,
ALT-002981,False,,,
ALT-002982,True,unauthorised_access,ana_004,2026-07-03
ALT-002983,False,,,
ALT-002984,False,,,
ALT-002985,False,,,
ALT-002986,False,,,
ALT-002987,False,,,
ALT-002988,False,,,
ALT-002989,False,,,
ALT-002990,True,lateral_movement,ana_004,2026-07-03
ALT-002991,False,,,
ALT-002992,False,,,
ALT-002993,True,malware_infection,ana_004,2026-07-06
ALT-002994,False,,,
ALT-002995,False,,,
ALT-002996,False,,,
ALT-002997,True,dns_tunnelling,ana_004,2026-07-06
ALT-002998,True,lateral_movement,ana_004,2026-07-02
ALT-002999,True,unauthorised_access,ana_004,2026-07-01
ALT-003000,False,,,
ALT-003001,False,,,
ALT-003002,False,,,
ALT-003003,False,,,
ALT-003004,False,,,
ALT-003005,True,malware_infection,ana_004,2026-07-04
ALT-003006,False,,,
ALT-003007,False,,,
ALT-003008,False,,,
ALT-003009,True,malware_infection,ana_004,2026-07-01
ALT-003010,False,,,
ALT-003011,False,,,
ALT-003012,False,,,
ALT-003013,False,,,
ALT-003014,False,,,
ALT-003015,False,,,
ALT-003016,False,,,
ALT-003017,False,,,
ALT-003018,True,brute_force_intrusion,ana_004,2026-07-01
ALT-003019,True,brute_force_intrusion,ana_004,2026-07-05
ALT-003020,False,,,
ALT-003021,False,,,
ALT-003022,False,,,
ALT-003023,False,,,
ALT-003024,False,,,
ALT-003025,True,brute_force_intrusion,ana_004,2026-07-04
ALT-003026,False,,,
ALT-003027,False,,,
ALT-003028,False,,,
ALT-003029,False,,,
ALT-003030,True,unauthorised_access,ana_004,2026-07-01
ALT-003031,False,,,
ALT-003032,False,,,
ALT-003033,False,,,
ALT-003034,False,,,
ALT-003035,False,,,
ALT-003036,False,,,
ALT-003037,False,,,
ALT-003038,False,,,
ALT-003039,False,,,
ALT-003040,False,,,
ALT-003041,True,dns_tunnelling,ana_004,2026-07-03
ALT-003042,False,,,
ALT-003043,False,,,
ALT-003044,False,,,
ALT-003045,False,,,
ALT-003046,False,,,
ALT-003047,False,,,
ALT-003048,True,lateral_movement,ana_004,2026-07-05
ALT-003049,True,data_exfiltration,ana_004,2026-07-03
ALT-003050,False,,,
ALT-003051,False,,,
ALT-003052,False,,,
ALT-003053,False,,,
ALT-003054,True,unauthorised_access,ana_004,2026-07-03
ALT-003055,False,,,
ALT-003056,False,,,
ALT-003057,True,malware_infection,ana_004,2026-07-01
ALT-003058,False,,,
ALT-003059,True,data_exfiltration,ana_004,2026-07-04
ALT-003060,False,,,
ALT-003061,True,lateral_movement,ana_004,2026-07-06
ALT-003062,True,unauthorised_access,ana_004,2026-07-02
ALT-003063,False,,,
ALT-003064,False,,,
ALT-003065,True,malware_infection,ana_004,2026-07-03
ALT-003066,True,malware_infection,ana_004,2026-07-03
ALT-003067,False,,,
ALT-003068,False,,,
ALT-003069,False,,,
ALT-003070,False,,,
ALT-003071,False,,,
ALT-003072,True,brute_force_intrusion,ana_004,2026-07-01
ALT-003073,False,,,
ALT-003074,False,,,
ALT-003075,False,,,
ALT-003076,False,,,
ALT-003077,False,,,
ALT-003078,True,malware_infection,ana_004,2026-07-05
ALT-003079,False,,,
ALT-003080,False,,,
ALT-003081,False,,,
ALT-003082,False,,,
ALT-003083,False,,,
ALT-003084,False,,,
ALT-003085,True,lateral_movement,ana_004,2026-07-02
ALT-003086,False,,,
ALT-003087,False,,,
ALT-003088,True,lateral_movement,ana_004,2026-07-03
ALT-003089,False,,,
ALT-003090,True,policy_violation_confirmed,ana_004,2026-07-06
ALT-003091,False,,,
ALT-003092,False,,,
ALT-003093,True,data_exfiltration,ana_004,2026-07-02
ALT-003094,True,dns_tunnelling,ana_004,2026-07-06
ALT-003095,False,,,
ALT-003096,True,brute_force_intrusion,ana_004,2026-07-02
ALT-003097,True,malware_infection,ana_004,2026-07-02
ALT-003098,False,,,
ALT-003099,False,,,
ALT-003100,False,,,
ALT-003101,False,,,
ALT-003102,False,,,
ALT-003103,False,,,
ALT-003104,False,,,
ALT-003105,True,unauthorised_access,ana_004,2026-07-06
ALT-003106,False,,,
ALT-003107,False,,,
ALT-003108,False,,,
ALT-003109,False,,,
ALT-003110,True,dns_tunnelling,ana_004,2026-07-06
ALT-003111,False,,,
ALT-003112,False,,,
ALT-003113,False,,,
ALT-003114,False,,,
ALT-003115,False,,,
ALT-003116,False,,,
ALT-003117,True,policy_violation_confirmed,ana_004,2026-07-01
ALT-003118,True,unauthorised_access,ana_004,2026-07-04
ALT-003119,False,,,
ALT-003120,False,,,
ALT-003121,False,,,
ALT-003122,False,,,
ALT-003123,False,,,
ALT-003124,True,data_exfiltration,ana_004,2026-07-05
ALT-003125,False,,,
ALT-003126,False,,,
ALT-003127,True,malware_infection,ana_004,2026-07-06
ALT-003128,True,brute_force_intrusion,ana_004,2026-07-04
ALT-003129,False,,,
ALT-003130,True,policy_violation_confirmed,ana_004,2026-07-06
ALT-003131,True,data_exfiltration,ana_004,2026-07-05
ALT-003132,False,,,
ALT-003133,True,dns_tunnelling,ana_004,2026-07-02
ALT-003134,False,,,
ALT-003135,True,unauthorised_access,ana_004,2026-07-06
ALT-003136,False,,,
ALT-003137,False,,,
ALT-003138,False,,,
ALT-003139,False,,,
ALT-003140,True,lateral_movement,ana_004,2026-07-04
ALT-003141,True,policy_violation_confirmed,ana_004,2026-07-05
ALT-003142,False,,,
ALT-003143,False,,,
ALT-003144,False,,,
ALT-003145,False,,,
ALT-003146,True,lateral_movement,ana_004,2026-07-06
ALT-003147,False,,,
ALT-003148,True,malware_infection,ana_004,2026-07-02
ALT-003149,True,lateral_movement,ana_004,2026-07-06
ALT-003150,False,,,
ALT-003151,False,,,
ALT-003152,False,,,
ALT-003153,True,policy_violation_confirmed,ana_004,2026-07-01
ALT-003154,False,,,
ALT-003155,False,,,
ALT-003156,False,,,
ALT-003157,False,,,
ALT-003158,False,,,
ALT-003159,False,,,
ALT-003160,False,,,
ALT-003161,True,dns_tunnelling,ana_004,2026-07-02
ALT-003162,False,,,
ALT-003163,True,dns_tunnelling,ana_004,2026-07-01
ALT-003164,False,,,
ALT-003165,False,,,
ALT-003166,True,policy_violation_confirmed,ana_004,2026-07-06
ALT-003167,False,,,
ALT-003168,False,,,
ALT-003169,True,data_exfiltration,ana_004,2026-07-06
ALT-003170,False,,,
ALT-003171,False,,,
ALT-003172,False,,,
ALT-003173,False,,,
ALT-003174,True,dns_tunnelling,ana_004,2026-07-06
ALT-003175,False,,,
ALT-003176,True,lateral_movement,ana_004,2026-07-04
ALT-003177,False,,,
ALT-003178,False,,,
ALT-003179,False,,,
ALT-003180,False,,,
ALT-003181,True,policy_violation_confirmed,ana_004,2026-07-03
ALT-003182,False,,,
ALT-003183,False,,,
ALT-003184,True,brute_force_intrusion,ana_004,2026-07-06
ALT-003185,False,,,
ALT-003186,False,,,
ALT-003187,False,,,
ALT-003188,False,,,
ALT-003189,False,,,
ALT-003190,False,,,
ALT-003191,False,,,
ALT-003192,False,,,
ALT-003193,False,,,
ALT-003194,False,,,
ALT-003195,False,,,
ALT-003196,False,,,
ALT-003197,False,,,
ALT-003198,False,,,
ALT-003199,True,malware_infection,ana_004,2026-07-04
ALT-003200,False,,,
ALT-003201,False,,,
ALT-003202,False,,,
ALT-003203,False,,,
ALT-003204,False,,,
ALT-003205,False,,,
ALT-003206,False,,,
ALT-003207,False,,,
ALT-003208,False,,,
ALT-003209,False,,,
ALT-003210,False,,,
ALT-003211,False,,,
ALT-003212,False,,,
ALT-003213,False,,,
ALT-003214,False,,,
ALT-003215,False,,,
ALT-003216,False,,,
ALT-003217,True,lateral_movement,ana_004,2026-07-05
ALT-003218,False,,,
ALT-003219,False,,,
ALT-003220,True,data_exfiltration,ana_004,2026-07-03
ALT-003221,False,,,
ALT-003222,True,brute_force_intrusion,ana_004,2026-07-06
ALT-003223,False,,,
ALT-003224,True,policy_violation_confirmed,ana_004,2026-07-01
ALT-003225,True,data_exfiltration,ana_004,2026-07-05
ALT-003226,False,,,
ALT-003227,False,,,
ALT-003228,False,,,
ALT-003229,False,,,
ALT-003230,False,,,
ALT-003231,False,,,
ALT-003232,False,,,
ALT-003233,True,unauthorised_access,ana_004,2026-07-01
ALT-003234,False,,,
ALT-003235,False,,,
ALT-003236,False,,,
ALT-003237,False,,,
ALT-003238,False,,,
ALT-003239,False,,,
ALT-003240,False,,,
ALT-003241,False,,,
ALT-003242,False,,,
ALT-003243,False,,,
ALT-003244,False,,,
ALT-003245,False,,,
ALT-003246,True,malware_infection,ana_004,2026-07-03
ALT-003247,False,,,
ALT-003248,True,policy_violation_confirmed,ana_004,2026-07-02
ALT-003249,True,unauthorised_access,ana_004,2026-07-06
ALT-003250,False,,,
ALT-003251,False,,,
ALT-003252,False,,,
ALT-003253,False,,,
ALT-003254,False,,,
ALT-003255,True,dns_tunnelling,ana_004,2026-07-02
ALT-003256,True,brute_force_intrusion,ana_004,2026-07-05
ALT-003257,True,policy_violation_confirmed,ana_004,2026-07-02
ALT-003258,False,,,
ALT-003259,False,,,
ALT-003260,False,,,
ALT-003261,True,lateral_movement,ana_004,2026-07-05
ALT-003262,False,,,
ALT-003263,False,,,
ALT-003264,False,,,
ALT-003265,False,,,
ALT-003266,False,,,
ALT-003267,False,,,
ALT-003268,False,,,
ALT-003269,False,,,
ALT-003270,True,brute_force_intrusion,ana_004,2026-07-05
ALT-003271,False,,,
ALT-003272,False,,,
ALT-003273,False,,,
ALT-003274,False,,,
ALT-003275,False,,,
ALT-003276,False,,,
ALT-003277,True,policy_violation_confirmed,ana_004,2026-07-03
ALT-003278,False,,,
ALT-003279,False,,,
ALT-003280,True,lateral_movement,ana_004,2026-07-02
ALT-003281,False,,,
ALT-003282,False,,,
ALT-003283,False,,,
ALT-003284,True,dns_tunnelling,ana_004,2026-07-05
ALT-003285,False,,,
ALT-003286,False,,,
ALT-003287,False,,,
ALT-003288,False,,,
ALT-003289,False,,,
ALT-003290,False,,,
ALT-003291,False,,,
ALT-003292,False,,,
ALT-003293,False,,,
ALT-003294,False,,,
ALT-003295,False,,,
ALT-003296,True,dns_tunnelling,ana_004,2026-07-03
ALT-003297,True,brute_force_intrusion,ana_004,2026-07-05
ALT-003298,False,,,
ALT-003299,False,,,
ALT-003300,False,,,
ALT-003301,True,malware_infection,ana_004,2026-07-04
ALT-003302,False,,,
ALT-003303,True,unauthorised_access,ana_004,2026-07-02
ALT-003304,False,,,
ALT-003305,False,,,
ALT-003306,False,,,
ALT-003307,False,,,
ALT-003308,False,,,
ALT-003309,False,,,
ALT-003310,True,brute_force_intrusion,ana_004,2026-07-03
ALT-003311,False,,,
ALT-003312,False,,,
ALT-003313,False,,,
ALT-003314,True,lateral_movement,ana_004,2026-07-06
ALT-003315,False,,,
ALT-003316,True,policy_violation_confirmed,ana_004,2026-07-03
ALT-003317,False,,,
ALT-003318,False,,,
ALT-003319,False,,,
ALT-003320,True,unauthorised_access,ana_004,2026-07-02
ALT-003321,False,,,
ALT-003322,False,,,
ALT-003323,False,,,
ALT-003324,False,,,
ALT-003325,False,,,
ALT-003326,False,,,
ALT-003327,False,,,
ALT-003328,False,,,
ALT-003329,False,,,
ALT-003330,False,,,
ALT-003331,False,,,
ALT-003332,True,dns_tunnelling,ana_004,2026-07-02
ALT-003333,True,dns_tunnelling,ana_004,2026-07-01
ALT-003334,True,malware_infection,ana_004,2026-07-03
ALT-003335,False,,,
ALT-003336,False,,,
ALT-003337,False,,,
ALT-003338,False,,,
ALT-003339,False,,,
ALT-003340,False,,,
ALT-003341,False,,,
ALT-003342,False,,,
ALT-003343,True,dns_tunnelling,ana_004,2026-07-04
ALT-003344,False,,,
ALT-003345,False,,,
ALT-003346,True,data_exfiltration,ana_004,2026-07-05
ALT-003347,True,dns_tunnelling,ana_004,2026-07-04
ALT-003348,False,,,
ALT-003349,False,,,
ALT-003350,False,,,
ALT-003351,False,,,
ALT-003352,False,,,
ALT-003353,False,,,
ALT-003354,True,dns_tunnelling,ana_004,2026-07-05
ALT-003355,False,,,
ALT-003356,False,,,
ALT-003357,False,,,
ALT-003358,False,,,
ALT-003359,False,,,
ALT-003360,False,,,
ALT-003361,False,,,
ALT-003362,False,,,
ALT-003363,False,,,
ALT-003364,False,,,
ALT-003365,False,,,
ALT-003366,False,,,
ALT-003367,False,,,
ALT-003368,False,,,
ALT-003369,False,,,
ALT-003370,True,lateral_movement,ana_004,2026-07-04
ALT-003371,True,malware_infection,ana_004,2026-07-03
ALT-003372,False,,,
ALT-003373,False,,,
ALT-003374,False,,,
ALT-003375,True,lateral_movement,ana_004,2026-07-01
ALT-003376,False,,,
ALT-003377,True,brute_force_intrusion,ana_004,2026-07-01
ALT-003378,False,,,
ALT-003379,False,,,
ALT-003380,False,,,
ALT-003381,False,,,
ALT-003382,False,,,
ALT-003383,False,,,
ALT-003384,False,,,
ALT-003385,False,,,
ALT-003386,False,,,
ALT-003387,False,,,
ALT-003388,False,,,
ALT-003389,False,,,
ALT-003390,True,dns_tunnelling,ana_004,2026-07-02
ALT-003391,True,unauthorised_access,ana_004,2026-07-03
ALT-003392,False,,,
ALT-003393,True,policy_violation_confirmed,ana_004,2026-07-03
ALT-003394,False,,,
ALT-003395,False,,,
ALT-003396,False,,,
ALT-003397,True,brute_force_intrusion,ana_004,2026-07-03
ALT-003398,False,,,
ALT-003399,False,,,
ALT-003400,False,,,
ALT-003401,False,,,
ALT-003402,False,,,
ALT-003403,False,,,
ALT-003404,False,,,
ALT-003405,True,malware_infection,ana_004,2026-07-03
ALT-003406,False,,,
ALT-003407,True,unauthorised_access,ana_004,2026-07-05
ALT-003408,False,,,
ALT-003409,False,,,
ALT-003410,False,,,
ALT-003411,False,,,
ALT-003412,False,,,
ALT-003413,True,dns_tunnelling,ana_004,2026-07-06
ALT-003414,False,,,
ALT-003415,True,dns_tunnelling,ana_004,2026-07-03
ALT-003416,False,,,
ALT-003417,False,,,
ALT-003418,False,,,
ALT-003419,False,,,
ALT-003420,False,,,
ALT-003421,False,,,
ALT-003422,True,malware_infection,ana_004,2026-07-06
ALT-003423,True,dns_tunnelling,ana_004,2026-07-04
ALT-003424,False,,,
ALT-003425,True,dns_tunnelling,ana_004,2026-07-05
ALT-003426,False,,,
ALT-003427,False,,,
ALT-003428,True,lateral_movement,ana_004,2026-07-03
ALT-003429,True,lateral_movement,ana_004,2026-07-05
ALT-003430,False,,,
ALT-003431,False,,,
ALT-003432,False,,,
ALT-003433,False,,,
ALT-003434,False,,,
ALT-003435,True,data_exfiltration,ana_004,2026-07-01
ALT-003436,False,,,
ALT-003437,False,,,
ALT-003438,False,,,
ALT-003439,False,,,
ALT-003440,True,data_exfiltration,ana_004,2026-07-04
ALT-003441,False,,,
ALT-003442,False,,,
ALT-003443,True,data_exfiltration,ana_004,2026-07-02
ALT-003444,False,,,
ALT-003445,True,lateral_movement,ana_004,2026-07-05
ALT-003446,False,,,
ALT-003447,True,lateral_movement,ana_004,2026-07-04
ALT-003448,False,,,
ALT-003449,False,,,
ALT-003450,True,brute_force_intrusion,ana_004,2026-07-01
ALT-003451,False,,,
ALT-003452,False,,,
ALT-003453,False,,,
ALT-003454,False,,,
ALT-003455,False,,,
ALT-003456,False,,,
ALT-003457,False,,,
ALT-003458,True,policy_violation_confirmed,ana_004,2026-07-05
ALT-003459,False,,,
ALT-003460,False,,,
ALT-003461,False,,,
ALT-003462,False,,,
ALT-003463,True,malware_infection,ana_004,2026-07-02
ALT-003464,False,,,
ALT-003465,False,,,
ALT-003466,False,,,
ALT-003467,False,,,
ALT-003468,False,,,
ALT-003469,True,policy_violation_confirmed,ana_004,2026-07-01
ALT-003470,True,malware_infection,ana_004,2026-07-04
ALT-003471,False,,,
ALT-003472,False,,,
ALT-003473,False,,,
ALT-003474,False,,,
ALT-003475,True,dns_tunnelling,ana_004,2026-07-02
ALT-003476,False,,,
ALT-003477,False,,,
ALT-003478,False,,,
ALT-003479,False,,,
ALT-003480,False,,,
ALT-003481,False,,,
ALT-003482,False,,,
ALT-003483,False,,,
ALT-003484,True,lateral_movement,ana_004,2026-07-01
ALT-003485,False,,,
ALT-003486,False,,,
ALT-003487,True,malware_infection,ana_004,2026-07-04
ALT-003488,False,,,
ALT-003489,True,brute_force_intrusion,ana_004,2026-07-05
ALT-003490,False,,,
ALT-003491,False,,,
ALT-003492,True,lateral_movement,ana_004,2026-07-04
ALT-003493,False,,,
ALT-003494,True,brute_force_intrusion,ana_004,2026-07-02
ALT-003495,False,,,
ALT-003496,False,,,
ALT-003497,False,,,
ALT-003498,False,,,
ALT-003499,False,,,
ALT-003500,True,brute_force_intrusion,ana_004,2026-07-03
ALT-003501,False,,,
ALT-003502,False,,,
ALT-003503,True,malware_infection,ana_004,2026-07-01
ALT-003504,False,,,
ALT-003505,True,data_exfiltration,ana_004,2026-07-02
ALT-003506,False,,,
ALT-003507,True,malware_infection,ana_004,2026-07-01
ALT-003508,True,policy_violation_confirmed,ana_004,2026-07-05
ALT-003509,True,policy_violation_confirmed,ana_004,2026-07-01
ALT-003510,False,,,
ALT-003511,True,malware_infection,ana_004,2026-07-02
ALT-003512,False,,,
ALT-003513,False,,,
ALT-003514,False,,,
ALT-003515,False,,,
ALT-003516,False,,,
ALT-003517,True,policy_violation_confirmed,ana_004,2026-07-06
ALT-003518,False,,,
ALT-003519,False,,,
ALT-003520,False,,,
ALT-003521,False,,,
ALT-003522,True,brute_force_intrusion,ana_004,2026-07-03
ALT-003523,False,,,
ALT-003524,False,,,
ALT-003525,True,lateral_movement,ana_004,2026-07-02
ALT-003526,True,policy_violation_confirmed,ana_004,2026-07-02
ALT-003527,False,,,
ALT-003528,False,,,
ALT-003529,True,unauthorised_access,ana_004,2026-07-01
ALT-003530,False,,,
ALT-003531,False,,,
ALT-003532,False,,,
ALT-003533,False,,,
ALT-003534,False,,,
ALT-003535,True,unauthorised_access,ana_004,2026-07-05
ALT-003536,False,,,
ALT-003537,True,policy_violation_confirmed,ana_004,2026-07-04
ALT-003538,False,,,
ALT-003539,False,,,
ALT-003540,False,,,
ALT-003541,False,,,
ALT-003542,True,policy_violation_confirmed,ana_004,2026-07-06
ALT-003543,False,,,
ALT-003544,False,,,
ALT-003545,False,,,
ALT-003546,False,,,
ALT-003547,False,,,
ALT-003548,True,brute_force_intrusion,ana_004,2026-07-03
ALT-003549,False,,,
ALT-003550,False,,,
ALT-003551,False,,,
ALT-003552,False,,,
ALT-003553,True,lateral_movement,ana_004,2026-07-04
ALT-003554,False,,,
ALT-003555,False,,,
ALT-003556,False,,,
ALT-003557,False,,,
ALT-003558,False,,,
ALT-003559,False,,,
ALT-003560,True,dns_tunnelling,ana_004,2026-07-01
ALT-003561,False,,,
ALT-003562,True,data_exfiltration,ana_004,2026-07-01
ALT-003563,False,,,
ALT-003564,False,,,
ALT-003565,False,,,
ALT-003566,False,,,
ALT-003567,True,dns_tunnelling,ana_004,2026-07-05
ALT-003568,False,,,
ALT-003569,True,brute_force_intrusion,ana_004,2026-07-02
ALT-003570,False,,,
ALT-003571,False,,,
ALT-003572,False,,,
ALT-003573,False,,,
ALT-003574,False,,,
ALT-003575,False,,,
ALT-003576,False,,,
ALT-003577,False,,,
ALT-003578,False,,,
ALT-003579,False,,,
ALT-003580,False,,,
ALT-003581,False,,,
ALT-003582,True,brute_force_intrusion,ana_004,2026-07-05
ALT-003583,True,brute_force_intrusion,ana_004,2026-07-01
ALT-003584,False,,,
ALT-003585,False,,,
ALT-003586,True,policy_violation_confirmed,ana_004,2026-07-03
ALT-003587,False,,,
ALT-003588,False,,,
ALT-003589,False,,,
ALT-003590,False,,,
ALT-003591,True,data_exfiltration,ana_004,2026-07-02
ALT-003592,False,,,
ALT-003593,False,,,
ALT-003594,False,,,
ALT-003595,False,,,
ALT-003596,False,,,
ALT-003597,True,brute_force_intrusion,ana_004,2026-07-02
ALT-003598,False,,,
ALT-003599,True,lateral_movement,ana_004,2026-07-03
ALT-003600,False,,,
ALT-003601,False,,,
ALT-003602,True,brute_force_intrusion,ana_004,2026-07-01
ALT-003603,True,lateral_movement,ana_004,2026-07-01
ALT-003604,False,,,
ALT-003605,False,,,
ALT-003606,False,,,
ALT-003607,False,,,
ALT-003608,False,,,
ALT-003609,True,dns_tunnelling,ana_004,2026-07-05
ALT-003610,False,,,
ALT-003611,False,,,
ALT-003612,False,,,
ALT-003613,False,,,
ALT-003614,False,,,
ALT-003615,False,,,
ALT-003616,False,,,
ALT-003617,False,,,
ALT-003618,False,,,
ALT-003619,False,,,
ALT-003620,False,,,
ALT-003621,False,,,
ALT-003622,True,malware_infection,ana_004,2026-07-02
ALT-003623,True,brute_force_intrusion,ana_004,2026-07-02
ALT-003624,False,,,
ALT-003625,False,,,
ALT-003626,True,malware_infection,ana_004,2026-07-06
ALT-003627,False,,,
ALT-003628,False,,,
ALT-003629,False,,,
ALT-003630,False,,,
ALT-003631,False,,,
ALT-003632,False,,,
ALT-003633,False,,,
ALT-003634,True,unauthorised_access,ana_004,2026-07-04
ALT-003635,False,,,
ALT-003636,False,,,
ALT-003637,True,lateral_movement,ana_004,2026-07-06
ALT-003638,False,,,
ALT-003639,False,,,
ALT-003640,False,,,
ALT-003641,False,,,
ALT-003642,False,,,
ALT-003643,False,,,
ALT-003644,False,,,
ALT-003645,False,,,
ALT-003646,False,,,
ALT-003647,False,,,
ALT-003648,False,,,
ALT-003649,False,,,
ALT-003650,False,,,
ALT-003651,False,,,
ALT-003652,False,,,
ALT-003653,True,dns_tunnelling,ana_004,2026-07-02
ALT-003654,False,,,
ALT-003655,True,dns_tunnelling,ana_004,2026-07-03
ALT-003656,True,lateral_movement,ana_004,2026-07-05
ALT-003657,True,data_exfiltration,ana_004,2026-07-06
ALT-003658,False,,,
ALT-003659,False,,,
ALT-003660,False,,,
ALT-003661,False,,,
ALT-003662,False,,,
ALT-003663,False,,,
ALT-003664,True,data_exfiltration,ana_004,2026-07-02
ALT-003665,False,,,
ALT-003666,True,lateral_movement,ana_004,2026-07-06
ALT-003667,False,,,
ALT-003668,False,,,
ALT-003669,True,malware_infection,ana_004,2026-07-02
ALT-003670,False,,,
ALT-003671,False,,,
ALT-003672,False,,,
ALT-003673,False,,,
ALT-003674,False,,,
ALT-003675,False,,,
ALT-003676,False,,,
ALT-003677,False,,,
ALT-003678,False,,,
ALT-003679,False,,,
ALT-003680,True,data_exfiltration,ana_004,2026-07-03
ALT-003681,False,,,
ALT-003682,False,,,
ALT-003683,True,policy_violation_confirmed,ana_004,2026-07-06
ALT-003684,False,,,
ALT-003685,False,,,
ALT-003686,False,,,
ALT-003687,True,lateral_movement,ana_004,2026-07-04
ALT-003688,True,lateral_movement,ana_004,2026-07-05
ALT-003689,False,,,
ALT-003690,False,,,
ALT-003691,True,dns_tunnelling,ana_004,2026-07-01
ALT-003692,False,,,
ALT-003693,True,dns_tunnelling,ana_004,2026-07-05
ALT-003694,False,,,
ALT-003695,False,,,
ALT-003696,True,dns_tunnelling,ana_004,2026-07-02
ALT-003697,True,policy_violation_confirmed,ana_004,2026-07-05
ALT-003698,False,,,
ALT-003699,False,,,
ALT-003700,True,dns_tunnelling,ana_004,2026-07-03
ALT-003701,True,brute_force_intrusion,ana_004,2026-07-04
ALT-003702,True,lateral_movement,ana_004,2026-07-02
ALT-003703,False,,,
ALT-003704,False,,,
ALT-003705,False,,,
ALT-003706,True,data_exfiltration,ana_004,2026-07-05
ALT-003707,True,malware_infection,ana_004,2026-07-05
ALT-003708,True,unauthorised_access,ana_004,2026-07-01
ALT-003709,False,,,
ALT-003710,False,,,
ALT-003711,True,lateral_movement,ana_004,2026-07-02
ALT-003712,False,,,
ALT-003713,False,,,
ALT-003714,False,,,
ALT-003715,False,,,
ALT-003716,True,data_exfiltration,ana_004,2026-07-03
ALT-003717,False,,,
ALT-003718,False,,,
ALT-003719,False,,,
ALT-003720,False,,,
ALT-003721,False,,,
ALT-003722,False,,,
ALT-003723,False,,,
ALT-003724,False,,,
ALT-003725,False,,,
ALT-003726,False,,,
ALT-003727,False,,,
ALT-003728,False,,,
ALT-003729,False,,,
ALT-003730,True,policy_violation_confirmed,ana_004,2026-07-05
ALT-003731,True,malware_infection,ana_004,2026-07-05
ALT-003732,False,,,
ALT-003733,False,,,
ALT-003734,False,,,
ALT-003735,False,,,
ALT-003736,True,lateral_movement,ana_004,2026-07-06
ALT-003737,False,,,
ALT-003738,False,,,
ALT-003739,False,,,
ALT-003740,False,,,
ALT-003741,False,,,
ALT-003742,False,,,
ALT-003743,False,,,
ALT-003744,False,,,
ALT-003745,False,,,
ALT-003746,False,,,
ALT-003747,True,dns_tunnelling,ana_004,2026-07-05
ALT-003748,False,,,
ALT-003749,False,,,
ALT-003750,True,malware_infection,ana_004,2026-07-06
ALT-003751,False,,,
ALT-003752,False,,,
ALT-003753,False,,,
ALT-003754,True,dns_tunnelling,ana_004,2026-07-06
ALT-003755,False,,,
ALT-003756,False,,,
ALT-003757,True,dns_tunnelling,ana_004,2026-07-03
ALT-003758,True,dns_tunnelling,ana_004,2026-07-04
ALT-003759,False,,,
ALT-003760,False,,,
ALT-003761,False,,,
ALT-003762,True,data_exfiltration,ana_004,2026-07-03
ALT-003763,False,,,
ALT-003764,False,,,
ALT-003765,False,,,
ALT-003766,False,,,
ALT-003767,False,,,
ALT-003768,False,,,
ALT-003769,False,,,
ALT-003770,True,malware_infection,ana_004,2026-07-02
ALT-003771,False,,,
ALT-003772,False,,,
ALT-003773,False,,,
ALT-003774,False,,,
ALT-003775,False,,,
ALT-003776,False,,,
ALT-003777,False,,,
ALT-003778,False,,,
ALT-003779,False,,,
ALT-003780,True,dns_tunnelling,ana_004,2026-07-04
ALT-003781,False,,,
ALT-003782,False,,,
ALT-003783,False,,,
ALT-003784,False,,,
ALT-003785,False,,,
ALT-003786,False,,,
ALT-003787,False,,,
ALT-003788,False,,,
ALT-003789,False,,,
ALT-003790,False,,,
ALT-003791,True,brute_force_intrusion,ana_004,2026-07-04
ALT-003792,False,,,
ALT-003793,False,,,
ALT-003794,False,,,
ALT-003795,False,,,
ALT-003796,True,lateral_movement,ana_004,2026-07-01
ALT-003797,False,,,
ALT-003798,False,,,
ALT-003799,False,,,
ALT-003800,False,,,
ALT-003801,False,,,
ALT-003802,False,,,
ALT-003803,False,,,
ALT-003804,False,,,
ALT-003805,True,lateral_movement,ana_004,2026-07-03
ALT-003806,False,,,
ALT-003807,False,,,
ALT-003808,False,,,
ALT-003809,False,,,
ALT-003810,False,,,
ALT-003811,False,,,
ALT-003812,True,malware_infection,ana_004,2026-07-01
ALT-003813,False,,,
ALT-003814,False,,,
ALT-003815,False,,,
ALT-003816,True,data_exfiltration,ana_004,2026-07-06
ALT-003817,True,policy_violation_confirmed,ana_004,2026-07-03
ALT-003818,False,,,
ALT-003819,False,,,
ALT-003820,False,,,
ALT-003821,True,lateral_movement,ana_004,2026-07-04
ALT-003822,False,,,
ALT-003823,False,,,
ALT-003824,False,,,
ALT-003825,False,,,
ALT-003826,False,,,
ALT-003827,False,,,
ALT-003828,True,malware_infection,ana_004,2026-07-06
ALT-003829,False,,,
ALT-003830,True,brute_force_intrusion,ana_004,2026-07-06
ALT-003831,False,,,
ALT-003832,False,,,
ALT-003833,False,,,
ALT-003834,False,,,
ALT-003835,True,lateral_movement,ana_004,2026-07-03
ALT-003836,False,,,
ALT-003837,True,lateral_movement,ana_004,2026-07-02
ALT-003838,False,,,
ALT-003839,False,,,
ALT-003840,True,dns_tunnelling,ana_004,2026-07-01
ALT-003841,False,,,
ALT-003842,False,,,
ALT-003843,False,,,
ALT-003844,False,,,
ALT-003845,True,malware_infection,ana_004,2026-07-05
ALT-003846,False,,,
ALT-003847,False,,,
ALT-003848,False,,,
ALT-003849,False,,,
ALT-003850,False,,,
ALT-003851,False,,,
ALT-003852,False,,,
ALT-003853,False,,,
ALT-003854,False,,,
ALT-003855,True,lateral_movement,ana_004,2026-07-01
ALT-003856,False,,,
ALT-003857,False,,,
ALT-003858,False,,,
ALT-003859,False,,,
ALT-003860,False,,,
ALT-003861,False,,,
ALT-003862,False,,,
ALT-003863,False,,,
ALT-003864,False,,,
ALT-003865,False,,,
ALT-003866,True,data_exfiltration,ana_004,2026-07-05
ALT-003867,False,,,
ALT-003868,False,,,
ALT-003869,True,brute_force_intrusion,ana_004,2026-07-04
ALT-003870,False,,,
ALT-003871,False,,,
ALT-003872,False,,,
ALT-003873,False,,,
ALT-003874,False,,,
ALT-003875,False,,,
ALT-003876,False,,,
ALT-003877,False,,,
ALT-003878,False,,,
ALT-003879,True,malware_infection,ana_004,2026-07-02
ALT-003880,False,,,
ALT-003881,False,,,
ALT-003882,False,,,
ALT-003883,False,,,
ALT-003884,False,,,
ALT-003885,True,data_exfiltration,ana_004,2026-07-02
ALT-003886,False,,,
ALT-003887,False,,,
ALT-003888,False,,,
ALT-003889,False,,,
ALT-003890,True,data_exfiltration,ana_004,2026-07-06
ALT-003891,False,,,
ALT-003892,False,,,
ALT-003893,False,,,
ALT-003894,False,,,
ALT-003895,False,,,
ALT-003896,True,unauthorised_access,ana_004,2026-07-06
ALT-003897,False,,,
ALT-003898,True,dns_tunnelling,ana_004,2026-07-02
ALT-003899,False,,,
ALT-003900,True,unauthorised_access,ana_004,2026-07-02
ALT-003901,False,,,
ALT-003902,False,,,
ALT-003903,False,,,
ALT-003904,True,brute_force_intrusion,ana_004,2026-07-04
ALT-003905,False,,,
ALT-003906,False,,,
ALT-003907,False,,,
ALT-003908,False,,,
ALT-003909,False,,,
ALT-003910,False,,,
ALT-003911,False,,,
ALT-003912,False,,,
ALT-003913,False,,,
ALT-003914,False,,,
ALT-003915,False,,,
ALT-003916,False,,,
ALT-003917,False,,,
ALT-003918,False,,,
ALT-003919,True,policy_violation_confirmed,ana_004,2026-07-03
ALT-003920,True,policy_violation_confirmed,ana_004,2026-07-02
ALT-003921,True,unauthorised_access,ana_004,2026-07-06
ALT-003922,True,policy_violation_confirmed,ana_004,2026-07-06
ALT-003923,False,,,
ALT-003924,False,,,
ALT-003925,False,,,
ALT-003926,False,,,
ALT-003927,False,,,
ALT-003928,True,dns_tunnelling,ana_004,2026-07-04
ALT-003929,True,lateral_movement,ana_004,2026-07-02
ALT-003930,False,,,
ALT-003931,False,,,
ALT-003932,False,,,
ALT-003933,True,malware_infection,ana_004,2026-07-03
ALT-003934,True,policy_violation_confirmed,ana_004,2026-07-06
ALT-003935,False,,,
ALT-003936,False,,,
ALT-003937,True,data_exfiltration,ana_004,2026-07-04
ALT-003938,True,data_exfiltration,ana_004,2026-07-04
ALT-003939,False,,,
ALT-003940,False,,,
ALT-003941,False,,,
ALT-003942,False,,,
ALT-003943,False,,,
ALT-003944,False,,,
ALT-003945,True,dns_tunnelling,ana_004,2026-07-05
ALT-003946,False,,,
ALT-003947,False,,,
ALT-003948,True,data_exfiltration,ana_004,2026-07-04
ALT-003949,True,policy_violation_confirmed,ana_004,2026-07-01
ALT-003950,False,,,
ALT-003951,False,,,
ALT-003952,False,,,
ALT-003953,False,,,
ALT-003954,False,,,
ALT-003955,False,,,
ALT-003956,True,unauthorised_access,ana_004,2026-07-01
ALT-003957,False,,,
ALT-003958,True,policy_violation_confirmed,ana_004,2026-07-04
ALT-003959,False,,,
ALT-003960,False,,,
ALT-003961,True,dns_tunnelling,ana_004,2026-07-04
ALT-003962,True,unauthorised_access,ana_004,2026-07-01
ALT-003963,False,,,
ALT-003964,False,,,
ALT-003965,False,,,
ALT-003966,False,,,
ALT-003967,False,,,
ALT-003968,True,lateral_movement,ana_004,2026-07-05
ALT-003969,True,policy_violation_confirmed,ana_004,2026-07-05
ALT-003970,True,unauthorised_access,ana_004,2026-07-05
ALT-003971,True,policy_violation_confirmed,ana_004,2026-07-03
ALT-003972,True,brute_force_intrusion,ana_004,2026-07-03
ALT-003973,True,malware_infection,ana_004,2026-07-01
ALT-003974,True,dns_tunnelling,ana_004,2026-07-03
ALT-003975,False,,,
ALT-003976,False,,,
ALT-003977,True,dns_tunnelling,ana_004,2026-07-04
ALT-003978,False,,,
ALT-003979,False,,,
ALT-003980,False,,,
ALT-003981,False,,,
ALT-003982,False,,,
ALT-003983,False,,,
ALT-003984,False,,,
ALT-003985,False,,,
ALT-003986,False,,,
ALT-003987,False,,,
ALT-003988,False,,,
ALT-003989,False,,,
ALT-003990,False,,,
ALT-003991,True,brute_force_intrusion,ana_004,2026-07-05
ALT-003992,False,,,
ALT-003993,False,,,
ALT-003994,False,,,
ALT-003995,False,,,
ALT-003996,False,,,
ALT-003997,False,,,
ALT-003998,False,,,
ALT-003999,True,unauthorised_access,ana_004,2026-07-06
ALT-004000,False,,,
ALT-004001,False,,,
ALT-004002,False,,,
ALT-004003,False,,,
ALT-004004,False,,,
ALT-004005,False,,,
ALT-004006,False,,,
ALT-004007,False,,,
ALT-004008,True,policy_violation_confirmed,ana_004,2026-07-03
ALT-004009,False,,,
ALT-004010,False,,,
ALT-004011,False,,,
ALT-004012,False,,,
ALT-004013,False,,,
ALT-004014,False,,,
ALT-004015,False,,,
ALT-004016,True,malware_infection,ana_004,2026-07-05
ALT-004017,False,,,
ALT-004018,False,,,
ALT-004019,False,,,
ALT-004020,False,,,
ALT-004021,False,,,
ALT-004022,False,,,
ALT-004023,True,dns_tunnelling,ana_004,2026-07-01
ALT-004024,False,,,
ALT-004025,False,,,
ALT-004026,False,,,
ALT-004027,True,brute_force_intrusion,ana_004,2026-07-05
ALT-004028,True,unauthorised_access,ana_004,2026-07-05
ALT-004029,False,,,
ALT-004030,False,,,
ALT-004031,True,malware_infection,ana_004,2026-07-04
ALT-004032,False,,,
ALT-004033,False,,,
ALT-004034,True,dns_tunnelling,ana_004,2026-07-02
ALT-004035,True,data_exfiltration,ana_004,2026-07-03
ALT-004036,False,,,
ALT-004037,False,,,
ALT-004038,True,brute_force_intrusion,ana_004,2026-07-03
ALT-004039,False,,,
ALT-004040,False,,,
ALT-004041,False,,,
ALT-004042,False,,,
ALT-004043,False,,,
ALT-004044,False,,,
ALT-004045,False,,,
ALT-004046,False,,,
ALT-004047,False,,,
ALT-004048,False,,,
ALT-004049,False,,,
ALT-004050,False,,,
ALT-004051,False,,,
ALT-004052,False,,,
ALT-004053,False,,,
ALT-004054,False,,,
ALT-004055,False,,,
ALT-004056,False,,,
ALT-004057,False,,,
ALT-004058,True,malware_infection,ana_004,2026-07-05
ALT-004059,False,,,
ALT-004060,False,,,
ALT-004061,False,,,
ALT-004062,True,malware_infection,ana_004,2026-07-02
ALT-004063,False,,,
ALT-004064,True,unauthorised_access,ana_004,2026-07-04
ALT-004065,False,,,
ALT-004066,False,,,
ALT-004067,False,,,
ALT-004068,False,,,
ALT-004069,True,lateral_movement,ana_004,2026-07-01
ALT-004070,True,policy_violation_confirmed,ana_004,2026-07-01
ALT-004071,True,policy_violation_confirmed,ana_004,2026-07-05
ALT-004072,False,,,
ALT-004073,False,,,
ALT-004074,False,,,
ALT-004075,False,,,
ALT-004076,False,,,
ALT-004077,False,,,
ALT-004078,False,,,
ALT-004079,False,,,
ALT-004080,False,,,
ALT-004081,False,,,
ALT-004082,False,,,
ALT-004083,True,dns_tunnelling,ana_004,2026-07-01
ALT-004084,False,,,
ALT-004085,False,,,
ALT-004086,False,,,
ALT-004087,False,,,
ALT-004088,False,,,
ALT-004089,False,,,
ALT-004090,False,,,
ALT-004091,False,,,
ALT-004092,False,,,
ALT-004093,True,unauthorised_access,ana_004,2026-07-05
ALT-004094,True,brute_force_intrusion,ana_004,2026-07-05
ALT-004095,False,,,
ALT-004096,False,,,
ALT-004097,False,,,
ALT-004098,False,,,
ALT-004099,False,,,
ALT-004100,False,,,
ALT-004101,False,,,
ALT-004102,False,,,
ALT-004103,True,dns_tunnelling,ana_004,2026-07-01
ALT-004104,False,,,
ALT-004105,False,,,
ALT-004106,True,policy_violation_confirmed,ana_004,2026-07-04
ALT-004107,False,,,
ALT-004108,False,,,
ALT-004109,True,brute_force_intrusion,ana_004,2026-07-03
ALT-004110,False,,,
ALT-004111,False,,,
ALT-004112,False,,,
ALT-004113,False,,,
ALT-004114,False,,,
ALT-004115,False,,,
ALT-004116,False,,,
ALT-004117,False,,,
ALT-004118,False,,,
ALT-004119,True,unauthorised_access,ana_004,2026-07-01
ALT-004120,False,,,
ALT-004121,False,,,
ALT-004122,False,,,
ALT-004123,False,,,
ALT-004124,False,,,
ALT-004125,False,,,
ALT-004126,False,,,
ALT-004127,True,brute_force_intrusion,ana_004,2026-07-03
ALT-004128,False,,,
ALT-004129,False,,,
ALT-004130,True,lateral_movement,ana_004,2026-07-03
ALT-004131,False,,,
ALT-004132,False,,,
ALT-004133,False,,,
ALT-004134,False,,,
ALT-004135,False,,,
ALT-004136,False,,,
ALT-004137,False,,,
ALT-004138,False,,,
ALT-004139,False,,,
ALT-004140,False,,,
ALT-004141,False,,,
ALT-004142,False,,,
ALT-004143,True,unauthorised_access,ana_004,2026-07-04
ALT-004144,False,,,
ALT-004145,True,malware_infection,ana_004,2026-07-01
ALT-004146,False,,,
ALT-004147,False,,,
ALT-004148,False,,,
ALT-004149,False,,,
ALT-004150,False,,,
ALT-004151,False,,,
ALT-004152,False,,,
ALT-004153,False,,,
ALT-004154,False,,,
ALT-004155,False,,,
ALT-004156,True,data_exfiltration,ana_004,2026-07-02
ALT-004157,False,,,
ALT-004158,False,,,
ALT-004159,False,,,
ALT-004160,False,,,
ALT-004161,False,,,
ALT-004162,False,,,
ALT-004163,False,,,
ALT-004164,False,,,
ALT-004165,False,,,
ALT-004166,True,unauthorised_access,ana_004,2026-07-03
ALT-004167,False,,,
ALT-004168,True,unauthorised_access,ana_004,2026-07-04
ALT-004169,False,,,
ALT-004170,False,,,
ALT-004171,False,,,
ALT-004172,False,,,
ALT-004173,True,unauthorised_access,ana_004,2026-07-02
ALT-004174,False,,,
ALT-004175,False,,,
ALT-004176,False,,,
ALT-004177,False,,,
ALT-004178,False,,,
ALT-004179,False,,,
ALT-004180,False,,,
ALT-004181,False,,,
ALT-004182,False,,,
ALT-004183,False,,,
ALT-004184,False,,,
ALT-004185,False,,,
ALT-004186,True,policy_violation_confirmed,ana_004,2026-07-01
ALT-004187,False,,,
ALT-004188,False,,,
ALT-004189,False,,,
ALT-004190,False,,,
ALT-004191,True,lateral_movement,ana_004,2026-07-06
ALT-004192,False,,,
ALT-004193,False,,,
ALT-004194,False,,,
ALT-004195,False,,,
ALT-004196,True,unauthorised_access,ana_004,2026-07-02
ALT-004197,True,dns_tunnelling,ana_004,2026-07-02
ALT-004198,False,,,
ALT-004199,True,data_exfiltration,ana_004,2026-07-01
ALT-004200,False,,,
ALT-004201,False,,,
ALT-004202,False,,,
ALT-004203,False,,,
ALT-004204,False,,,
ALT-004205,False,,,
ALT-004206,False,,,
ALT-004207,True,unauthorised_access,ana_004,2026-07-06
ALT-004208,False,,,
ALT-004209,False,,,
ALT-004210,False,,,
ALT-004211,False,,,
ALT-004212,False,,,
ALT-004213,False,,,
ALT-004214,True,data_exfiltration,ana_004,2026-07-02
ALT-004215,False,,,
ALT-004216,False,,,
ALT-004217,True,data_exfiltration,ana_004,2026-07-03
ALT-004218,False,,,
ALT-004219,True,malware_infection,ana_004,2026-07-04
ALT-004220,False,,,
ALT-004221,False,,,
ALT-004222,False,,,
ALT-004223,False,,,
ALT-004224,False,,,
ALT-004225,False,,,
ALT-004226,True,malware_infection,ana_004,2026-07-04
ALT-004227,False,,,
ALT-004228,False,,,
ALT-004229,False,,,
ALT-004230,False,,,
ALT-004231,False,,,
ALT-004232,True,policy_violation_confirmed,ana_004,2026-07-01
ALT-004233,False,,,
ALT-004234,False,,,
ALT-004235,True,malware_infection,ana_004,2026-07-01
ALT-004236,False,,,
ALT-004237,True,policy_violation_confirmed,ana_004,2026-07-02
ALT-004238,False,,,
ALT-004239,False,,,
ALT-004240,False,,,
ALT-004241,False,,,
ALT-004242,False,,,
ALT-004243,True,malware_infection,ana_004,2026-07-06
ALT-004244,True,dns_tunnelling,ana_004,2026-07-01
ALT-004245,False,,,
ALT-004246,False,,,
ALT-004247,False,,,
ALT-004248,False,,,
ALT-004249,False,,,
ALT-004250,False,,,
ALT-004251,True,unauthorised_access,ana_004,2026-07-01
ALT-004252,False,,,
ALT-004253,False,,,
ALT-004254,False,,,
ALT-004255,False,,,
ALT-004256,False,,,
ALT-004257,False,,,
ALT-004258,True,lateral_movement,ana_004,2026-07-03
ALT-004259,False,,,
ALT-004260,False,,,
ALT-004261,False,,,
ALT-004262,True,unauthorised_access,ana_004,2026-07-06
ALT-004263,False,,,
ALT-004264,False,,,
ALT-004265,False,,,
ALT-004266,True,unauthorised_access,ana_004,2026-07-05
ALT-004267,False,,,
ALT-004268,False,,,
ALT-004269,False,,,
ALT-004270,False,,,
ALT-004271,False,,,
ALT-004272,False,,,
ALT-004273,True,dns_tunnelling,ana_004,2026-07-02
ALT-004274,False,,,
ALT-004275,True,brute_force_intrusion,ana_004,2026-07-06
ALT-004276,True,data_exfiltration,ana_004,2026-07-06
ALT-004277,False,,,
ALT-004278,True,unauthorised_access,ana_004,2026-07-04
ALT-004279,False,,,
ALT-004280,False,,,
ALT-004281,False,,,
ALT-004282,False,,,
ALT-004283,False,,,
ALT-004284,True,dns_tunnelling,ana_004,2026-07-03
ALT-004285,True,unauthorised_access,ana_004,2026-07-01
ALT-004286,False,,,
ALT-004287,False,,,
ALT-004288,False,,,
ALT-004289,False,,,
ALT-004290,False,,,
ALT-004291,False,,,
ALT-004292,False,,,
ALT-004293,False,,,
ALT-004294,False,,,
ALT-004295,False,,,
ALT-004296,False,,,
ALT-004297,False,,,
ALT-004298,True,lateral_movement,ana_004,2026-07-05
ALT-004299,False,,,
ALT-004300,True,lateral_movement,ana_004,2026-07-06
ALT-004301,False,,,
ALT-004302,False,,,
ALT-004303,False,,,
ALT-004304,True,malware_infection,ana_004,2026-07-03
ALT-004305,False,,,
ALT-004306,False,,,
ALT-004307,False,,,
ALT-004308,False,,,
ALT-004309,False,,,
ALT-004310,False,,,
ALT-004311,False,,,
ALT-004312,False,,,
ALT-004313,False,,,
ALT-004314,False,,,
ALT-004315,True,data_exfiltration,ana_004,2026-07-01
ALT-004316,False,,,
ALT-004317,False,,,
ALT-004318,False,,,
ALT-004319,False,,,
ALT-004320,False,,,
ALT-004321,True,lateral_movement,ana_004,2026-07-03
ALT-004322,False,,,
ALT-004323,True,lateral_movement,ana_004,2026-07-06
ALT-004324,False,,,
ALT-004325,False,,,
ALT-004326,False,,,
ALT-004327,False,,,
ALT-004328,False,,,
ALT-004329,False,,,
ALT-004330,False,,,
ALT-004331,True,lateral_movement,ana_004,2026-07-04
ALT-004332,False,,,
ALT-004333,True,brute_force_intrusion,ana_004,2026-07-05
ALT-004334,True,lateral_movement,ana_004,2026-07-01
ALT-004335,False,,,
ALT-004336,False,,,
ALT-004337,False,,,
ALT-004338,False,,,
ALT-004339,True,dns_tunnelling,ana_004,2026-07-06
ALT-004340,True,lateral_movement,ana_004,2026-07-01
ALT-004341,False,,,
ALT-004342,True,data_exfiltration,ana_004,2026-07-05
ALT-004343,False,,,
ALT-004344,False,,,
ALT-004345,False,,,
ALT-004346,False,,,
ALT-004347,False,,,
ALT-004348,False,,,
ALT-004349,True,brute_force_intrusion,ana_004,2026-07-06
ALT-004350,False,,,
ALT-004351,False,,,
ALT-004352,False,,,
ALT-004353,False,,,
ALT-004354,False,,,
ALT-004355,False,,,
ALT-004356,False,,,
ALT-004357,False,,,
ALT-004358,False,,,
ALT-004359,False,,,
ALT-004360,False,,,
ALT-004361,False,,,
ALT-004362,False,,,
ALT-004363,False,,,
ALT-004364,False,,,
ALT-004365,False,,,
ALT-004366,False,,,
ALT-004367,False,,,
ALT-004368,False,,,
ALT-004369,False,,,
ALT-004370,False,,,
ALT-004371,False,,,
ALT-004372,False,,,
ALT-004373,False,,,
ALT-004374,False,,,
ALT-004375,False,,,
ALT-004376,True,lateral_movement,ana_004,2026-07-03
ALT-004377,False,,,
ALT-004378,False,,,
ALT-004379,False,,,
ALT-004380,False,,,
ALT-004381,False,,,
ALT-004382,True,unauthorised_access,ana_004,2026-07-05
ALT-004383,False,,,
ALT-004384,False,,,
ALT-004385,False,,,
ALT-004386,False,,,
ALT-004387,False,,,
ALT-004388,False,,,
ALT-004389,True,unauthorised_access,ana_004,2026-07-01
ALT-004390,False,,,
ALT-004391,False,,,
ALT-004392,False,,,
ALT-004393,True,dns_tunnelling,ana_004,2026-07-01
ALT-004394,False,,,
ALT-004395,False,,,
ALT-004396,False,,,
ALT-004397,False,,,
ALT-004398,False,,,
ALT-004399,False,,,
ALT-004400,False,,,
ALT-004401,False,,,
ALT-004402,False,,,
ALT-004403,False,,,
ALT-004404,False,,,
ALT-004405,True,malware_infection,ana_004,2026-07-05
ALT-004406,False,,,
ALT-004407,False,,,
ALT-004408,False,,,
ALT-004409,False,,,
ALT-004410,True,brute_force_intrusion,ana_004,2026-07-05
ALT-004411,False,,,
ALT-004412,False,,,
ALT-004413,False,,,
ALT-004414,True,data_exfiltration,ana_004,2026-07-01
ALT-004415,False,,,
ALT-004416,False,,,
ALT-004417,False,,,
ALT-004418,False,,,
ALT-004419,False,,,
ALT-004420,False,,,
ALT-004421,False,,,
ALT-004422,False,,,
ALT-004423,True,policy_violation_confirmed,ana_004,2026-07-01
ALT-004424,True,brute_force_intrusion,ana_004,2026-07-04
ALT-004425,False,,,
ALT-004426,False,,,
ALT-004427,False,,,
ALT-004428,False,,,
ALT-004429,False,,,
ALT-004430,False,,,
ALT-004431,False,,,
ALT-004432,False,,,
ALT-004433,False,,,
ALT-004434,True,lateral_movement,ana_004,2026-07-01
ALT-004435,False,,,
ALT-004436,False,,,
ALT-004437,False,,,
ALT-004438,False,,,
ALT-004439,False,,,
ALT-004440,True,dns_tunnelling,ana_004,2026-07-05
ALT-004441,False,,,
ALT-004442,False,,,
ALT-004443,False,,,
ALT-004444,False,,,
ALT-004445,True,lateral_movement,ana_004,2026-07-01
ALT-004446,False,,,
ALT-004447,False,,,
ALT-004448,False,,,
ALT-004449,False,,,
ALT-004450,False,,,
ALT-004451,False,,,
ALT-004452,False,,,
ALT-004453,False,,,
ALT-004454,False,,,
ALT-004455,False,,,
ALT-004456,False,,,
ALT-004457,True,lateral_movement,ana_004,2026-07-04
ALT-004458,False,,,
ALT-004459,False,,,
ALT-004460,False,,,
ALT-004461,False,,,
ALT-004462,False,,,
ALT-004463,True,malware_infection,ana_004,2026-07-04
ALT-004464,True,data_exfiltration,ana_004,2026-07-02
ALT-004465,True,lateral_movement,ana_004,2026-07-03
ALT-004466,False,,,
ALT-004467,False,,,
ALT-004468,False,,,
ALT-004469,False,,,
ALT-004470,False,,,
ALT-004471,True,lateral_movement,ana_004,2026-07-02
ALT-004472,False,,,
ALT-004473,True,lateral_movement,ana_004,2026-07-05
ALT-004474,False,,,
ALT-004475,False,,,
ALT-004476,False,,,
ALT-004477,False,,,
ALT-004478,False,,,
ALT-004479,False,,,
ALT-004480,False,,,
ALT-004481,False,,,
ALT-004482,False,,,
ALT-004483,False,,,
ALT-004484,False,,,
ALT-004485,False,,,
ALT-004486,True,data_exfiltration,ana_004,2026-07-03
ALT-004487,False,,,
ALT-004488,True,malware_infection,ana_004,2026-07-03
ALT-004489,False,,,
ALT-004490,False,,,
ALT-004491,False,,,
ALT-004492,False,,,
ALT-004493,False,,,
ALT-004494,True,brute_force_intrusion,ana_004,2026-07-04
ALT-004495,True,malware_infection,ana_004,2026-07-01
ALT-004496,False,,,
ALT-004497,False,,,
ALT-004498,False,,,
ALT-004499,False,,,
ALT-004500,False,,,
ALT-004501,False,,,
ALT-004502,False,,,
ALT-004503,False,,,
ALT-004504,True,brute_force_intrusion,ana_004,2026-07-02
ALT-004505,False,,,
ALT-004506,True,data_exfiltration,ana_004,2026-07-01
ALT-004507,False,,,
ALT-004508,True,unauthorised_access,ana_004,2026-07-01
ALT-004509,False,,,
ALT-004510,False,,,
ALT-004511,False,,,
ALT-004512,False,,,
ALT-004513,False,,,
ALT-004514,False,,,
ALT-004515,False,,,
ALT-004516,False,,,
ALT-004517,False,,,
ALT-004518,False,,,
ALT-004519,False,,,
ALT-004520,True,malware_infection,ana_004,2026-07-02
ALT-004521,True,brute_force_intrusion,ana_004,2026-07-04
ALT-004522,False,,,
ALT-004523,False,,,
ALT-004524,True,brute_force_intrusion,ana_004,2026-07-02
ALT-004525,False,,,
ALT-004526,False,,,
ALT-004527,False,,,
ALT-004528,False,,,
ALT-004529,True,malware_infection,ana_004,2026-07-02
ALT-004530,False,,,
ALT-004531,False,,,
ALT-004532,False,,,
ALT-004533,True,data_exfiltration,ana_004,2026-07-04
ALT-004534,False,,,
ALT-004535,False,,,
ALT-004536,False,,,
ALT-004537,False,,,
ALT-004538,False,,,
ALT-004539,False,,,
ALT-004540,False,,,
ALT-004541,False,,,
ALT-004542,True,policy_violation_confirmed,ana_004,2026-07-03
ALT-004543,False,,,
ALT-004544,False,,,
ALT-004545,False,,,
ALT-004546,False,,,
ALT-004547,False,,,
ALT-004548,False,,,
ALT-004549,False,,,
ALT-004550,False,,,
ALT-004551,True,data_exfiltration,ana_004,2026-07-01
ALT-004552,False,,,
ALT-004553,True,unauthorised_access,ana_004,2026-07-02
ALT-004554,False,,,
ALT-004555,True,dns_tunnelling,ana_004,2026-07-06
ALT-004556,False,,,
ALT-004557,False,,,
ALT-004558,False,,,
ALT-004559,True,policy_violation_confirmed,ana_004,2026-07-06
ALT-004560,False,,,
ALT-004561,False,,,
ALT-004562,False,,,
ALT-004563,True,lateral_movement,ana_004,2026-07-04
ALT-004564,True,brute_force_intrusion,ana_004,2026-07-03
ALT-004565,False,,,
ALT-004566,True,brute_force_intrusion,ana_004,2026-07-03
ALT-004567,False,,,
ALT-004568,True,brute_force_intrusion,ana_004,2026-07-06
ALT-004569,False,,,
ALT-004570,False,,,
ALT-004571,False,,,
ALT-004572,True,brute_force_intrusion,ana_004,2026-07-03
ALT-004573,False,,,
ALT-004574,False,,,
ALT-004575,False,,,
ALT-004576,False,,,
ALT-004577,True,malware_infection,ana_004,2026-07-01
ALT-004578,False,,,
ALT-004579,True,unauthorised_access,ana_004,2026-07-02
ALT-004580,False,,,
ALT-004581,False,,,
ALT-004582,False,,,
ALT-004583,False,,,
ALT-004584,True,lateral_movement,ana_004,2026-07-04
ALT-004585,False,,,
ALT-004586,False,,,
ALT-004587,False,,,
ALT-004588,False,,,
ALT-004589,False,,,
ALT-004590,True,brute_force_intrusion,ana_004,2026-07-01
ALT-004591,True,unauthorised_access,ana_004,2026-07-04
ALT-004592,True,lateral_movement,ana_004,2026-07-05
ALT-004593,False,,,
ALT-004594,False,,,
ALT-004595,False,,,
ALT-004596,False,,,
ALT-004597,True,policy_violation_confirmed,ana_004,2026-07-06
ALT-004598,False,,,
ALT-004599,False,,,
ALT-004600,False,,,
ALT-004601,False,,,
ALT-004602,False,,,
ALT-004603,False,,,
ALT-004604,False,,,
ALT-004605,False,,,
ALT-004606,False,,,
ALT-004607,False,,,
ALT-004608,False,,,
ALT-004609,False,,,
ALT-004610,False,,,
ALT-004611,False,,,
ALT-004612,True,brute_force_intrusion,ana_004,2026-07-06
ALT-004613,False,,,
ALT-004614,True,dns_tunnelling,ana_004,2026-07-04
ALT-004615,False,,,
ALT-004616,True,brute_force_intrusion,ana_004,2026-07-05
ALT-004617,False,,,
ALT-004618,False,,,
ALT-004619,False,,,
ALT-004620,True,lateral_movement,ana_004,2026-07-05
ALT-004621,False,,,
ALT-004622,False,,,
ALT-004623,False,,,
ALT-004624,True,brute_force_intrusion,ana_004,2026-07-04
ALT-004625,False,,,
ALT-004626,True,data_exfiltration,ana_004,2026-07-06
ALT-004627,False,,,
ALT-004628,False,,,
ALT-004629,False,,,
ALT-004630,False,,,
ALT-004631,False,,,
ALT-004632,False,,,
ALT-004633,False,,,
ALT-004634,False,,,
ALT-004635,False,,,
ALT-004636,True,data_exfiltration,ana_004,2026-07-05
ALT-004637,True,data_exfiltration,ana_004,2026-07-03
ALT-004638,False,,,
ALT-004639,True,policy_violation_confirmed,ana_004,2026-07-03
ALT-004640,False,,,
ALT-004641,False,,,
ALT-004642,True,unauthorised_access,ana_004,2026-07-05
ALT-004643,False,,,
ALT-004644,False,,,
ALT-004645,False,,,
ALT-004646,False,,,
ALT-004647,False,,,
ALT-004648,False,,,
ALT-004649,False,,,
ALT-004650,False,,,
ALT-004651,False,,,
ALT-004652,True,data_exfiltration,ana_004,2026-07-04
ALT-004653,True,data_exfiltration,ana_004,2026-07-05
ALT-004654,True,data_exfiltration,ana_004,2026-07-04
ALT-004655,True,brute_force_intrusion,ana_004,2026-07-06
ALT-004656,False,,,
ALT-004657,True,policy_violation_confirmed,ana_004,2026-07-04
ALT-004658,True,policy_violation_confirmed,ana_004,2026-07-05
ALT-004659,False,,,
ALT-004660,False,,,
ALT-004661,False,,,
ALT-004662,False,,,
ALT-004663,False,,,
ALT-004664,True,data_exfiltration,ana_004,2026-07-01
ALT-004665,True,dns_tunnelling,ana_004,2026-07-05
ALT-004666,False,,,
ALT-004667,False,,,
ALT-004668,False,,,
ALT-004669,True,lateral_movement,ana_004,2026-07-05
ALT-004670,False,,,
ALT-004671,True,brute_force_intrusion,ana_004,2026-07-01
ALT-004672,False,,,
ALT-004673,False,,,
ALT-004674,True,brute_force_intrusion,ana_004,2026-07-01
ALT-004675,False,,,
ALT-004676,True,data_exfiltration,ana_004,2026-07-05
ALT-004677,False,,,
ALT-004678,False,,,
ALT-004679,False,,,
ALT-004680,True,unauthorised_access,ana_004,2026-07-02
ALT-004681,False,,,
ALT-004682,True,policy_violation_confirmed,ana_004,2026-07-06
ALT-004683,False,,,
ALT-004684,False,,,
ALT-004685,False,,,
ALT-004686,False,,,
ALT-004687,False,,,
ALT-004688,False,,,
ALT-004689,False,,,
ALT-004690,False,,,
ALT-004691,False,,,
ALT-004692,False,,,
ALT-004693,False,,,
ALT-004694,False,,,
ALT-004695,False,,,
ALT-004696,False,,,
ALT-004697,False,,,
ALT-004698,True,dns_tunnelling,ana_004,2026-07-04
ALT-004699,False,,,
ALT-004700,False,,,
ALT-004701,False,,,
ALT-004702,True,malware_infection,ana_004,2026-07-05
ALT-004703,True,unauthorised_access,ana_004,2026-07-01
ALT-004704,False,,,
ALT-004705,False,,,
ALT-004706,False,,,
ALT-004707,False,,,
ALT-004708,False,,,
ALT-004709,False,,,
ALT-004710,False,,,
ALT-004711,False,,,
ALT-004712,False,,,
ALT-004713,False,,,
ALT-004714,False,,,
ALT-004715,False,,,
ALT-004716,False,,,
ALT-004717,False,,,
ALT-004718,False,,,
ALT-004719,True,dns_tunnelling,ana_004,2026-07-04
ALT-004720,True,brute_force_intrusion,ana_004,2026-07-06
ALT-004721,False,,,
ALT-004722,False,,,
ALT-004723,False,,,
ALT-004724,False,,,
ALT-004725,False,,,
ALT-004726,False,,,
ALT-004727,True,brute_force_intrusion,ana_004,2026-07-01
ALT-004728,False,,,
ALT-004729,False,,,
ALT-004730,False,,,
ALT-004731,True,brute_force_intrusion,ana_004,2026-07-01
ALT-004732,True,lateral_movement,ana_004,2026-07-06
ALT-004733,False,,,
ALT-004734,False,,,
ALT-004735,True,brute_force_intrusion,ana_004,2026-07-02
ALT-004736,False,,,
ALT-004737,False,,,
ALT-004738,False,,,
ALT-004739,True,brute_force_intrusion,ana_004,2026-07-04
ALT-004740,False,,,
ALT-004741,False,,,
ALT-004742,True,unauthorised_access,ana_004,2026-07-03
ALT-004743,False,,,
ALT-004744,False,,,
ALT-004745,False,,,
ALT-004746,False,,,
ALT-004747,True,brute_force_intrusion,ana_004,2026-07-06
ALT-004748,False,,,
ALT-004749,False,,,
ALT-004750,False,,,
ALT-004751,False,,,
ALT-004752,False,,,
ALT-004753,False,,,
ALT-004754,True,unauthorised_access,ana_004,2026-07-03
ALT-004755,True,lateral_movement,ana_004,2026-07-06
ALT-004756,True,data_exfiltration,ana_004,2026-07-04
ALT-004757,False,,,
ALT-004758,False,,,
ALT-004759,True,policy_violation_confirmed,ana_004,2026-07-03
ALT-004760,False,,,
ALT-004761,True,brute_force_intrusion,ana_004,2026-07-01
ALT-004762,False,,,
ALT-004763,False,,,
ALT-004764,False,,,
ALT-004765,True,unauthorised_access,ana_004,2026-07-05
ALT-004766,True,lateral_movement,ana_004,2026-07-05
ALT-004767,True,lateral_movement,ana_004,2026-07-04
ALT-004768,False,,,
ALT-004769,False,,,
ALT-004770,False,,,
ALT-004771,False,,,
ALT-004772,False,,,
ALT-004773,False,,,
ALT-004774,False,,,
ALT-004775,False,,,
ALT-004776,False,,,
ALT-004777,False,,,
ALT-004778,False,,,
ALT-004779,False,,,
ALT-004780,False,,,
ALT-004781,True,policy_violation_confirmed,ana_004,2026-07-05
ALT-004782,False,,,
ALT-004783,False,,,
ALT-004784,False,,,
ALT-004785,False,,,
ALT-004786,True,data_exfiltration,ana_004,2026-07-06
ALT-004787,False,,,
ALT-004788,False,,,
ALT-004789,True,brute_force_intrusion,ana_004,2026-07-03
ALT-004790,False,,,
ALT-004791,False,,,
ALT-004792,True,policy_violation_confirmed,ana_004,2026-07-03
ALT-004793,True,data_exfiltration,ana_004,2026-07-03
ALT-004794,False,,,
ALT-004795,True,policy_violation_confirmed,ana_004,2026-07-01
ALT-004796,False,,,
ALT-004797,True,dns_tunnelling,ana_004,2026-07-02
ALT-004798,False,,,
ALT-004799,True,brute_force_intrusion,ana_004,2026-07-03
ALT-004800,False,,,
ALT-004801,True,unauthorised_access,ana_004,2026-07-06
ALT-004802,False,,,
ALT-004803,False,,,
ALT-004804,True,malware_infection,ana_004,2026-07-01
ALT-004805,False,,,
ALT-004806,True,lateral_movement,ana_004,2026-07-03
ALT-004807,False,,,
ALT-004808,False,,,
ALT-004809,True,lateral_movement,ana_004,2026-07-05
ALT-004810,False,,,
ALT-004811,False,,,
ALT-004812,False,,,
ALT-004813,False,,,
ALT-004814,True,malware_infection,ana_004,2026-07-05
ALT-004815,False,,,
ALT-004816,False,,,
ALT-004817,True,unauthorised_access,ana_004,2026-07-02
ALT-004818,False,,,
ALT-004819,False,,,
ALT-004820,False,,,
ALT-004821,False,,,
ALT-004822,False,,,
ALT-004823,False,,,
ALT-004824,False,,,
ALT-004825,True,policy_violation_confirmed,ana_004,2026-07-06
ALT-004826,True,unauthorised_access,ana_004,2026-07-02
ALT-004827,False,,,
ALT-004828,False,,,
ALT-004829,False,,,
ALT-004830,False,,,
ALT-004831,False,,,
ALT-004832,False,,,
ALT-004833,False,,,
ALT-004834,True,brute_force_intrusion,ana_004,2026-07-04
ALT-004835,False,,,
ALT-004836,False,,,
ALT-004837,False,,,
ALT-004838,False,,,
ALT-004839,False,,,
ALT-004840,True,brute_force_intrusion,ana_004,2026-07-06
ALT-004841,False,,,
ALT-004842,True,lateral_movement,ana_004,2026-07-06
ALT-004843,False,,,
ALT-004844,False,,,
ALT-004845,False,,,
ALT-004846,False,,,
ALT-004847,True,dns_tunnelling,ana_004,2026-07-05
ALT-004848,False,,,
ALT-004849,False,,,
ALT-004850,False,,,
ALT-004851,False,,,
ALT-004852,False,,,
ALT-004853,False,,,
ALT-004854,False,,,
ALT-004855,False,,,
ALT-004856,False,,,
ALT-004857,True,data_exfiltration,ana_004,2026-07-05
ALT-004858,True,unauthorised_access,ana_004,2026-07-03
ALT-004859,True,unauthorised_access,ana_004,2026-07-03
ALT-004860,False,,,
ALT-004861,False,,,
ALT-004862,False,,,
ALT-004863,True,lateral_movement,ana_004,2026-07-02
ALT-004864,False,,,
ALT-004865,True,policy_violation_confirmed,ana_004,2026-07-01
ALT-004866,False,,,
ALT-004867,False,,,
ALT-004868,False,,,
ALT-004869,False,,,
ALT-004870,True,lateral_movement,ana_004,2026-07-02
ALT-004871,False,,,
ALT-004872,False,,,
ALT-004873,False,,,
ALT-004874,True,malware_infection,ana_004,2026-07-02
ALT-004875,False,,,
ALT-004876,True,brute_force_intrusion,ana_004,2026-07-01
ALT-004877,False,,,
ALT-004878,False,,,
ALT-004879,False,,,
ALT-004880,False,,,
ALT-004881,True,unauthorised_access,ana_004,2026-07-01
ALT-004882,True,data_exfiltration,ana_004,2026-07-04
ALT-004883,False,,,
ALT-004884,False,,,
ALT-004885,False,,,
ALT-004886,False,,,
ALT-004887,False,,,
ALT-004888,False,,,
ALT-004889,True,data_exfiltration,ana_004,2026-07-02
ALT-004890,False,,,
ALT-004891,False,,,
ALT-004892,False,,,
ALT-004893,True,lateral_movement,ana_004,2026-07-01
ALT-004894,False,,,
ALT-004895,False,,,
ALT-004896,False,,,
ALT-004897,False,,,
ALT-004898,False,,,
ALT-004899,False,,,
ALT-004900,False,,,
ALT-004901,False,,,
ALT-004902,False,,,
ALT-004903,False,,,
ALT-004904,False,,,
ALT-004905,False,,,
ALT-004906,False,,,
ALT-004907,False,,,
ALT-004908,False,,,
ALT-004909,False,,,
ALT-004910,False,,,
ALT-004911,False,,,
ALT-004912,False,,,
ALT-004913,True,unauthorised_access,ana_004,2026-07-06
ALT-004914,True,data_exfiltration,ana_004,2026-07-04
ALT-004915,False,,,
ALT-004916,False,,,
ALT-004917,False,,,
ALT-004918,False,,,
ALT-004919,False,,,
ALT-004920,False,,,
ALT-004921,False,,,
ALT-004922,False,,,
ALT-004923,False,,,
ALT-004924,False,,,
ALT-004925,False,,,
ALT-004926,False,,,
ALT-004927,False,,,
ALT-004928,True,brute_force_intrusion,ana_004,2026-07-01
ALT-004929,False,,,
ALT-004930,True,lateral_movement,ana_004,2026-07-05
ALT-004931,False,,,
ALT-004932,False,,,
ALT-004933,False,,,
ALT-004934,False,,,
ALT-004935,False,,,
ALT-004936,False,,,
ALT-004937,False,,,
ALT-004938,False,,,
ALT-004939,True,policy_violation_confirmed,ana_004,2026-07-05
ALT-004940,True,data_exfiltration,ana_004,2026-07-01
ALT-004941,True,malware_infection,ana_004,2026-07-04
ALT-004942,False,,,
ALT-004943,False,,,
ALT-004944,False,,,
ALT-004945,False,,,
ALT-004946,True,data_exfiltration,ana_004,2026-07-06
ALT-004947,True,policy_violation_confirmed,ana_004,2026-07-04
ALT-004948,False,,,
ALT-004949,True,lateral_movement,ana_004,2026-07-01
ALT-004950,True,dns_tunnelling,ana_004,2026-07-03
ALT-004951,False,,,
ALT-004952,False,,,
ALT-004953,False,,,
ALT-004954,False,,,
ALT-004955,True,lateral_movement,ana_004,2026-07-05
ALT-004956,False,,,
ALT-004957,False,,,
ALT-004958,False,,,
ALT-004959,False,,,
ALT-004960,True,malware_infection,ana_004,2026-07-04
ALT-004961,True,data_exfiltration,ana_004,2026-07-02
ALT-004962,True,unauthorised_access,ana_004,2026-07-03
ALT-004963,False,,,
ALT-004964,True,dns_tunnelling,ana_004,2026-07-04
ALT-004965,True,policy_violation_confirmed,ana_004,2026-07-03
ALT-004966,False,,,
ALT-004967,True,brute_force_intrusion,ana_004,2026-07-04
ALT-004968,True,dns_tunnelling,ana_004,2026-07-04
ALT-004969,True,dns_tunnelling,ana_004,2026-07-04
ALT-004970,False,,,
ALT-004971,True,policy_violation_confirmed,ana_004,2026-07-01
ALT-004972,False,,,
ALT-004973,False,,,
ALT-004974,False,,,
ALT-004975,False,,,
ALT-004976,False,,,
ALT-004977,False,,,
ALT-004978,False,,,
ALT-004979,True,data_exfiltration,ana_004,2026-07-04
ALT-004980,False,,,
ALT-004981,False,,,
ALT-004982,False,,,
ALT-004983,False,,,
ALT-004984,False,,,
ALT-004985,False,,,
ALT-004986,False,,,
ALT-004987,True,malware_infection,ana_004,2026-07-05
ALT-004988,True,unauthorised_access,ana_004,2026-07-01
ALT-004989,True,brute_force_intrusion,ana_004,2026-07-06
ALT-004990,False,,,
ALT-004991,False,,,
ALT-004992,True,brute_force_intrusion,ana_004,2026-07-01
ALT-004993,False,,,
ALT-004994,False,,,
ALT-004995,True,lateral_movement,ana_004,2026-07-02
ALT-004996,False,,,
ALT-004997,True,policy_violation_confirmed,ana_004,2026-07-04
ALT-004998,False,,,
ALT-004999,False,,,
ALT-005000,False,,,
ALT-005001,False,,,
ALT-005002,False,,,
ALT-005003,False,,,
ALT-005004,False,,,
ALT-005005,True,malware_infection,ana_004,2026-07-03
ALT-005006,False,,,
ALT-005007,False,,,
ALT-005008,False,,,
ALT-005009,False,,,
ALT-005010,False,,,
ALT-005011,True,malware_infection,ana_004,2026-07-02
ALT-005012,False,,,
ALT-005013,True,unauthorised_access,ana_004,2026-07-02
ALT-005014,False,,,
ALT-005015,True,unauthorised_access,ana_004,2026-07-02
ALT-005016,False,,,
ALT-005017,False,,,
ALT-005018,True,dns_tunnelling,ana_004,2026-07-04
ALT-005019,False,,,
ALT-005020,False,,,
ALT-005021,False,,,
ALT-005022,False,,,
ALT-005023,False,,,
ALT-005024,False,,,
ALT-005025,True,malware_infection,ana_004,2026-07-01
ALT-005026,False,,,
ALT-005027,False,,,
ALT-005028,False,,,
ALT-005029,False,,,
ALT-005030,False,,,
ALT-005031,False,,,
ALT-005032,False,,,
ALT-005033,False,,,
ALT-005034,True,malware_infection,ana_004,2026-07-01
ALT-005035,False,,,
ALT-005036,False,,,
ALT-005037,False,,,
ALT-005038,False,,,
ALT-005039,False,,,
ALT-005040,False,,,
ALT-005041,True,policy_violation_confirmed,ana_004,2026-07-01
ALT-005042,False,,,
ALT-005043,True,unauthorised_access,ana_004,2026-07-02
ALT-005044,False,,,
ALT-005045,False,,,
ALT-005046,False,,,
ALT-005047,False,,,
ALT-005048,False,,,
ALT-005049,False,,,
ALT-005050,False,,,
ALT-005051,False,,,
ALT-005052,False,,,
ALT-005053,True,data_exfiltration,ana_004,2026-07-06
ALT-005054,False,,,
ALT-005055,True,dns_tunnelling,ana_004,2026-07-01
ALT-005056,False,,,
ALT-005057,True,malware_infection,ana_004,2026-07-03
ALT-005058,True,data_exfiltration,ana_004,2026-07-04
ALT-005059,False,,,
ALT-005060,False,,,
ALT-005061,True,policy_violation_confirmed,ana_004,2026-07-03
ALT-005062,False,,,
ALT-005063,False,,,
ALT-005064,False,,,
ALT-005065,True,brute_force_intrusion,ana_004,2026-07-06
ALT-005066,False,,,
ALT-005067,False,,,
ALT-005068,False,,,
ALT-005069,False,,,
ALT-005070,False,,,
ALT-005071,False,,,
ALT-005072,False,,,
ALT-005073,False,,,
ALT-005074,False,,,
ALT-005075,False,,,
ALT-005076,False,,,
ALT-005077,False,,,
ALT-005078,True,brute_force_intrusion,ana_004,2026-07-03
ALT-005079,True,dns_tunnelling,ana_004,2026-07-03
ALT-005080,False,,,
ALT-005081,False,,,
ALT-005082,False,,,
ALT-005083,False,,,
ALT-005084,False,,,
ALT-005085,False,,,
ALT-005086,True,dns_tunnelling,ana_004,2026-07-04
ALT-005087,True,policy_violation_confirmed,ana_004,2026-07-02
ALT-005088,False,,,
ALT-005089,False,,,
ALT-005090,False,,,
ALT-005091,False,,,
ALT-005092,False,,,
ALT-005093,False,,,
ALT-005094,False,,,
ALT-005095,False,,,
ALT-005096,True,data_exfiltration,ana_004,2026-07-02
ALT-005097,False,,,
ALT-005098,True,lateral_movement,ana_004,2026-07-01
ALT-005099,False,,,
ALT-005100,False,,,
ALT-005101,False,,,
ALT-005102,False,,,
ALT-005103,True,data_exfiltration,ana_004,2026-07-01
ALT-005104,False,,,
ALT-005105,False,,,
ALT-005106,True,policy_violation_confirmed,ana_004,2026-07-02
ALT-005107,True,malware_infection,ana_004,2026-07-05
ALT-005108,True,brute_force_intrusion,ana_004,2026-07-03
ALT-005109,False,,,
ALT-005110,False,,,
ALT-005111,True,dns_tunnelling,ana_004,2026-07-02
ALT-005112,False,,,
ALT-005113,False,,,
ALT-005114,False,,,
ALT-005115,True,lateral_movement,ana_004,2026-07-01
ALT-005116,False,,,
ALT-005117,False,,,
ALT-005118,False,,,
ALT-005119,True,lateral_movement,ana_004,2026-07-02
ALT-005120,False,,,
ALT-005121,False,,,
ALT-005122,True,brute_force_intrusion,ana_004,2026-07-03
ALT-005123,True,brute_force_intrusion,ana_004,2026-07-03
ALT-005124,False,,,
ALT-005125,True,dns_tunnelling,ana_004,2026-07-04
ALT-005126,True,data_exfiltration,ana_004,2026-07-04
ALT-005127,False,,,
ALT-005128,False,,,
ALT-005129,False,,,
ALT-005130,False,,,
ALT-005131,False,,,
ALT-005132,False,,,
ALT-005133,False,,,
ALT-005134,False,,,
ALT-005135,True,dns_tunnelling,ana_004,2026-07-06
ALT-005136,True,data_exfiltration,ana_004,2026-07-06
ALT-005137,True,brute_force_intrusion,ana_004,2026-07-03
ALT-005138,False,,,
ALT-005139,True,malware_infection,ana_004,2026-07-03
ALT-005140,False,,,
ALT-005141,True,data_exfiltration,ana_004,2026-07-01
ALT-005142,False,,,
ALT-005143,True,lateral_movement,ana_004,2026-07-03
ALT-005144,False,,,
ALT-005145,True,policy_violation_confirmed,ana_004,2026-07-01
ALT-005146,False,,,
ALT-005147,False,,,
ALT-005148,False,,,
ALT-005149,True,malware_infection,ana_004,2026-07-04
ALT-005150,True,brute_force_intrusion,ana_004,2026-07-02
ALT-005151,False,,,
ALT-005152,True,data_exfiltration,ana_004,2026-07-03
ALT-005153,False,,,
ALT-005154,False,,,
ALT-005155,False,,,
ALT-005156,False,,,
ALT-005157,True,dns_tunnelling,ana_004,2026-07-03
ALT-005158,False,,,
ALT-005159,True,data_exfiltration,ana_004,2026-07-06
ALT-005160,False,,,
ALT-005161,True,lateral_movement,ana_004,2026-07-04
ALT-005162,False,,,
ALT-005163,False,,,
ALT-005164,False,,,
ALT-005165,True,policy_violation_confirmed,ana_004,2026-07-05
ALT-005166,False,,,
ALT-005167,True,malware_infection,ana_004,2026-07-04
ALT-005168,False,,,
ALT-005169,False,,,
ALT-005170,False,,,
ALT-005171,False,,,
ALT-005172,False,,,
ALT-005173,False,,,
ALT-005174,False,,,
ALT-005175,False,,,
ALT-005176,False,,,
ALT-005177,False,,,
ALT-005178,True,brute_force_intrusion,ana_004,2026-07-05
ALT-005179,False,,,
ALT-005180,False,,,
ALT-005181,False,,,
ALT-005182,False,,,
ALT-005183,False,,,
ALT-005184,True,lateral_movement,ana_004,2026-07-03
ALT-005185,False,,,
ALT-005186,False,,,
ALT-005187,False,,,
ALT-005188,True,brute_force_intrusion,ana_004,2026-07-02
ALT-005189,False,,,
ALT-005190,False,,,
ALT-005191,True,dns_tunnelling,ana_004,2026-07-05
ALT-005192,False,,,
ALT-005193,False,,,
ALT-005194,False,,,
ALT-005195,False,,,
ALT-005196,False,,,
ALT-005197,False,,,
ALT-005198,False,,,
ALT-005199,False,,,
ALT-005200,False,,,
ALT-005201,False,,,
ALT-005202,True,data_exfiltration,ana_004,2026-07-04
ALT-005203,False,,,
ALT-005204,False,,,
ALT-005205,False,,,
ALT-005206,False,,,
ALT-005207,False,,,
ALT-005208,False,,,
ALT-005209,True,dns_tunnelling,ana_004,2026-07-04
ALT-005210,False,,,
ALT-005211,True,dns_tunnelling,ana_004,2026-07-04
ALT-005212,False,,,
ALT-005213,False,,,
ALT-005214,False,,,
ALT-005215,False,,,
ALT-005216,False,,,
ALT-005217,False,,,
ALT-005218,True,dns_tunnelling,ana_004,2026-07-04
ALT-005219,False,,,
ALT-005220,True,brute_force_intrusion,ana_004,2026-07-04
ALT-005221,False,,,
ALT-005222,False,,,
ALT-005223,False,,,
ALT-005224,False,,,
ALT-005225,False,,,
ALT-005226,True,lateral_movement,ana_004,2026-07-02
ALT-005227,False,,,
ALT-005228,True,lateral_movement,ana_004,2026-07-05
ALT-005229,False,,,
ALT-005230,False,,,
ALT-005231,False,,,
ALT-005232,False,,,
ALT-005233,False,,,
ALT-005234,True,policy_violation_confirmed,ana_004,2026-07-05
ALT-005235,False,,,
ALT-005236,False,,,
ALT-005237,False,,,
ALT-005238,False,,,
ALT-005239,False,,,
ALT-005240,False,,,
ALT-005241,False,,,
ALT-005242,False,,,
ALT-005243,False,,,
ALT-005244,False,,,
ALT-005245,True,policy_violation_confirmed,ana_004,2026-07-06
ALT-005246,False,,,
ALT-005247,False,,,
ALT-005248,False,,,
ALT-005249,False,,,
ALT-005250,False,,,
ALT-005251,False,,,
ALT-005252,False,,,
ALT-005253,True,data_exfiltration,ana_004,2026-07-04
ALT-005254,False,,,
ALT-005255,False,,,
ALT-005256,False,,,
ALT-005257,False,,,
ALT-005258,False,,,
ALT-005259,False,,,
ALT-005260,False,,,
ALT-005261,False,,,
ALT-005262,False,,,
ALT-005263,False,,,
ALT-005264,False,,,
ALT-005265,True,dns_tunnelling,ana_004,2026-07-01
ALT-005266,True,malware_infection,ana_004,2026-07-05
ALT-005267,True,dns_tunnelling,ana_004,2026-07-04
ALT-005268,True,policy_violation_confirmed,ana_004,2026-07-06
ALT-005269,False,,,
ALT-005270,True,data_exfiltration,ana_004,2026-07-01
ALT-005271,False,,,
ALT-005272,True,unauthorised_access,ana_004,2026-07-04
ALT-005273,False,,,
ALT-005274,True,lateral_movement,ana_004,2026-07-03
ALT-005275,False,,,
ALT-005276,False,,,
ALT-005277,False,,,
ALT-005278,False,,,
ALT-005279,False,,,
ALT-005280,False,,,
ALT-005281,False,,,
ALT-005282,False,,,
ALT-005283,False,,,
ALT-005284,False,,,
ALT-005285,True,unauthorised_access,ana_004,2026-07-05
ALT-005286,False,,,
ALT-005287,True,malware_infection,ana_004,2026-07-06
ALT-005288,False,,,
ALT-005289,True,unauthorised_access,ana_004,2026-07-06
ALT-005290,False,,,
ALT-005291,False,,,
ALT-005292,False,,,
ALT-005293,True,brute_force_intrusion,ana_004,2026-07-03
ALT-005294,False,,,
ALT-005295,True,dns_tunnelling,ana_004,2026-07-02
ALT-005296,False,,,
ALT-005297,True,brute_force_intrusion,ana_004,2026-07-03
ALT-005298,False,,,
ALT-005299,False,,,
ALT-005300,False,,,
ALT-005301,False,,,
ALT-005302,True,lateral_movement,ana_004,2026-07-04
ALT-005303,False,,,
ALT-005304,False,,,
ALT-005305,False,,,
ALT-005306,False,,,
ALT-005307,False,,,
ALT-005308,False,,,
ALT-005309,False,,,
ALT-005310,True,lateral_movement,ana_004,2026-07-06
ALT-005311,False,,,
ALT-005312,False,,,
ALT-005313,False,,,
ALT-005314,True,unauthorised_access,ana_004,2026-07-01
ALT-005315,True,policy_violation_confirmed,ana_004,2026-07-05
ALT-005316,False,,,
ALT-005317,True,brute_force_intrusion,ana_004,2026-07-04
ALT-005318,False,,,
ALT-005319,False,,,
ALT-005320,False,,,
ALT-005321,False,,,
ALT-005322,False,,,
ALT-005323,False,,,
ALT-005324,True,data_exfiltration,ana_004,2026-07-05
ALT-005325,False,,,
ALT-005326,False,,,
ALT-005327,False,,,
ALT-005328,False,,,
ALT-005329,False,,,
ALT-005330,False,,,
ALT-005331,False,,,
ALT-005332,False,,,
ALT-005333,False,,,
ALT-005334,True,policy_violation_confirmed,ana_004,2026-07-06
ALT-005335,True,unauthorised_access,ana_004,2026-07-05
ALT-005336,False,,,
ALT-005337,False,,,
ALT-005338,False,,,
ALT-005339,False,,,
ALT-005340,False,,,
ALT-005341,True,malware_infection,ana_004,2026-07-02
ALT-005342,False,,,
ALT-005343,False,,,
ALT-005344,False,,,
ALT-005345,False,,,
ALT-005346,False,,,
ALT-005347,False,,,
ALT-005348,True,malware_infection,ana_004,2026-07-06
ALT-005349,False,,,
ALT-005350,True,dns_tunnelling,ana_004,2026-07-04
ALT-005351,False,,,
ALT-005352,False,,,
ALT-005353,False,,,
ALT-005354,False,,,
ALT-005355,True,lateral_movement,ana_004,2026-07-04
ALT-005356,False,,,
ALT-005357,False,,,
ALT-005358,False,,,
ALT-005359,False,,,
ALT-005360,False,,,
ALT-005361,False,,,
ALT-005362,True,malware_infection,ana_004,2026-07-02
ALT-005363,True,brute_force_intrusion,ana_004,2026-07-05
ALT-005364,False,,,
ALT-005365,False,,,
ALT-005366,True,malware_infection,ana_004,2026-07-02
ALT-005367,True,unauthorised_access,ana_004,2026-07-02
ALT-005368,False,,,
ALT-005369,False,,,
ALT-005370,False,,,
ALT-005371,False,,,
ALT-005372,True,policy_violation_confirmed,ana_004,2026-07-03
ALT-005373,False,,,
ALT-005374,False,,,
ALT-005375,False,,,
ALT-005376,False,,,
ALT-005377,False,,,
ALT-005378,False,,,
ALT-005379,False,,,
ALT-005380,True,unauthorised_access,ana_004,2026-07-02
ALT-005381,False,,,
ALT-005382,False,,,
ALT-005383,True,policy_violation_confirmed,ana_004,2026-07-04
ALT-005384,False,,,
ALT-005385,False,,,
ALT-005386,True,brute_force_intrusion,ana_004,2026-07-02
ALT-005387,False,,,
ALT-005388,False,,,
ALT-005389,False,,,
ALT-005390,False,,,
ALT-005391,False,,,
ALT-005392,False,,,
ALT-005393,False,,,
ALT-005394,True,unauthorised_access,ana_004,2026-07-03
ALT-005395,False,,,
ALT-005396,False,,,
ALT-005397,False,,,
ALT-005398,False,,,
ALT-005399,False,,,
ALT-005400,True,lateral_movement,ana_004,2026-07-06
ALT-005401,False,,,
ALT-005402,False,,,
ALT-005403,False,,,
ALT-005404,False,,,
ALT-005405,True,brute_force_intrusion,ana_004,2026-07-05
ALT-005406,False,,,
ALT-005407,False,,,
ALT-005408,False,,,
ALT-005409,False,,,
ALT-005410,False,,,
ALT-005411,True,unauthorised_access,ana_004,2026-07-06
ALT-005412,True,data_exfiltration,ana_004,2026-07-03
ALT-005413,False,,,
ALT-005414,False,,,
ALT-005415,False,,,
ALT-005416,True,lateral_movement,ana_004,2026-07-02
ALT-005417,False,,,
ALT-005418,True,data_exfiltration,ana_004,2026-07-01
ALT-005419,True,lateral_movement,ana_004,2026-07-06
ALT-005420,False,,,
ALT-005421,True,dns_tunnelling,ana_004,2026-07-03
ALT-005422,False,,,
ALT-005423,False,,,
ALT-005424,True,policy_violation_confirmed,ana_004,2026-07-03
ALT-005425,False,,,
ALT-005426,True,dns_tunnelling,ana_004,2026-07-04
ALT-005427,True,lateral_movement,ana_004,2026-07-03
ALT-005428,True,malware_infection,ana_004,2026-07-02
ALT-005429,True,lateral_movement,ana_004,2026-07-03
ALT-005430,False,,,
ALT-005431,False,,,
ALT-005432,False,,,
ALT-005433,False,,,
ALT-005434,False,,,
ALT-005435,False,,,
ALT-005436,False,,,
ALT-005437,True,dns_tunnelling,ana_004,2026-07-01
ALT-005438,False,,,
ALT-005439,True,data_exfiltration,ana_004,2026-07-04
ALT-005440,False,,,
ALT-005441,True,lateral_movement,ana_004,2026-07-05
ALT-005442,False,,,
ALT-005443,False,,,
ALT-005444,False,,,
ALT-005445,False,,,
ALT-005446,True,lateral_movement,ana_004,2026-07-02
ALT-005447,False,,,
ALT-005448,True,data_exfiltration,ana_004,2026-07-01
ALT-005449,True,malware_infection,ana_004,2026-07-01
ALT-005450,False,,,
ALT-005451,False,,,
ALT-005452,False,,,
ALT-005453,False,,,
ALT-005454,False,,,
ALT-005455,False,,,
ALT-005456,False,,,
ALT-005457,False,,,
ALT-005458,True,data_exfiltration,ana_004,2026-07-02
ALT-005459,False,,,
ALT-005460,False,,,
ALT-005461,True,policy_violation_confirmed,ana_004,2026-07-03
ALT-005462,False,,,
ALT-005463,False,,,
ALT-005464,False,,,
ALT-005465,False,,,
ALT-005466,False,,,
ALT-005467,True,unauthorised_access,ana_004,2026-07-01
ALT-005468,False,,,
ALT-005469,False,,,
ALT-005470,True,policy_violation_confirmed,ana_004,2026-07-05
ALT-005471,True,dns_tunnelling,ana_004,2026-07-05
ALT-005472,False,,,
ALT-005473,True,lateral_movement,ana_004,2026-07-02
ALT-005474,False,,,
ALT-005475,True,policy_violation_confirmed,ana_004,2026-07-02
ALT-005476,False,,,
ALT-005477,False,,,
ALT-005478,True,brute_force_intrusion,ana_004,2026-07-02
ALT-005479,False,,,
ALT-005480,False,,,
ALT-005481,True,data_exfiltration,ana_004,2026-07-01
ALT-005482,False,,,
ALT-005483,False,,,
ALT-005484,True,malware_infection,ana_004,2026-07-02
ALT-005485,False,,,
ALT-005486,False,,,
ALT-005487,False,,,
ALT-005488,False,,,
ALT-005489,False,,,
ALT-005490,False,,,
ALT-005491,False,,,
ALT-005492,False,,,
ALT-005493,False,,,
ALT-005494,False,,,
ALT-005495,False,,,
ALT-005496,False,,,
ALT-005497,False,,,
ALT-005498,False,,,
ALT-005499,True,unauthorised_access,ana_004,2026-07-03
ALT-005500,False,,,
ALT-005501,False,,,
ALT-005502,False,,,
ALT-005503,False,,,
ALT-005504,False,,,
ALT-005505,False,,,
ALT-005506,False,,,
ALT-005507,False,,,
ALT-005508,False,,,
ALT-005509,True,policy_violation_confirmed,ana_004,2026-07-02
ALT-005510,False,,,
ALT-005511,True,data_exfiltration,ana_004,2026-07-06
ALT-005512,False,,,
ALT-005513,True,unauthorised_access,ana_004,2026-07-05
ALT-005514,True,policy_violation_confirmed,ana_004,2026-07-01
ALT-005515,False,,,
ALT-005516,False,,,
ALT-005517,False,,,
ALT-005518,False,,,
ALT-005519,True,data_exfiltration,ana_004,2026-07-05
ALT-005520,False,,,
ALT-005521,True,brute_force_intrusion,ana_004,2026-07-05
ALT-005522,False,,,
ALT-005523,False,,,
ALT-005524,True,dns_tunnelling,ana_004,2026-07-03
ALT-005525,False,,,
ALT-005526,False,,,
ALT-005527,False,,,
ALT-005528,True,brute_force_intrusion,ana_004,2026-07-06
ALT-005529,False,,,
ALT-005530,False,,,
ALT-005531,True,lateral_movement,ana_004,2026-07-06
ALT-005532,False,,,
ALT-005533,False,,,
ALT-005534,False,,,
ALT-005535,False,,,
ALT-005536,False,,,
ALT-005537,False,,,
ALT-005538,False,,,
ALT-005539,False,,,
ALT-005540,False,,,
ALT-005541,True,policy_violation_confirmed,ana_004,2026-07-05
ALT-005542,False,,,
ALT-005543,False,,,
ALT-005544,False,,,
ALT-005545,False,,,
ALT-005546,True,policy_violation_confirmed,ana_004,2026-07-03
ALT-005547,False,,,
ALT-005548,False,,,
ALT-005549,False,,,
ALT-005550,True,lateral_movement,ana_004,2026-07-06
ALT-005551,True,malware_infection,ana_004,2026-07-04
ALT-005552,False,,,
ALT-005553,False,,,
ALT-005554,False,,,
ALT-005555,True,policy_violation_confirmed,ana_004,2026-07-06
ALT-005556,False,,,
ALT-005557,False,,,
ALT-005558,False,,,
ALT-005559,False,,,
ALT-005560,False,,,
ALT-005561,False,,,
ALT-005562,False,,,
ALT-005563,False,,,
ALT-005564,True,policy_violation_confirmed,ana_004,2026-07-05
ALT-005565,False,,,
ALT-005566,False,,,
ALT-005567,False,,,
ALT-005568,False,,,
ALT-005569,False,,,
ALT-005570,False,,,
ALT-005571,True,policy_violation_confirmed,ana_004,2026-07-05
ALT-005572,False,,,
ALT-005573,False,,,
ALT-005574,False,,,
ALT-005575,True,data_exfiltration,ana_004,2026-07-02
ALT-005576,False,,,
ALT-005577,False,,,
ALT-005578,True,dns_tunnelling,ana_004,2026-07-05
ALT-005579,False,,,
ALT-005580,False,,,
ALT-005581,True,policy_violation_confirmed,ana_004,2026-07-04
ALT-005582,False,,,
ALT-005583,False,,,
ALT-005584,False,,,
ALT-005585,False,,,
ALT-005586,False,,,
ALT-005587,False,,,
ALT-005588,False,,,
ALT-005589,False,,,
ALT-005590,True,lateral_movement,ana_004,2026-07-03
ALT-005591,False,,,
ALT-005592,False,,,
ALT-005593,False,,,
ALT-005594,False,,,
ALT-005595,False,,,
ALT-005596,False,,,
ALT-005597,False,,,
ALT-005598,False,,,
ALT-005599,False,,,
ALT-005600,False,,,
ALT-005601,False,,,
ALT-005602,False,,,
ALT-005603,False,,,
ALT-005604,False,,,
ALT-005605,True,lateral_movement,ana_004,2026-07-05
ALT-005606,True,lateral_movement,ana_004,2026-07-04
ALT-005607,False,,,
ALT-005608,False,,,
ALT-005609,False,,,
ALT-005610,False,,,
ALT-005611,False,,,
ALT-005612,True,data_exfiltration,ana_004,2026-07-06
ALT-005613,True,lateral_movement,ana_004,2026-07-03
ALT-005614,False,,,
ALT-005615,False,,,
ALT-005616,False,,,
ALT-005617,False,,,
ALT-005618,False,,,
ALT-005619,True,lateral_movement,ana_004,2026-07-03
ALT-005620,False,,,
ALT-005621,False,,,
ALT-005622,False,,,
ALT-005623,False,,,
ALT-005624,False,,,
ALT-005625,True,lateral_movement,ana_004,2026-07-02
ALT-005626,False,,,
ALT-005627,False,,,
ALT-005628,False,,,
ALT-005629,True,brute_force_intrusion,ana_004,2026-07-04
ALT-005630,False,,,
ALT-005631,False,,,
ALT-005632,False,,,
ALT-005633,True,brute_force_intrusion,ana_004,2026-07-02
ALT-005634,False,,,
ALT-005635,False,,,
ALT-005636,False,,,
ALT-005637,True,malware_infection,ana_004,2026-07-06
ALT-005638,False,,,
ALT-005639,False,,,
ALT-005640,False,,,
ALT-005641,False,,,
ALT-005642,False,,,
ALT-005643,False,,,
ALT-005644,True,lateral_movement,ana_004,2026-07-02
ALT-005645,False,,,
ALT-005646,False,,,
ALT-005647,False,,,
ALT-005648,True,policy_violation_confirmed,ana_004,2026-07-01
ALT-005649,True,unauthorised_access,ana_004,2026-07-04
ALT-005650,False,,,
ALT-005651,False,,,
ALT-005652,False,,,
ALT-005653,False,,,
ALT-005654,True,brute_force_intrusion,ana_004,2026-07-05
ALT-005655,False,,,
ALT-005656,False,,,
ALT-005657,True,dns_tunnelling,ana_004,2026-07-05
ALT-005658,False,,,
ALT-005659,False,,,
ALT-005660,False,,,
ALT-005661,False,,,
ALT-005662,False,,,
ALT-005663,False,,,
ALT-005664,False,,,
ALT-005665,False,,,
ALT-005666,False,,,
ALT-005667,True,unauthorised_access,ana_004,2026-07-05
ALT-005668,False,,,
ALT-005669,False,,,
ALT-005670,False,,,
ALT-005671,False,,,
ALT-005672,True,policy_violation_confirmed,ana_004,2026-07-05
ALT-005673,False,,,
ALT-005674,True,policy_violation_confirmed,ana_004,2026-07-01
ALT-005675,False,,,
ALT-005676,False,,,
ALT-005677,False,,,
ALT-005678,True,dns_tunnelling,ana_004,2026-07-01
ALT-005679,False,,,
ALT-005680,False,,,
ALT-005681,False,,,
ALT-005682,False,,,
ALT-005683,False,,,
ALT-005684,True,lateral_movement,ana_004,2026-07-03
ALT-005685,True,unauthorised_access,ana_004,2026-07-01
ALT-005686,True,brute_force_intrusion,ana_004,2026-07-03
ALT-005687,False,,,
ALT-005688,False,,,
ALT-005689,True,lateral_movement,ana_004,2026-07-01
ALT-005690,True,lateral_movement,ana_004,2026-07-06
ALT-005691,False,,,
ALT-005692,False,,,
ALT-005693,True,policy_violation_confirmed,ana_004,2026-07-03
ALT-005694,False,,,
ALT-005695,False,,,
ALT-005696,False,,,
ALT-005697,False,,,
ALT-005698,True,brute_force_intrusion,ana_004,2026-07-04
ALT-005699,False,,,
ALT-005700,False,,,
ALT-005701,True,policy_violation_confirmed,ana_004,2026-07-03
ALT-005702,True,dns_tunnelling,ana_004,2026-07-01
ALT-005703,False,,,
ALT-005704,False,,,
ALT-005705,False,,,
ALT-005706,False,,,
ALT-005707,False,,,
ALT-005708,False,,,
ALT-005709,False,,,
ALT-005710,False,,,
ALT-005711,False,,,
ALT-005712,False,,,
ALT-005713,False,,,
ALT-005714,False,,,
ALT-005715,False,,,
ALT-005716,False,,,
ALT-005717,True,unauthorised_access,ana_004,2026-07-04
ALT-005718,False,,,
ALT-005719,False,,,
ALT-005720,False,,,
ALT-005721,False,,,
ALT-005722,True,unauthorised_access,ana_004,2026-07-04
ALT-005723,False,,,
ALT-005724,False,,,
ALT-005725,False,,,
ALT-005726,True,brute_force_intrusion,ana_004,2026-07-02
ALT-005727,True,lateral_movement,ana_004,2026-07-04
ALT-005728,False,,,
ALT-005729,False,,,
ALT-005730,False,,,
ALT-005731,False,,,
ALT-005732,True,dns_tunnelling,ana_004,2026-07-03
ALT-005733,False,,,
ALT-005734,False,,,
ALT-005735,False,,,
ALT-005736,False,,,
ALT-005737,False,,,
ALT-005738,False,,,
ALT-005739,False,,,
ALT-005740,False,,,
ALT-005741,False,,,
ALT-005742,False,,,
ALT-005743,True,policy_violation_confirmed,ana_004,2026-07-03
ALT-005744,True,malware_infection,ana_004,2026-07-04
ALT-005745,True,malware_infection,ana_004,2026-07-02
ALT-005746,True,dns_tunnelling,ana_004,2026-07-03
ALT-005747,False,,,
ALT-005748,False,,,
ALT-005749,False,,,
ALT-005750,False,,,
ALT-005751,False,,,
ALT-005752,False,,,
ALT-005753,False,,,
ALT-005754,False,,,
ALT-005755,False,,,
ALT-005756,False,,,
ALT-005757,True,policy_violation_confirmed,ana_004,2026-07-03
ALT-005758,False,,,
ALT-005759,False,,,
ALT-005760,False,,,
ALT-005761,False,,,
ALT-005762,False,,,
ALT-005763,True,unauthorised_access,ana_004,2026-07-04
ALT-005764,False,,,
ALT-005765,False,,,
ALT-005766,False,,,
ALT-005767,False,,,
ALT-005768,False,,,
ALT-005769,True,brute_force_intrusion,ana_004,2026-07-05
ALT-005770,False,,,
ALT-005771,False,,,
ALT-005772,False,,,
ALT-005773,False,,,
ALT-005774,False,,,
ALT-005775,False,,,
ALT-005776,False,,,
ALT-005777,False,,,
ALT-005778,False,,,
ALT-005779,False,,,
ALT-005780,False,,,
ALT-005781,False,,,
ALT-005782,False,,,
ALT-005783,False,,,
ALT-005784,False,,,
ALT-005785,False,,,
ALT-005786,False,,,
ALT-005787,False,,,
ALT-005788,False,,,
ALT-005789,False,,,
ALT-005790,True,brute_force_intrusion,ana_004,2026-07-05
ALT-005791,False,,,
ALT-005792,False,,,
ALT-005793,True,lateral_movement,ana_004,2026-07-06
ALT-005794,True,malware_infection,ana_004,2026-07-04
ALT-005795,False,,,
ALT-005796,False,,,
ALT-005797,False,,,
ALT-005798,False,,,
ALT-005799,True,data_exfiltration,ana_004,2026-07-06
ALT-005800,True,unauthorised_access,ana_004,2026-07-03
ALT-005801,False,,,
ALT-005802,True,brute_force_intrusion,ana_004,2026-07-03
ALT-005803,False,,,
ALT-005804,False,,,
ALT-005805,False,,,
ALT-005806,False,,,
ALT-005807,False,,,
ALT-005808,False,,,
ALT-005809,False,,,
ALT-005810,False,,,
ALT-005811,True,lateral_movement,ana_004,2026-07-04
ALT-005812,False,,,
ALT-005813,True,brute_force_intrusion,ana_004,2026-07-01
ALT-005814,False,,,
ALT-005815,False,,,
ALT-005816,False,,,
ALT-005817,False,,,
ALT-005818,True,malware_infection,ana_004,2026-07-05
ALT-005819,True,malware_infection,ana_004,2026-07-01
ALT-005820,True,unauthorised_access,ana_004,2026-07-06
ALT-005821,False,,,
ALT-005822,False,,,
ALT-005823,False,,,
ALT-005824,True,policy_violation_confirmed,ana_004,2026-07-02
ALT-005825,False,,,
ALT-005826,True,policy_violation_confirmed,ana_004,2026-07-04
ALT-005827,False,,,
ALT-005828,False,,,
ALT-005829,False,,,
ALT-005830,False,,,
ALT-005831,False,,,
ALT-005832,False,,,
ALT-005833,True,lateral_movement,ana_004,2026-07-01
ALT-005834,False,,,
ALT-005835,False,,,
ALT-005836,False,,,
ALT-005837,False,,,
ALT-005838,False,,,
ALT-005839,False,,,
ALT-005840,True,brute_force_intrusion,ana_004,2026-07-02
ALT-005841,False,,,
ALT-005842,False,,,
ALT-005843,True,data_exfiltration,ana_004,2026-07-05
ALT-005844,True,lateral_movement,ana_004,2026-07-01
ALT-005845,False,,,
ALT-005846,False,,,
ALT-005847,False,,,
ALT-005848,True,malware_infection,ana_004,2026-07-06
ALT-005849,False,,,
ALT-005850,True,dns_tunnelling,ana_004,2026-07-04
ALT-005851,True,lateral_movement,ana_004,2026-07-01
ALT-005852,False,,,
ALT-005853,False,,,
ALT-005854,True,dns_tunnelling,ana_004,2026-07-01
ALT-005855,False,,,
ALT-005856,True,data_exfiltration,ana_004,2026-07-03
ALT-005857,False,,,
ALT-005858,False,,,
ALT-005859,False,,,
ALT-005860,True,dns_tunnelling,ana_004,2026-07-03
ALT-005861,False,,,
ALT-005862,False,,,
ALT-005863,True,dns_tunnelling,ana_004,2026-07-03
ALT-005864,False,,,
ALT-005865,False,,,
ALT-005866,True,brute_force_intrusion,ana_004,2026-07-04
ALT-005867,True,dns_tunnelling,ana_004,2026-07-05
ALT-005868,False,,,
ALT-005869,False,,,
ALT-005870,False,,,
ALT-005871,False,,,
ALT-005872,False,,,
ALT-005873,False,,,
ALT-005874,False,,,
ALT-005875,False,,,
ALT-005876,False,,,
ALT-005877,False,,,
ALT-005878,True,data_exfiltration,ana_004,2026-07-05
ALT-005879,True,dns_tunnelling,ana_004,2026-07-02
ALT-005880,True,dns_tunnelling,ana_004,2026-07-04
ALT-005881,False,,,
ALT-005882,False,,,
ALT-005883,True,malware_infection,ana_004,2026-07-04
ALT-005884,False,,,
ALT-005885,False,,,
ALT-005886,False,,,
ALT-005887,True,unauthorised_access,ana_004,2026-07-04
ALT-005888,False,,,
ALT-005889,False,,,
ALT-005890,True,lateral_movement,ana_004,2026-07-02
ALT-005891,False,,,
ALT-005892,True,lateral_movement,ana_004,2026-07-03
ALT-005893,False,,,
ALT-005894,False,,,
ALT-005895,True,lateral_movement,ana_004,2026-07-04
ALT-005896,True,unauthorised_access,ana_004,2026-07-01
ALT-005897,True,unauthorised_access,ana_004,2026-07-06
ALT-005898,False,,,
ALT-005899,True,malware_infection,ana_004,2026-07-06
ALT-005900,False,,,
ALT-005901,False,,,
ALT-005902,False,,,
ALT-005903,True,brute_force_intrusion,ana_004,2026-07-03
ALT-005904,False,,,
ALT-005905,False,,,
ALT-005906,True,lateral_movement,ana_004,2026-07-04
ALT-005907,False,,,
ALT-005908,False,,,
ALT-005909,False,,,
ALT-005910,False,,,
ALT-005911,True,data_exfiltration,ana_004,2026-07-01
ALT-005912,False,,,
ALT-005913,False,,,
ALT-005914,False,,,
ALT-005915,True,policy_violation_confirmed,ana_004,2026-07-04
ALT-005916,False,,,
ALT-005917,False,,,
ALT-005918,True,data_exfiltration,ana_004,2026-07-01
ALT-005919,True,brute_force_intrusion,ana_004,2026-07-03
ALT-005920,True,dns_tunnelling,ana_004,2026-07-04
ALT-005921,False,,,
ALT-005922,False,,,
ALT-005923,False,,,
ALT-005924,False,,,
ALT-005925,False,,,
ALT-005926,False,,,
ALT-005927,True,policy_violation_confirmed,ana_004,2026-07-01
ALT-005928,False,,,
ALT-005929,False,,,
ALT-005930,True,data_exfiltration,ana_004,2026-07-04
ALT-005931,False,,,
ALT-005932,True,lateral_movement,ana_004,2026-07-06
ALT-005933,False,,,
ALT-005934,True,brute_force_intrusion,ana_004,2026-07-01
ALT-005935,True,brute_force_intrusion,ana_004,2026-07-04
ALT-005936,False,,,
ALT-005937,False,,,
ALT-005938,False,,,
ALT-005939,False,,,
ALT-005940,False,,,
ALT-005941,True,brute_force_intrusion,ana_004,2026-07-03
ALT-005942,False,,,
ALT-005943,True,data_exfiltration,ana_004,2026-07-05
ALT-005944,True,data_exfiltration,ana_004,2026-07-05
ALT-005945,True,brute_force_intrusion,ana_004,2026-07-03
ALT-005946,True,lateral_movement,ana_004,2026-07-02
ALT-005947,False,,,
ALT-005948,False,,,
ALT-005949,False,,,
ALT-005950,False,,,
ALT-005951,False,,,
ALT-005952,False,,,
ALT-005953,False,,,
ALT-005954,False,,,
ALT-005955,False,,,
ALT-005956,False,,,
ALT-005957,True,lateral_movement,ana_004,2026-07-04
ALT-005958,True,data_exfiltration,ana_004,2026-07-06
ALT-005959,False,,,
ALT-005960,True,unauthorised_access,ana_004,2026-07-03
ALT-005961,False,,,
ALT-005962,False,,,
ALT-005963,False,,,
ALT-005964,False,,,
ALT-005965,False,,,
ALT-005966,False,,,
ALT-005967,False,,,
ALT-005968,False,,,
ALT-005969,False,,,
ALT-005970,False,,,
ALT-005971,False,,,
ALT-005972,True,brute_force_intrusion,ana_004,2026-07-02
ALT-005973,True,data_exfiltration,ana_004,2026-07-06
ALT-005974,False,,,
ALT-005975,False,,,
ALT-005976,False,,,
ALT-005977,False,,,
ALT-005978,True,malware_infection,ana_004,2026-07-04
ALT-005979,False,,,
ALT-005980,True,unauthorised_access,ana_004,2026-07-03
ALT-005981,False,,,
ALT-005982,False,,,
ALT-005983,False,,,
ALT-005984,True,policy_violation_confirmed,ana_004,2026-07-02
ALT-005985,True,brute_force_intrusion,ana_004,2026-07-06
ALT-005986,False,,,
ALT-005987,False,,,
ALT-005988,True,malware_infection,ana_004,2026-07-04
ALT-005989,False,,,
ALT-005990,False,,,
ALT-005991,False,,,
ALT-005992,False,,,
ALT-005993,False,,,
ALT-005994,False,,,
ALT-005995,False,,,
ALT-005996,True,unauthorised_access,ana_004,2026-07-05
ALT-005997,False,,,
ALT-005998,False,,,
ALT-005999,False,,,
ALT-006000,False,,,
ALT-006001,False,,,
ALT-006002,False,,,
ALT-006003,False,,,
ALT-006004,True,lateral_movement,ana_004,2026-07-04
ALT-006005,False,,,
ALT-006006,False,,,
ALT-006007,False,,,
ALT-006008,False,,,
ALT-006009,False,,,
ALT-006010,False,,,
ALT-006011,False,,,
ALT-006012,True,lateral_movement,ana_004,2026-07-01
ALT-006013,True,dns_tunnelling,ana_004,2026-07-06
ALT-006014,False,,,
ALT-006015,True,dns_tunnelling,ana_004,2026-07-01
ALT-006016,True,brute_force_intrusion,ana_004,2026-07-04
ALT-006017,True,dns_tunnelling,ana_004,2026-07-05
ALT-006018,True,brute_force_intrusion,ana_004,2026-07-02
ALT-006019,False,,,
ALT-006020,False,,,
ALT-006021,False,,,
ALT-006022,False,,,
ALT-006023,False,,,
ALT-006024,False,,,
ALT-006025,False,,,
ALT-006026,False,,,
ALT-006027,False,,,
ALT-006028,False,,,
ALT-006029,True,brute_force_intrusion,ana_004,2026-07-01
ALT-006030,False,,,
ALT-006031,True,data_exfiltration,ana_004,2026-07-04
ALT-006032,False,,,
ALT-006033,False,,,
ALT-006034,False,,,
ALT-006035,False,,,
ALT-006036,False,,,
ALT-006037,False,,,
ALT-006038,False,,,
ALT-006039,True,dns_tunnelling,ana_004,2026-07-01
ALT-006040,False,,,
ALT-006041,False,,,
ALT-006042,False,,,
ALT-006043,False,,,
ALT-006044,False,,,
ALT-006045,False,,,
ALT-006046,False,,,
ALT-006047,True,policy_violation_confirmed,ana_004,2026-07-03
ALT-006048,True,malware_infection,ana_004,2026-07-03
ALT-006049,False,,,
ALT-006050,True,data_exfiltration,ana_004,2026-07-06
ALT-006051,False,,,
ALT-006052,False,,,
ALT-006053,False,,,
ALT-006054,False,,,
ALT-006055,False,,,
ALT-006056,False,,,
ALT-006057,False,,,
ALT-006058,False,,,
ALT-006059,False,,,
ALT-006060,False,,,
ALT-006061,False,,,
ALT-006062,False,,,
ALT-006063,False,,,
ALT-006064,False,,,
ALT-006065,True,lateral_movement,ana_004,2026-07-05
ALT-006066,False,,,
ALT-006067,True,lateral_movement,ana_004,2026-07-04
ALT-006068,False,,,
ALT-006069,True,brute_force_intrusion,ana_004,2026-07-04
ALT-006070,False,,,
ALT-006071,False,,,
ALT-006072,False,,,
ALT-006073,False,,,
ALT-006074,False,,,
ALT-006075,False,,,
ALT-006076,False,,,
ALT-006077,True,brute_force_intrusion,ana_004,2026-07-05
ALT-006078,True,malware_infection,ana_004,2026-07-02
ALT-006079,True,policy_violation_confirmed,ana_004,2026-07-01
ALT-006080,False,,,
ALT-006081,False,,,
ALT-006082,True,malware_infection,ana_004,2026-07-01
ALT-006083,False,,,
ALT-006084,False,,,
ALT-006085,False,,,
ALT-006086,False,,,
ALT-006087,False,,,
ALT-006088,False,,,
ALT-006089,False,,,
ALT-006090,False,,,
ALT-006091,False,,,
ALT-006092,False,,,
ALT-006093,False,,,
ALT-006094,False,,,
ALT-006095,True,brute_force_intrusion,ana_004,2026-07-06
ALT-006096,False,,,
ALT-006097,False,,,
ALT-006098,False,,,
ALT-006099,False,,,
ALT-006100,False,,,
ALT-006101,False,,,
ALT-006102,False,,,
ALT-006103,True,brute_force_intrusion,ana_004,2026-07-03
ALT-006104,False,,,
ALT-006105,False,,,
ALT-006106,False,,,
ALT-006107,False,,,
ALT-006108,False,,,
ALT-006109,False,,,
ALT-006110,True,dns_tunnelling,ana_004,2026-07-05
ALT-006111,False,,,
ALT-006112,False,,,
ALT-006113,False,,,
ALT-006114,False,,,
ALT-006115,True,brute_force_intrusion,ana_004,2026-07-05
ALT-006116,False,,,
ALT-006117,False,,,
ALT-006118,True,malware_infection,ana_004,2026-07-01
ALT-006119,False,,,
ALT-006120,False,,,
ALT-006121,False,,,
ALT-006122,True,malware_infection,ana_004,2026-07-06
ALT-006123,False,,,
ALT-006124,False,,,
ALT-006125,False,,,
ALT-006126,False,,,
ALT-006127,True,lateral_movement,ana_004,2026-07-06
ALT-006128,False,,,
ALT-006129,True,lateral_movement,ana_004,2026-07-06
ALT-006130,False,,,
ALT-006131,False,,,
ALT-006132,True,brute_force_intrusion,ana_004,2026-07-04
ALT-006133,False,,,
ALT-006134,False,,,
ALT-006135,True,unauthorised_access,ana_004,2026-07-02
ALT-006136,False,,,
ALT-006137,False,,,
ALT-006138,False,,,
ALT-006139,False,,,
ALT-006140,False,,,
ALT-006141,False,,,
ALT-006142,True,brute_force_intrusion,ana_004,2026-07-04
ALT-006143,False,,,
ALT-006144,False,,,
ALT-006145,False,,,
ALT-006146,True,dns_tunnelling,ana_004,2026-07-01
ALT-006147,False,,,
ALT-006148,False,,,
ALT-006149,False,,,
ALT-006150,False,,,
ALT-006151,False,,,
ALT-006152,False,,,
ALT-006153,False,,,
ALT-006154,False,,,
ALT-006155,True,dns_tunnelling,ana_004,2026-07-04
ALT-006156,False,,,
ALT-006157,False,,,
ALT-006158,True,unauthorised_access,ana_004,2026-07-01
ALT-006159,False,,,
ALT-006160,False,,,
ALT-006161,False,,,
ALT-006162,False,,,
ALT-006163,True,data_exfiltration,ana_004,2026-07-05
ALT-006164,False,,,
ALT-006165,False,,,
ALT-006166,False,,,
ALT-006167,False,,,
ALT-006168,False,,,
ALT-006169,False,,,
ALT-006170,False,,,
ALT-006171,False,,,
ALT-006172,False,,,
ALT-006173,False,,,
ALT-006174,False,,,
ALT-006175,False,,,
ALT-006176,True,data_exfiltration,ana_004,2026-07-01
ALT-006177,True,lateral_movement,ana_004,2026-07-05
ALT-006178,False,,,
ALT-006179,True,malware_infection,ana_004,2026-07-03
ALT-006180,False,,,
ALT-006181,True,lateral_movement,ana_004,2026-07-02
ALT-006182,False,,,
ALT-006183,True,unauthorised_access,ana_004,2026-07-06
ALT-006184,False,,,
ALT-006185,False,,,
ALT-006186,False,,,
ALT-006187,False,,,
ALT-006188,False,,,
ALT-006189,False,,,
ALT-006190,False,,,
ALT-006191,False,,,
ALT-006192,False,,,
ALT-006193,False,,,
ALT-006194,False,,,
ALT-006195,False,,,
ALT-006196,False,,,
ALT-006197,False,,,
ALT-006198,False,,,
ALT-006199,False,,,
ALT-006200,False,,,
ALT-006201,False,,,
ALT-006202,False,,,
ALT-006203,True,data_exfiltration,ana_004,2026-07-05
ALT-006204,True,data_exfiltration,ana_004,2026-07-01
ALT-006205,True,dns_tunnelling,ana_004,2026-07-04
ALT-006206,False,,,
ALT-006207,False,,,
ALT-006208,False,,,
ALT-006209,True,brute_force_intrusion,ana_004,2026-07-06
ALT-006210,False,,,
ALT-006211,False,,,
ALT-006212,False,,,
ALT-006213,False,,,
ALT-006214,True,lateral_movement,ana_004,2026-07-05
ALT-006215,False,,,
ALT-006216,False,,,
ALT-006217,False,,,
ALT-006218,False,,,
ALT-006219,True,malware_infection,ana_004,2026-07-06
ALT-006220,False,,,
ALT-006221,False,,,
ALT-006222,True,data_exfiltration,ana_004,2026-07-04
ALT-006223,False,,,
ALT-006224,False,,,
ALT-006225,False,,,
ALT-006226,False,,,
ALT-006227,False,,,
ALT-006228,True,lateral_movement,ana_004,2026-07-06
ALT-006229,False,,,
ALT-006230,False,,,
ALT-006231,True,malware_infection,ana_004,2026-07-01
ALT-006232,False,,,
ALT-006233,True,data_exfiltration,ana_004,2026-07-06
ALT-006234,True,dns_tunnelling,ana_004,2026-07-02
ALT-006235,True,data_exfiltration,ana_004,2026-07-06
ALT-006236,False,,,
ALT-006237,False,,,
ALT-006238,True,malware_infection,ana_004,2026-07-05
ALT-006239,False,,,
ALT-006240,False,,,
ALT-006241,False,,,
ALT-006242,False,,,
ALT-006243,False,,,
ALT-006244,False,,,
ALT-006245,False,,,
ALT-006246,False,,,
ALT-006247,False,,,
ALT-006248,False,,,
ALT-006249,False,,,
ALT-006250,False,,,
ALT-006251,False,,,
ALT-006252,False,,,
ALT-006253,True,malware_infection,ana_004,2026-07-01
ALT-006254,True,brute_force_intrusion,ana_004,2026-07-02
ALT-006255,False,,,
ALT-006256,False,,,
ALT-006257,False,,,
ALT-006258,False,,,
ALT-006259,False,,,
ALT-006260,True,data_exfiltration,ana_004,2026-07-02
ALT-006261,True,malware_infection,ana_004,2026-07-06
ALT-006262,False,,,
ALT-006263,False,,,
ALT-006264,False,,,
ALT-006265,False,,,
ALT-006266,True,unauthorised_access,ana_004,2026-07-01
ALT-006267,False,,,
ALT-006268,True,lateral_movement,ana_004,2026-07-02
ALT-006269,False,,,
ALT-006270,False,,,
ALT-006271,False,,,
ALT-006272,False,,,
ALT-006273,False,,,
ALT-006274,False,,,
ALT-006275,False,,,
ALT-006276,False,,,
ALT-006277,False,,,
ALT-006278,False,,,
ALT-006279,False,,,
ALT-006280,True,lateral_movement,ana_004,2026-07-02
ALT-006281,False,,,
ALT-006282,False,,,
ALT-006283,False,,,
ALT-006284,False,,,
ALT-006285,True,unauthorised_access,ana_004,2026-07-01
ALT-006286,True,dns_tunnelling,ana_004,2026-07-04
ALT-006287,False,,,
ALT-006288,False,,,
ALT-006289,False,,,
ALT-006290,False,,,
ALT-006291,True,policy_violation_confirmed,ana_004,2026-07-01
ALT-006292,False,,,
ALT-006293,False,,,
ALT-006294,False,,,
ALT-006295,True,malware_infection,ana_004,2026-07-01
ALT-006296,False,,,
ALT-006297,True,malware_infection,ana_004,2026-07-03
ALT-006298,True,brute_force_intrusion,ana_004,2026-07-03
ALT-006299,False,,,
ALT-006300,False,,,
ALT-006301,False,,,
ALT-006302,False,,,
ALT-006303,True,data_exfiltration,ana_004,2026-07-01
ALT-006304,True,dns_tunnelling,ana_004,2026-07-01
ALT-006305,True,brute_force_intrusion,ana_004,2026-07-02
ALT-006306,False,,,
ALT-006307,False,,,
ALT-006308,False,,,
ALT-006309,False,,,
ALT-006310,True,data_exfiltration,ana_004,2026-07-04
ALT-006311,False,,,
ALT-006312,True,brute_force_intrusion,ana_004,2026-07-01
ALT-006313,True,data_exfiltration,ana_004,2026-07-01
ALT-006314,True,dns_tunnelling,ana_004,2026-07-05
ALT-006315,True,brute_force_intrusion,ana_004,2026-07-02
ALT-006316,True,brute_force_intrusion,ana_004,2026-07-04
ALT-006317,False,,,
ALT-006318,True,dns_tunnelling,ana_004,2026-07-05
ALT-006319,True,unauthorised_access,ana_004,2026-07-04
ALT-006320,False,,,
ALT-006321,False,,,
ALT-006322,False,,,
ALT-006323,False,,,
ALT-006324,False,,,
ALT-006325,True,unauthorised_access,ana_004,2026-07-02
ALT-006326,True,unauthorised_access,ana_004,2026-07-02
ALT-006327,True,unauthorised_access,ana_004,2026-07-04
ALT-006328,True,policy_violation_confirmed,ana_004,2026-07-01
ALT-006329,False,,,
ALT-006330,True,lateral_movement,ana_004,2026-07-02
ALT-006331,False,,,
ALT-006332,False,,,
ALT-006333,True,unauthorised_access,ana_004,2026-07-06
ALT-006334,False,,,
ALT-006335,False,,,
ALT-006336,True,lateral_movement,ana_004,2026-07-02
ALT-006337,True,policy_violation_confirmed,ana_004,2026-07-04
ALT-006338,False,,,
ALT-006339,False,,,
ALT-006340,True,dns_tunnelling,ana_004,2026-07-03
ALT-006341,False,,,
ALT-006342,False,,,
ALT-006343,False,,,
ALT-006344,True,lateral_movement,ana_004,2026-07-02
ALT-006345,False,,,
ALT-006346,False,,,
ALT-006347,True,policy_violation_confirmed,ana_004,2026-07-06
ALT-006348,False,,,
ALT-006349,False,,,
ALT-006350,False,,,
ALT-006351,False,,,
ALT-006352,False,,,
ALT-006353,True,unauthorised_access,ana_004,2026-07-01
ALT-006354,False,,,
ALT-006355,True,lateral_movement,ana_004,2026-07-04
ALT-006356,False,,,
ALT-006357,False,,,
ALT-006358,True,dns_tunnelling,ana_004,2026-07-04
ALT-006359,False,,,
ALT-006360,False,,,
ALT-006361,True,dns_tunnelling,ana_004,2026-07-06
ALT-006362,False,,,
ALT-006363,False,,,
ALT-006364,False,,,
ALT-006365,True,data_exfiltration,ana_004,2026-07-03
ALT-006366,False,,,
ALT-006367,False,,,
ALT-006368,True,brute_force_intrusion,ana_004,2026-07-05
ALT-006369,False,,,
ALT-006370,False,,,
ALT-006371,False,,,
ALT-006372,False,,,
ALT-006373,True,dns_tunnelling,ana_004,2026-07-03
ALT-006374,False,,,
ALT-006375,True,brute_force_intrusion,ana_004,2026-07-03
ALT-006376,False,,,
ALT-006377,False,,,
ALT-006378,False,,,
ALT-006379,True,policy_violation_confirmed,ana_004,2026-07-04
ALT-006380,False,,,
ALT-006381,False,,,
ALT-006382,True,data_exfiltration,ana_004,2026-07-05
ALT-006383,False,,,
ALT-006384,False,,,
ALT-006385,False,,,
ALT-006386,False,,,
ALT-006387,False,,,
ALT-006388,False,,,
ALT-006389,False,,,
ALT-006390,False,,,
ALT-006391,False,,,
ALT-006392,True,brute_force_intrusion,ana_004,2026-07-04
ALT-006393,False,,,
ALT-006394,False,,,
ALT-006395,False,,,
ALT-006396,True,dns_tunnelling,ana_004,2026-07-01
ALT-006397,False,,,
ALT-006398,True,brute_force_intrusion,ana_004,2026-07-02
ALT-006399,False,,,
ALT-006400,True,unauthorised_access,ana_004,2026-07-04
ALT-006401,False,,,
ALT-006402,True,brute_force_intrusion,ana_004,2026-07-06
ALT-006403,False,,,
ALT-006404,False,,,
ALT-006405,False,,,
ALT-006406,True,lateral_movement,ana_004,2026-07-06
ALT-006407,False,,,
ALT-006408,False,,,
ALT-006409,False,,,
ALT-006410,False,,,
ALT-006411,False,,,
ALT-006412,False,,,
ALT-006413,True,policy_violation_confirmed,ana_004,2026-07-02
ALT-006414,False,,,
ALT-006415,False,,,
ALT-006416,False,,,
ALT-006417,False,,,
ALT-006418,False,,,
ALT-006419,False,,,
ALT-006420,True,brute_force_intrusion,ana_004,2026-07-05
ALT-006421,False,,,
ALT-006422,False,,,
ALT-006423,False,,,
ALT-006424,False,,,
ALT-006425,True,lateral_movement,ana_004,2026-07-06
ALT-006426,False,,,
ALT-006427,False,,,
ALT-006428,False,,,
ALT-006429,True,unauthorised_access,ana_004,2026-07-03
ALT-006430,False,,,
ALT-006431,True,unauthorised_access,ana_004,2026-07-01
ALT-006432,False,,,
ALT-006433,False,,,
ALT-006434,True,data_exfiltration,ana_004,2026-07-01
ALT-006435,False,,,
ALT-006436,False,,,
ALT-006437,False,,,
ALT-006438,False,,,
ALT-006439,True,lateral_movement,ana_004,2026-07-05
ALT-006440,False,,,
ALT-006441,False,,,
ALT-006442,False,,,
ALT-006443,False,,,
ALT-006444,False,,,
ALT-006445,False,,,
ALT-006446,False,,,
ALT-006447,False,,,
ALT-006448,False,,,
ALT-006449,False,,,
ALT-006450,False,,,
ALT-006451,True,policy_violation_confirmed,ana_004,2026-07-02
ALT-006452,False,,,
ALT-006453,False,,,
ALT-006454,False,,,
ALT-006455,True,policy_violation_confirmed,ana_004,2026-07-04
ALT-006456,False,,,
ALT-006457,False,,,
ALT-006458,False,,,
ALT-006459,False,,,
ALT-006460,True,data_exfiltration,ana_004,2026-07-06
ALT-006461,False,,,
ALT-006462,True,brute_force_intrusion,ana_004,2026-07-01
ALT-006463,False,,,
ALT-006464,False,,,
ALT-006465,False,,,
ALT-006466,False,,,
ALT-006467,False,,,
ALT-006468,False,,,
ALT-006469,False,,,
ALT-006470,False,,,
ALT-006471,False,,,
ALT-006472,False,,,
ALT-006473,False,,,
ALT-006474,True,malware_infection,ana_004,2026-07-03
ALT-006475,False,,,
ALT-006476,False,,,
ALT-006477,True,malware_infection,ana_004,2026-07-06
ALT-006478,False,,,
ALT-006479,False,,,
ALT-006480,False,,,
ALT-006481,True,policy_violation_confirmed,ana_004,2026-07-01
ALT-006482,False,,,
ALT-006483,False,,,
ALT-006484,False,,,
ALT-006485,False,,,
ALT-006486,False,,,
ALT-006487,False,,,
ALT-006488,False,,,
ALT-006489,False,,,
ALT-006490,False,,,
ALT-006491,False,,,
ALT-006492,True,malware_infection,ana_004,2026-07-02
ALT-006493,False,,,
ALT-006494,False,,,
ALT-006495,False,,,
ALT-006496,True,lateral_movement,ana_004,2026-07-03
ALT-006497,False,,,
ALT-006498,False,,,
ALT-006499,False,,,
ALT-006500,True,policy_violation_confirmed,ana_004,2026-07-06
ALT-006501,False,,,
ALT-006502,False,,,
ALT-006503,False,,,
ALT-006504,False,,,
ALT-006505,False,,,
ALT-006506,False,,,
ALT-006507,False,,,
ALT-006508,False,,,
ALT-006509,True,malware_infection,ana_004,2026-07-05
ALT-006510,False,,,
ALT-006511,False,,,
ALT-006512,False,,,
ALT-006513,True,data_exfiltration,ana_004,2026-07-06
ALT-006514,False,,,
ALT-006515,False,,,
ALT-006516,False,,,
ALT-006517,False,,,
ALT-006518,False,,,
ALT-006519,False,,,
ALT-006520,False,,,
ALT-006521,False,,,
ALT-006522,True,dns_tunnelling,ana_004,2026-07-04
ALT-006523,True,brute_force_intrusion,ana_004,2026-07-05
ALT-006524,False,,,
ALT-006525,False,,,
ALT-006526,False,,,
ALT-006527,False,,,
ALT-006528,False,,,
ALT-006529,False,,,
ALT-006530,True,lateral_movement,ana_004,2026-07-02
ALT-006531,False,,,
ALT-006532,True,unauthorised_access,ana_004,2026-07-05
ALT-006533,True,data_exfiltration,ana_004,2026-07-03
ALT-006534,False,,,
ALT-006535,True,policy_violation_confirmed,ana_004,2026-07-04
ALT-006536,True,malware_infection,ana_004,2026-07-06
ALT-006537,False,,,
ALT-006538,True,lateral_movement,ana_004,2026-07-01
ALT-006539,False,,,
ALT-006540,True,data_exfiltration,ana_004,2026-07-06
ALT-006541,True,data_exfiltration,ana_004,2026-07-04
ALT-006542,False,,,
ALT-006543,True,lateral_movement,ana_004,2026-07-03
ALT-006544,False,,,
ALT-006545,False,,,
ALT-006546,False,,,
ALT-006547,False,,,
ALT-006548,False,,,
ALT-006549,True,unauthorised_access,ana_004,2026-07-05
ALT-006550,False,,,
ALT-006551,False,,,
ALT-006552,False,,,
ALT-006553,False,,,
ALT-006554,True,malware_infection,ana_004,2026-07-05
ALT-006555,False,,,
ALT-006556,False,,,
ALT-006557,True,dns_tunnelling,ana_004,2026-07-01
ALT-006558,True,policy_violation_confirmed,ana_004,2026-07-05
ALT-006559,False,,,
ALT-006560,False,,,
ALT-006561,False,,,
ALT-006562,True,malware_infection,ana_004,2026-07-02
ALT-006563,False,,,
ALT-006564,True,unauthorised_access,ana_004,2026-07-06
ALT-006565,True,data_exfiltration,ana_004,2026-07-01
ALT-006566,False,,,
ALT-006567,False,,,
ALT-006568,False,,,
ALT-006569,False,,,
ALT-006570,False,,,
ALT-006571,True,lateral_movement,ana_004,2026-07-01
ALT-006572,False,,,
ALT-006573,False,,,
ALT-006574,False,,,
ALT-006575,True,policy_violation_confirmed,ana_004,2026-07-06
ALT-006576,False,,,
ALT-006577,False,,,
ALT-006578,False,,,
ALT-006579,False,,,
ALT-006580,True,brute_force_intrusion,ana_004,2026-07-04
ALT-006581,False,,,
ALT-006582,True,unauthorised_access,ana_004,2026-07-03
ALT-006583,False,,,
ALT-006584,False,,,
ALT-006585,False,,,
ALT-006586,True,unauthorised_access,ana_004,2026-07-02
ALT-006587,True,policy_violation_confirmed,ana_004,2026-07-05
ALT-006588,False,,,
ALT-006589,False,,,
ALT-006590,False,,,
ALT-006591,False,,,
ALT-006592,True,brute_force_intrusion,ana_004,2026-07-01
ALT-006593,False,,,
ALT-006594,False,,,
ALT-006595,False,,,
ALT-006596,False,,,
ALT-006597,False,,,
ALT-006598,True,brute_force_intrusion,ana_004,2026-07-02
ALT-006599,False,,,
ALT-006600,False,,,
ALT-006601,False,,,
ALT-006602,False,,,
ALT-006603,False,,,
ALT-006604,False,,,
ALT-006605,True,policy_violation_confirmed,ana_004,2026-07-02
ALT-006606,False,,,
ALT-006607,False,,,
ALT-006608,True,unauthorised_access,ana_004,2026-07-05
ALT-006609,False,,,
ALT-006610,False,,,
ALT-006611,False,,,
ALT-006612,False,,,
ALT-006613,False,,,
ALT-006614,False,,,
ALT-006615,False,,,
ALT-006616,False,,,
ALT-006617,False,,,
ALT-006618,True,lateral_movement,ana_004,2026-07-04
ALT-006619,False,,,
ALT-006620,False,,,
ALT-006621,False,,,
ALT-006622,False,,,
ALT-006623,False,,,
ALT-006624,False,,,
ALT-006625,False,,,
ALT-006626,True,malware_infection,ana_004,2026-07-05
ALT-006627,True,policy_violation_confirmed,ana_004,2026-07-01
ALT-006628,False,,,
ALT-006629,False,,,
ALT-006630,False,,,
ALT-006631,True,unauthorised_access,ana_004,2026-07-02
ALT-006632,False,,,
ALT-006633,False,,,
ALT-006634,False,,,
ALT-006635,False,,,
ALT-006636,False,,,
ALT-006637,False,,,
ALT-006638,False,,,
ALT-006639,False,,,
ALT-006640,False,,,
ALT-006641,True,unauthorised_access,ana_004,2026-07-05
ALT-006642,False,,,
ALT-006643,False,,,
ALT-006644,False,,,
ALT-006645,False,,,
ALT-006646,True,brute_force_intrusion,ana_004,2026-07-04
ALT-006647,False,,,
ALT-006648,False,,,
ALT-006649,False,,,
ALT-006650,False,,,
ALT-006651,False,,,
ALT-006652,False,,,
ALT-006653,False,,,
ALT-006654,False,,,
ALT-006655,False,,,
ALT-006656,False,,,
ALT-006657,False,,,
ALT-006658,False,,,
ALT-006659,False,,,
ALT-006660,False,,,
ALT-006661,False,,,
ALT-006662,False,,,
ALT-006663,False,,,
ALT-006664,False,,,
ALT-006665,False,,,
ALT-006666,True,lateral_movement,ana_004,2026-07-02
ALT-006667,False,,,
ALT-006668,False,,,
ALT-006669,False,,,
ALT-006670,False,,,
ALT-006671,False,,,
ALT-006672,False,,,
ALT-006673,False,,,
ALT-006674,False,,,
ALT-006675,True,policy_violation_confirmed,ana_004,2026-07-03
ALT-006676,False,,,
ALT-006677,False,,,
ALT-006678,False,,,
ALT-006679,False,,,
ALT-006680,False,,,
ALT-006681,False,,,
ALT-006682,False,,,
ALT-006683,False,,,
ALT-006684,False,,,
ALT-006685,True,unauthorised_access,ana_004,2026-07-02
ALT-006686,True,lateral_movement,ana_004,2026-07-01
ALT-006687,False,,,
ALT-006688,False,,,
ALT-006689,False,,,
ALT-006690,False,,,
ALT-006691,False,,,
ALT-006692,False,,,
ALT-006693,False,,,
ALT-006694,False,,,
ALT-006695,True,malware_infection,ana_004,2026-07-04
ALT-006696,True,lateral_movement,ana_004,2026-07-05
ALT-006697,True,unauthorised_access,ana_004,2026-07-06
ALT-006698,True,brute_force_intrusion,ana_004,2026-07-03
ALT-006699,False,,,
ALT-006700,False,,,
ALT-006701,True,brute_force_intrusion,ana_004,2026-07-04
ALT-006702,False,,,
ALT-006703,False,,,
ALT-006704,True,malware_infection,ana_004,2026-07-01
ALT-006705,False,,,
ALT-006706,False,,,
ALT-006707,False,,,
ALT-006708,False,,,
ALT-006709,False,,,
ALT-006710,False,,,
ALT-006711,False,,,
ALT-006712,False,,,
ALT-006713,False,,,
ALT-006714,False,,,
ALT-006715,False,,,
ALT-006716,False,,,
ALT-006717,True,unauthorised_access,ana_004,2026-07-02
ALT-006718,True,malware_infection,ana_004,2026-07-03
ALT-006719,False,,,
ALT-006720,False,,,
ALT-006721,False,,,
ALT-006722,True,lateral_movement,ana_004,2026-07-04
ALT-006723,False,,,
ALT-006724,False,,,
ALT-006725,False,,,
ALT-006726,False,,,
ALT-006727,False,,,
ALT-006728,False,,,
ALT-006729,False,,,
ALT-006730,False,,,
ALT-006731,False,,,
ALT-006732,False,,,
ALT-006733,True,brute_force_intrusion,ana_004,2026-07-03
ALT-006734,True,data_exfiltration,ana_004,2026-07-04
ALT-006735,False,,,
ALT-006736,True,brute_force_intrusion,ana_004,2026-07-02
ALT-006737,True,malware_infection,ana_004,2026-07-04
ALT-006738,True,data_exfiltration,ana_004,2026-07-06
ALT-006739,False,,,
ALT-006740,False,,,
ALT-006741,False,,,
ALT-006742,False,,,
ALT-006743,False,,,
ALT-006744,True,malware_infection,ana_004,2026-07-02
ALT-006745,False,,,
ALT-006746,True,unauthorised_access,ana_004,2026-07-02
ALT-006747,False,,,
ALT-006748,False,,,
ALT-006749,False,,,
ALT-006750,False,,,
ALT-006751,True,lateral_movement,ana_004,2026-07-03
ALT-006752,False,,,
ALT-006753,True,malware_infection,ana_004,2026-07-04
ALT-006754,False,,,
ALT-006755,True,policy_violation_confirmed,ana_004,2026-07-02
ALT-006756,True,data_exfiltration,ana_004,2026-07-02
ALT-006757,False,,,
ALT-006758,False,,,
ALT-006759,True,policy_violation_confirmed,ana_004,2026-07-05
ALT-006760,False,,,
ALT-006761,False,,,
ALT-006762,False,,,
ALT-006763,True,brute_force_intrusion,ana_004,2026-07-01
ALT-006764,False,,,
ALT-006765,False,,,
ALT-006766,False,,,
ALT-006767,True,lateral_movement,ana_004,2026-07-02
ALT-006768,False,,,
ALT-006769,True,policy_violation_confirmed,ana_004,2026-07-06
ALT-006770,False,,,
ALT-006771,False,,,
ALT-006772,False,,,
ALT-006773,False,,,
ALT-006774,False,,,
ALT-006775,False,,,
ALT-006776,False,,,
ALT-006777,False,,,
ALT-006778,True,malware_infection,ana_004,2026-07-02
ALT-006779,False,,,
ALT-006780,False,,,
ALT-006781,False,,,
ALT-006782,False,,,
ALT-006783,False,,,
ALT-006784,True,unauthorised_access,ana_004,2026-07-06
ALT-006785,False,,,
ALT-006786,True,unauthorised_access,ana_004,2026-07-02
ALT-006787,False,,,
ALT-006788,False,,,
ALT-006789,False,,,
ALT-006790,False,,,
ALT-006791,False,,,
ALT-006792,False,,,
ALT-006793,False,,,
ALT-006794,True,data_exfiltration,ana_004,2026-07-04
ALT-006795,False,,,
ALT-006796,False,,,
ALT-006797,False,,,
ALT-006798,False,,,
ALT-006799,False,,,
ALT-006800,False,,,
ALT-006801,False,,,
ALT-006802,False,,,
ALT-006803,True,lateral_movement,ana_004,2026-07-03
ALT-006804,True,policy_violation_confirmed,ana_004,2026-07-02
ALT-006805,False,,,
ALT-006806,False,,,
ALT-006807,False,,,
ALT-006808,False,,,
ALT-006809,False,,,
ALT-006810,True,brute_force_intrusion,ana_004,2026-07-02
ALT-006811,True,unauthorised_access,ana_004,2026-07-06
ALT-006812,True,data_exfiltration,ana_004,2026-07-04
ALT-006813,True,dns_tunnelling,ana_004,2026-07-03
ALT-006814,False,,,
ALT-006815,False,,,
ALT-006816,False,,,
ALT-006817,True,policy_violation_confirmed,ana_004,2026-07-05
ALT-006818,True,lateral_movement,ana_004,2026-07-02
ALT-006819,True,policy_violation_confirmed,ana_004,2026-07-04
ALT-006820,False,,,
ALT-006821,False,,,
ALT-006822,False,,,
ALT-006823,False,,,
ALT-006824,False,,,
ALT-006825,False,,,
ALT-006826,False,,,
ALT-006827,False,,,
ALT-006828,True,lateral_movement,ana_004,2026-07-03
ALT-006829,True,malware_infection,ana_004,2026-07-03
ALT-006830,False,,,
ALT-006831,True,lateral_movement,ana_004,2026-07-06
ALT-006832,False,,,
ALT-006833,False,,,
ALT-006834,True,malware_infection,ana_004,2026-07-03
ALT-006835,True,data_exfiltration,ana_004,2026-07-04
ALT-006836,False,,,
ALT-006837,False,,,
ALT-006838,True,data_exfiltration,ana_004,2026-07-06
ALT-006839,False,,,
ALT-006840,True,dns_tunnelling,ana_004,2026-07-03
ALT-006841,False,,,
ALT-006842,False,,,
ALT-006843,False,,,
ALT-006844,False,,,
ALT-006845,True,lateral_movement,ana_004,2026-07-04
ALT-006846,False,,,
ALT-006847,False,,,
ALT-006848,False,,,
ALT-006849,False,,,
ALT-006850,False,,,
ALT-006851,False,,,
ALT-006852,False,,,
ALT-006853,False,,,
ALT-006854,False,,,
ALT-006855,False,,,
ALT-006856,False,,,
ALT-006857,False,,,
ALT-006858,False,,,
ALT-006859,False,,,
ALT-006860,True,policy_violation_confirmed,ana_004,2026-07-02
ALT-006861,False,,,
ALT-006862,True,data_exfiltration,ana_004,2026-07-02
ALT-006863,True,dns_tunnelling,ana_004,2026-07-05
ALT-006864,True,brute_force_intrusion,ana_004,2026-07-02
ALT-006865,False,,,
ALT-006866,False,,,
ALT-006867,False,,,
ALT-006868,False,,,
ALT-006869,False,,,
ALT-006870,False,,,
ALT-006871,False,,,
ALT-006872,False,,,
ALT-006873,False,,,
ALT-006874,False,,,
ALT-006875,False,,,
ALT-006876,False,,,
ALT-006877,False,,,
ALT-006878,False,,,
ALT-006879,False,,,
ALT-006880,False,,,
ALT-006881,False,,,
ALT-006882,False,,,
ALT-006883,True,policy_violation_confirmed,ana_004,2026-07-05
ALT-006884,False,,,
ALT-006885,False,,,
ALT-006886,False,,,
ALT-006887,False,,,
ALT-006888,True,dns_tunnelling,ana_004,2026-07-04
ALT-006889,False,,,
ALT-006890,False,,,
ALT-006891,False,,,
ALT-006892,False,,,
ALT-006893,False,,,
ALT-006894,False,,,
ALT-006895,False,,,
ALT-006896,False,,,
ALT-006897,False,,,
ALT-006898,True,brute_force_intrusion,ana_004,2026-07-06
ALT-006899,False,,,
ALT-006900,False,,,
ALT-006901,False,,,
ALT-006902,True,unauthorised_access,ana_004,2026-07-06
ALT-006903,True,data_exfiltration,ana_004,2026-07-02
ALT-006904,False,,,
ALT-006905,False,,,
ALT-006906,False,,,
ALT-006907,False,,,
ALT-006908,True,dns_tunnelling,ana_004,2026-07-01
ALT-006909,False,,,
ALT-006910,False,,,
ALT-006911,False,,,
ALT-006912,False,,,
ALT-006913,False,,,
ALT-006914,False,,,
ALT-006915,True,dns_tunnelling,ana_004,2026-07-05
ALT-006916,True,data_exfiltration,ana_004,2026-07-04
ALT-006917,False,,,
ALT-006918,False,,,
ALT-006919,False,,,
ALT-006920,True,data_exfiltration,ana_004,2026-07-05
ALT-006921,False,,,
ALT-006922,False,,,
ALT-006923,False,,,
ALT-006924,True,lateral_movement,ana_004,2026-07-01
ALT-006925,True,brute_force_intrusion,ana_004,2026-07-01
ALT-006926,False,,,
ALT-006927,False,,,
ALT-006928,False,,,
ALT-006929,False,,,
ALT-006930,False,,,
ALT-006931,False,,,
ALT-006932,False,,,
ALT-006933,False,,,
ALT-006934,False,,,
ALT-006935,True,malware_infection,ana_004,2026-07-05
ALT-006936,True,policy_violation_confirmed,ana_004,2026-07-05
ALT-006937,False,,,
ALT-006938,False,,,
ALT-006939,False,,,
ALT-006940,False,,,
ALT-006941,False,,,
ALT-006942,False,,,
ALT-006943,False,,,
ALT-006944,False,,,
ALT-006945,False,,,
ALT-006946,False,,,
ALT-006947,False,,,
ALT-006948,False,,,
ALT-006949,False,,,
ALT-006950,False,,,
ALT-006951,False,,,
ALT-006952,False,,,
ALT-006953,True,malware_infection,ana_004,2026-07-01
ALT-006954,False,,,
ALT-006955,False,,,
ALT-006956,False,,,
ALT-006957,True,lateral_movement,ana_004,2026-07-06
ALT-006958,False,,,
ALT-006959,False,,,
ALT-006960,False,,,
ALT-006961,True,brute_force_intrusion,ana_004,2026-07-06
ALT-006962,False,,,
ALT-006963,False,,,
ALT-006964,False,,,
ALT-006965,False,,,
ALT-006966,False,,,
ALT-006967,True,malware_infection,ana_004,2026-07-02
ALT-006968,False,,,
ALT-006969,False,,,
ALT-006970,False,,,
ALT-006971,False,,,
ALT-006972,False,,,
ALT-006973,False,,,
ALT-006974,False,,,
ALT-006975,False,,,
ALT-006976,False,,,
ALT-006977,False,,,
ALT-006978,False,,,
ALT-006979,False,,,
ALT-006980,False,,,
ALT-006981,False,,,
ALT-006982,False,,,
ALT-006983,True,lateral_movement,ana_004,2026-07-04
ALT-006984,True,lateral_movement,ana_004,2026-07-06
ALT-006985,False,,,
ALT-006986,True,lateral_movement,ana_004,2026-07-04
ALT-006987,False,,,
ALT-006988,False,,,
ALT-006989,False,,,
ALT-006990,False,,,
ALT-006991,True,dns_tunnelling,ana_004,2026-07-04
ALT-006992,False,,,
ALT-006993,False,,,
ALT-006994,False,,,
ALT-006995,False,,,
ALT-006996,False,,,
ALT-006997,False,,,
ALT-006998,True,malware_infection,ana_004,2026-07-01
ALT-006999,True,data_exfiltration,ana_004,2026-07-03
ALT-007000,False,,,
ALT-007001,True,unauthorised_access,ana_004,2026-07-05
ALT-007002,False,,,
ALT-007003,True,lateral_movement,ana_004,2026-07-03
ALT-007004,False,,,
ALT-007005,False,,,
ALT-007006,False,,,
ALT-007007,False,,,
ALT-007008,False,,,
ALT-007009,False,,,
ALT-007010,False,,,
ALT-007011,False,,,
ALT-007012,False,,,
ALT-007013,False,,,
ALT-007014,False,,,
ALT-007015,True,policy_violation_confirmed,ana_004,2026-07-03
ALT-007016,False,,,
ALT-007017,False,,,
ALT-007018,False,,,
ALT-007019,False,,,
ALT-007020,True,lateral_movement,ana_004,2026-07-02
ALT-007021,False,,,
ALT-007022,False,,,
ALT-007023,True,brute_force_intrusion,ana_004,2026-07-06
ALT-007024,False,,,
ALT-007025,False,,,
ALT-007026,False,,,
ALT-007027,True,lateral_movement,ana_004,2026-07-01
ALT-007028,False,,,
ALT-007029,False,,,
ALT-007030,False,,,
ALT-007031,False,,,
ALT-007032,False,,,
ALT-007033,False,,,
ALT-007034,False,,,
ALT-007035,False,,,
ALT-007036,False,,,
ALT-007037,False,,,
ALT-007038,True,malware_infection,ana_004,2026-07-03
ALT-007039,False,,,
ALT-007040,True,dns_tunnelling,ana_004,2026-07-03
ALT-007041,False,,,
ALT-007042,False,,,
ALT-007043,False,,,
ALT-007044,True,malware_infection,ana_004,2026-07-02
ALT-007045,False,,,
ALT-007046,False,,,
ALT-007047,False,,,
ALT-007048,False,,,
ALT-007049,False,,,
ALT-007050,False,,,
ALT-007051,False,,,
ALT-007052,True,data_exfiltration,ana_004,2026-07-06
ALT-007053,True,policy_violation_confirmed,ana_004,2026-07-06
ALT-007054,False,,,
ALT-007055,False,,,
ALT-007056,False,,,
ALT-007057,False,,,
ALT-007058,False,,,
ALT-007059,True,malware_infection,ana_004,2026-07-01
ALT-007060,False,,,
ALT-007061,False,,,
ALT-007062,False,,,
ALT-007063,False,,,
ALT-007064,False,,,
ALT-007065,False,,,
ALT-007066,False,,,
ALT-007067,False,,,
ALT-007068,False,,,
ALT-007069,False,,,
ALT-007070,True,malware_infection,ana_004,2026-07-02
ALT-007071,False,,,
ALT-007072,False,,,
ALT-007073,False,,,
ALT-007074,False,,,
ALT-007075,True,brute_force_intrusion,ana_004,2026-07-04
ALT-007076,False,,,
ALT-007077,True,brute_force_intrusion,ana_004,2026-07-04
ALT-007078,False,,,
ALT-007079,False,,,
ALT-007080,False,,,
ALT-007081,False,,,
ALT-007082,False,,,
ALT-007083,False,,,
ALT-007084,True,unauthorised_access,ana_004,2026-07-01
ALT-007085,False,,,
ALT-007086,False,,,
ALT-007087,True,dns_tunnelling,ana_004,2026-07-02
ALT-007088,False,,,
ALT-007089,False,,,
ALT-007090,False,,,
ALT-007091,False,,,
ALT-007092,False,,,
ALT-007093,False,,,
ALT-007094,False,,,
ALT-007095,False,,,
ALT-007096,False,,,
ALT-007097,False,,,
ALT-007098,True,brute_force_intrusion,ana_004,2026-07-02
ALT-007099,True,lateral_movement,ana_004,2026-07-01
ALT-007100,False,,,
ALT-007101,True,unauthorised_access,ana_004,2026-07-02
ALT-007102,False,,,
ALT-007103,False,,,
ALT-007104,True,lateral_movement,ana_004,2026-07-04
ALT-007105,False,,,
ALT-007106,False,,,
ALT-007107,False,,,
ALT-007108,False,,,
ALT-007109,False,,,
ALT-007110,False,,,
ALT-007111,False,,,
ALT-007112,False,,,
ALT-007113,False,,,
ALT-007114,True,data_exfiltration,ana_004,2026-07-01
ALT-007115,False,,,
ALT-007116,True,malware_infection,ana_004,2026-07-01
ALT-007117,False,,,
ALT-007118,False,,,
ALT-007119,True,data_exfiltration,ana_004,2026-07-05
ALT-007120,True,policy_violation_confirmed,ana_004,2026-07-05
ALT-007121,False,,,
ALT-007122,False,,,
ALT-007123,True,data_exfiltration,ana_004,2026-07-04
ALT-007124,False,,,
ALT-007125,True,brute_force_intrusion,ana_004,2026-07-01
ALT-007126,False,,,
ALT-007127,False,,,
ALT-007128,True,unauthorised_access,ana_004,2026-07-03
ALT-007129,False,,,
ALT-007130,False,,,
ALT-007131,False,,,
ALT-007132,True,policy_violation_confirmed,ana_004,2026-07-04
ALT-007133,False,,,
ALT-007134,True,policy_violation_confirmed,ana_004,2026-07-01
ALT-007135,False,,,
ALT-007136,False,,,
ALT-007137,False,,,
ALT-007138,False,,,
ALT-007139,False,,,
ALT-007140,True,brute_force_intrusion,ana_004,2026-07-03
ALT-007141,False,,,
ALT-007142,True,policy_violation_confirmed,ana_004,2026-07-03
ALT-007143,False,,,
ALT-007144,False,,,
ALT-007145,False,,,
ALT-007146,True,data_exfiltration,ana_004,2026-07-05
ALT-007147,True,unauthorised_access,ana_004,2026-07-01
ALT-007148,True,unauthorised_access,ana_004,2026-07-02
ALT-007149,False,,,
ALT-007150,False,,,
ALT-007151,True,unauthorised_access,ana_004,2026-07-06
ALT-007152,True,data_exfiltration,ana_004,2026-07-03
ALT-007153,False,,,
ALT-007154,False,,,
ALT-007155,False,,,
ALT-007156,False,,,
ALT-007157,False,,,
ALT-007158,True,malware_infection,ana_004,2026-07-06
ALT-007159,True,malware_infection,ana_004,2026-07-05
ALT-007160,False,,,
ALT-007161,False,,,
ALT-007162,False,,,
ALT-007163,False,,,
ALT-007164,False,,,
ALT-007165,False,,,
ALT-007166,True,dns_tunnelling,ana_004,2026-07-06
ALT-007167,False,,,
ALT-007168,False,,,
ALT-007169,True,unauthorised_access,ana_004,2026-07-05
ALT-007170,False,,,
ALT-007171,False,,,
ALT-007172,False,,,
ALT-007173,False,,,
ALT-007174,True,lateral_movement,ana_004,2026-07-06
ALT-007175,False,,,
ALT-007176,True,lateral_movement,ana_004,2026-07-03
ALT-007177,True,malware_infection,ana_004,2026-07-01
ALT-007178,False,,,
ALT-007179,True,malware_infection,ana_004,2026-07-06
ALT-007180,False,,,
ALT-007181,False,,,
ALT-007182,False,,,
ALT-007183,False,,,
ALT-007184,False,,,
ALT-007185,True,policy_violation_confirmed,ana_004,2026-07-01
ALT-007186,False,,,
ALT-007187,False,,,
ALT-007188,True,lateral_movement,ana_004,2026-07-03
ALT-007189,False,,,
ALT-007190,False,,,
ALT-007191,False,,,
ALT-007192,False,,,
ALT-007193,True,dns_tunnelling,ana_004,2026-07-02
ALT-007194,True,policy_violation_confirmed,ana_004,2026-07-04
ALT-007195,True,policy_violation_confirmed,ana_004,2026-07-06
ALT-007196,True,dns_tunnelling,ana_004,2026-07-05
ALT-007197,False,,,
ALT-007198,True,data_exfiltration,ana_004,2026-07-03
ALT-007199,False,,,
ALT-007200,False,,,
ALT-007201,True,lateral_movement,ana_004,2026-07-04
ALT-007202,False,,,
ALT-007203,False,,,
ALT-007204,True,data_exfiltration,ana_004,2026-07-05
ALT-007205,False,,,
ALT-007206,False,,,
ALT-007207,True,unauthorised_access,ana_004,2026-07-05
ALT-007208,False,,,
ALT-007209,True,brute_force_intrusion,ana_004,2026-07-04
ALT-007210,False,,,
ALT-007211,False,,,
ALT-007212,False,,,
ALT-007213,False,,,
ALT-007214,False,,,
ALT-007215,False,,,
ALT-007216,True,malware_infection,ana_004,2026-07-02
ALT-007217,False,,,
ALT-007218,False,,,
ALT-007219,False,,,
ALT-007220,False,,,
ALT-007221,True,dns_tunnelling,ana_004,2026-07-04
ALT-007222,False,,,
ALT-007223,False,,,
ALT-007224,False,,,
ALT-007225,False,,,
ALT-007226,False,,,
ALT-007227,True,unauthorised_access,ana_004,2026-07-06
ALT-007228,False,,,
ALT-007229,False,,,
ALT-007230,False,,,
ALT-007231,False,,,
ALT-007232,True,policy_violation_confirmed,ana_004,2026-07-01
ALT-007233,True,unauthorised_access,ana_004,2026-07-05
ALT-007234,False,,,
ALT-007235,False,,,
ALT-007236,False,,,
ALT-007237,False,,,
ALT-007238,True,dns_tunnelling,ana_004,2026-07-06
ALT-007239,False,,,
ALT-007240,False,,,
ALT-007241,True,data_exfiltration,ana_004,2026-07-05
ALT-007242,False,,,
ALT-007243,False,,,
ALT-007244,False,,,
ALT-007245,True,dns_tunnelling,ana_004,2026-07-06
ALT-007246,False,,,
ALT-007247,False,,,
ALT-007248,False,,,
ALT-007249,False,,,
ALT-007250,False,,,
ALT-007251,False,,,
ALT-007252,False,,,
ALT-007253,False,,,
ALT-007254,True,lateral_movement,ana_004,2026-07-02
ALT-007255,False,,,
ALT-007256,False,,,
ALT-007257,False,,,
ALT-007258,False,,,
ALT-007259,False,,,
ALT-007260,False,,,
ALT-007261,False,,,
ALT-007262,False,,,
ALT-007263,True,policy_violation_confirmed,ana_004,2026-07-01
ALT-007264,True,policy_violation_confirmed,ana_004,2026-07-05
ALT-007265,False,,,
ALT-007266,False,,,
ALT-007267,False,,,
ALT-007268,False,,,
ALT-007269,False,,,
ALT-007270,True,policy_violation_confirmed,ana_004,2026-07-03
ALT-007271,True,malware_infection,ana_004,2026-07-02
ALT-007272,False,,,
ALT-007273,True,brute_force_intrusion,ana_004,2026-07-03
ALT-007274,False,,,
ALT-007275,False,,,
ALT-007276,False,,,
ALT-007277,False,,,
ALT-007278,False,,,
ALT-007279,False,,,
ALT-007280,False,,,
ALT-007281,True,policy_violation_confirmed,ana_004,2026-07-04
ALT-007282,False,,,
ALT-007283,False,,,
ALT-007284,True,policy_violation_confirmed,ana_004,2026-07-04
ALT-007285,True,brute_force_intrusion,ana_004,2026-07-04
ALT-007286,False,,,
ALT-007287,False,,,
ALT-007288,False,,,
ALT-007289,False,,,
ALT-007290,False,,,
ALT-007291,False,,,
ALT-007292,False,,,
ALT-007293,False,,,
ALT-007294,True,dns_tunnelling,ana_004,2026-07-04
ALT-007295,False,,,
ALT-007296,True,brute_force_intrusion,ana_004,2026-07-01
ALT-007297,False,,,
ALT-007298,False,,,
ALT-007299,False,,,
ALT-007300,False,,,
ALT-007301,False,,,
ALT-007302,False,,,
ALT-007303,False,,,
ALT-007304,False,,,
ALT-007305,False,,,
ALT-007306,True,data_exfiltration,ana_004,2026-07-06
ALT-007307,False,,,
ALT-007308,False,,,
ALT-007309,True,dns_tunnelling,ana_004,2026-07-04
ALT-007310,False,,,
ALT-007311,False,,,
ALT-007312,False,,,
ALT-007313,True,lateral_movement,ana_004,2026-07-02
ALT-007314,False,,,
ALT-007315,True,data_exfiltration,ana_004,2026-07-01
ALT-007316,False,,,
ALT-007317,False,,,
ALT-007318,False,,,
ALT-007319,False,,,
ALT-007320,False,,,
ALT-007321,False,,,
ALT-007322,False,,,
ALT-007323,False,,,
ALT-007324,False,,,
ALT-007325,True,data_exfiltration,ana_004,2026-07-04
ALT-007326,False,,,
ALT-007327,False,,,
ALT-007328,True,data_exfiltration,ana_004,2026-07-05
ALT-007329,True,dns_tunnelling,ana_004,2026-07-05
ALT-007330,True,lateral_movement,ana_004,2026-07-06
ALT-007331,False,,,
ALT-007332,False,,,
ALT-007333,True,dns_tunnelling,ana_004,2026-07-02
ALT-007334,False,,,
ALT-007335,False,,,
ALT-007336,False,,,
ALT-007337,False,,,
ALT-007338,False,,,
ALT-007339,False,,,
ALT-007340,False,,,
ALT-007341,False,,,
ALT-007342,False,,,
ALT-007343,False,,,
ALT-007344,False,,,
ALT-007345,False,,,
ALT-007346,False,,,
ALT-007347,False,,,
ALT-007348,False,,,
ALT-007349,False,,,
ALT-007350,True,unauthorised_access,ana_004,2026-07-05
ALT-007351,False,,,
ALT-007352,False,,,
ALT-007353,False,,,
ALT-007354,False,,,
ALT-007355,False,,,
ALT-007356,False,,,
ALT-007357,True,data_exfiltration,ana_004,2026-07-01
ALT-007358,False,,,
ALT-007359,False,,,
ALT-007360,False,,,
ALT-007361,False,,,
ALT-007362,True,unauthorised_access,ana_004,2026-07-05
ALT-007363,False,,,
ALT-007364,False,,,
ALT-007365,False,,,
ALT-007366,False,,,
ALT-007367,False,,,
ALT-007368,False,,,
ALT-007369,False,,,
ALT-007370,False,,,
ALT-007371,False,,,
ALT-007372,True,unauthorised_access,ana_004,2026-07-04
ALT-007373,True,policy_violation_confirmed,ana_004,2026-07-05
ALT-007374,False,,,
ALT-007375,True,dns_tunnelling,ana_004,2026-07-02
ALT-007376,False,,,
ALT-007377,False,,,
ALT-007378,False,,,
ALT-007379,True,policy_violation_confirmed,ana_004,2026-07-04
ALT-007380,False,,,
ALT-007381,True,data_exfiltration,ana_004,2026-07-02
ALT-007382,False,,,
ALT-007383,False,,,
ALT-007384,False,,,
ALT-007385,True,malware_infection,ana_004,2026-07-04
ALT-007386,True,unauthorised_access,ana_004,2026-07-02
ALT-007387,False,,,
ALT-007388,False,,,
ALT-007389,False,,,
ALT-007390,True,malware_infection,ana_004,2026-07-04
ALT-007391,False,,,
ALT-007392,False,,,
ALT-007393,False,,,
ALT-007394,False,,,
ALT-007395,False,,,
ALT-007396,False,,,
ALT-007397,True,malware_infection,ana_004,2026-07-04
ALT-007398,False,,,
ALT-007399,False,,,
ALT-007400,False,,,
ALT-007401,False,,,
ALT-007402,False,,,
ALT-007403,False,,,
ALT-007404,True,unauthorised_access,ana_004,2026-07-04
ALT-007405,True,policy_violation_confirmed,ana_004,2026-07-02
ALT-007406,False,,,
ALT-007407,True,brute_force_intrusion,ana_004,2026-07-01
ALT-007408,False,,,
ALT-007409,False,,,
ALT-007410,True,data_exfiltration,ana_004,2026-07-03
ALT-007411,False,,,
ALT-007412,True,brute_force_intrusion,ana_004,2026-07-05
ALT-007413,True,dns_tunnelling,ana_004,2026-07-01
ALT-007414,False,,,
ALT-007415,False,,,
ALT-007416,True,unauthorised_access,ana_004,2026-07-04
ALT-007417,False,,,
ALT-007418,False,,,
ALT-007419,False,,,
ALT-007420,True,unauthorised_access,ana_004,2026-07-01
ALT-007421,True,brute_force_intrusion,ana_004,2026-07-04
ALT-007422,False,,,
ALT-007423,False,,,
ALT-007424,False,,,
ALT-007425,False,,,
ALT-007426,False,,,
ALT-007427,False,,,
ALT-007428,False,,,
ALT-007429,True,unauthorised_access,ana_004,2026-07-05
ALT-007430,False,,,
ALT-007431,False,,,
ALT-007432,True,policy_violation_confirmed,ana_004,2026-07-05
ALT-007433,False,,,
ALT-007434,False,,,
ALT-007435,True,dns_tunnelling,ana_004,2026-07-01
ALT-007436,True,lateral_movement,ana_004,2026-07-05
ALT-007437,False,,,
ALT-007438,False,,,
ALT-007439,False,,,
ALT-007440,True,dns_tunnelling,ana_004,2026-07-03
ALT-007441,True,lateral_movement,ana_004,2026-07-03
ALT-007442,False,,,
ALT-007443,False,,,
ALT-007444,False,,,
ALT-007445,False,,,
ALT-007446,False,,,
ALT-007447,False,,,
ALT-007448,False,,,
ALT-007449,False,,,
ALT-007450,False,,,
ALT-007451,True,lateral_movement,ana_004,2026-07-05
ALT-007452,False,,,
ALT-007453,False,,,
ALT-007454,False,,,
ALT-007455,False,,,
ALT-007456,True,policy_violation_confirmed,ana_004,2026-07-04
ALT-007457,False,,,
ALT-007458,False,,,
ALT-007459,False,,,
ALT-007460,False,,,
ALT-007461,False,,,
ALT-007462,True,unauthorised_access,ana_004,2026-07-02
ALT-007463,False,,,
ALT-007464,False,,,
ALT-007465,False,,,
ALT-007466,False,,,
ALT-007467,False,,,
ALT-007468,False,,,
ALT-007469,False,,,
ALT-007470,False,,,
ALT-007471,True,data_exfiltration,ana_004,2026-07-01
ALT-007472,False,,,
ALT-007473,True,dns_tunnelling,ana_004,2026-07-01
ALT-007474,True,unauthorised_access,ana_004,2026-07-06
ALT-007475,False,,,
ALT-007476,False,,,
ALT-007477,False,,,
ALT-007478,True,brute_force_intrusion,ana_004,2026-07-03
ALT-007479,False,,,
ALT-007480,False,,,
ALT-007481,False,,,
ALT-007482,False,,,
ALT-007483,False,,,
ALT-007484,False,,,
ALT-007485,False,,,
ALT-007486,False,,,
ALT-007487,True,lateral_movement,ana_004,2026-07-05
ALT-007488,False,,,
ALT-007489,False,,,
ALT-007490,False,,,
ALT-007491,True,lateral_movement,ana_004,2026-07-02
ALT-007492,False,,,
ALT-007493,True,malware_infection,ana_004,2026-07-05
ALT-007494,False,,,
ALT-007495,True,dns_tunnelling,ana_004,2026-07-06
ALT-007496,False,,,
ALT-007497,False,,,
ALT-007498,False,,,
ALT-007499,False,,,
ALT-007500,False,,,
ALT-007501,False,,,
ALT-007502,False,,,
ALT-007503,False,,,
ALT-007504,False,,,
ALT-007505,True,malware_infection,ana_004,2026-07-02
ALT-007506,False,,,
ALT-007507,False,,,
ALT-007508,False,,,
ALT-007509,False,,,
ALT-007510,True,unauthorised_access,ana_004,2026-07-05
ALT-007511,True,lateral_movement,ana_004,2026-07-03
ALT-007512,False,,,
ALT-007513,False,,,
ALT-007514,False,,,
ALT-007515,False,,,
ALT-007516,False,,,
ALT-007517,False,,,
ALT-007518,True,brute_force_intrusion,ana_004,2026-07-05
ALT-007519,False,,,
ALT-007520,False,,,
ALT-007521,True,unauthorised_access,ana_004,2026-07-05
ALT-007522,False,,,
ALT-007523,False,,,
ALT-007524,False,,,
ALT-007525,True,lateral_movement,ana_004,2026-07-03
ALT-007526,False,,,
ALT-007527,False,,,
ALT-007528,True,lateral_movement,ana_004,2026-07-05
ALT-007529,False,,,
ALT-007530,False,,,
ALT-007531,True,malware_infection,ana_004,2026-07-04
ALT-007532,False,,,
ALT-007533,False,,,
ALT-007534,True,malware_infection,ana_004,2026-07-05
ALT-007535,False,,,
ALT-007536,False,,,
ALT-007537,False,,,
ALT-007538,True,policy_violation_confirmed,ana_004,2026-07-01
ALT-007539,True,unauthorised_access,ana_004,2026-07-06
ALT-007540,False,,,
ALT-007541,False,,,
ALT-007542,False,,,
ALT-007543,False,,,
ALT-007544,False,,,
ALT-007545,False,,,
ALT-007546,False,,,
ALT-007547,False,,,
ALT-007548,False,,,
ALT-007549,False,,,
ALT-007550,False,,,
ALT-007551,False,,,
ALT-007552,False,,,
ALT-007553,False,,,
ALT-007554,True,lateral_movement,ana_004,2026-07-05
ALT-007555,True,policy_violation_confirmed,ana_004,2026-07-06
ALT-007556,False,,,
ALT-007557,False,,,
ALT-007558,False,,,
ALT-007559,False,,,
ALT-007560,False,,,
ALT-007561,False,,,
ALT-007562,False,,,
ALT-007563,True,brute_force_intrusion,ana_004,2026-07-06
ALT-007564,False,,,
ALT-007565,True,dns_tunnelling,ana_004,2026-07-03
ALT-007566,False,,,
ALT-007567,False,,,
ALT-007568,False,,,
ALT-007569,False,,,
ALT-007570,False,,,
ALT-007571,False,,,
ALT-007572,False,,,
ALT-007573,False,,,
ALT-007574,False,,,
ALT-007575,True,unauthorised_access,ana_004,2026-07-02
ALT-007576,False,,,
ALT-007577,False,,,
ALT-007578,False,,,
ALT-007579,False,,,
ALT-007580,False,,,
ALT-007581,False,,,
ALT-007582,False,,,
ALT-007583,False,,,
ALT-007584,True,policy_violation_confirmed,ana_004,2026-07-06
ALT-007585,False,,,
ALT-007586,True,brute_force_intrusion,ana_004,2026-07-06
ALT-007587,False,,,
ALT-007588,False,,,
ALT-007589,False,,,
ALT-007590,False,,,
ALT-007591,False,,,
ALT-007592,False,,,
ALT-007593,False,,,
ALT-007594,True,policy_violation_confirmed,ana_004,2026-07-05
ALT-007595,False,,,
ALT-007596,False,,,
ALT-007597,False,,,
ALT-007598,False,,,
ALT-007599,True,data_exfiltration,ana_004,2026-07-04
ALT-007600,True,policy_violation_confirmed,ana_004,2026-07-04
ALT-007601,True,unauthorised_access,ana_004,2026-07-04
ALT-007602,False,,,
ALT-007603,False,,,
ALT-007604,False,,,
ALT-007605,True,unauthorised_access,ana_004,2026-07-01
ALT-007606,False,,,
ALT-007607,True,lateral_movement,ana_004,2026-07-03
ALT-007608,False,,,
ALT-007609,False,,,
ALT-007610,False,,,
ALT-007611,False,,,
ALT-007612,False,,,
ALT-007613,False,,,
ALT-007614,False,,,
ALT-007615,False,,,
ALT-007616,False,,,
ALT-007617,True,data_exfiltration,ana_004,2026-07-06
ALT-007618,False,,,
ALT-007619,False,,,
ALT-007620,True,malware_infection,ana_004,2026-07-03
ALT-007621,False,,,
ALT-007622,False,,,
ALT-007623,False,,,
ALT-007624,True,brute_force_intrusion,ana_004,2026-07-04
ALT-007625,False,,,
ALT-007626,True,lateral_movement,ana_004,2026-07-03
ALT-007627,False,,,
ALT-007628,False,,,
ALT-007629,False,,,
ALT-007630,False,,,
ALT-007631,True,brute_force_intrusion,ana_004,2026-07-05
ALT-007632,False,,,
ALT-007633,False,,,
ALT-007634,False,,,
ALT-007635,False,,,
ALT-007636,False,,,
ALT-007637,False,,,
ALT-007638,False,,,
ALT-007639,False,,,
ALT-007640,True,malware_infection,ana_004,2026-07-01
ALT-007641,False,,,
ALT-007642,False,,,
ALT-007643,True,data_exfiltration,ana_004,2026-07-02
ALT-007644,False,,,
ALT-007645,False,,,
ALT-007646,False,,,
ALT-007647,False,,,
ALT-007648,False,,,
ALT-007649,True,malware_infection,ana_004,2026-07-02
ALT-007650,False,,,
ALT-007651,False,,,
ALT-007652,True,brute_force_intrusion,ana_004,2026-07-05
ALT-007653,False,,,
ALT-007654,False,,,
ALT-007655,False,,,
ALT-007656,False,,,
ALT-007657,False,,,
ALT-007658,False,,,
ALT-007659,False,,,
ALT-007660,False,,,
ALT-007661,True,data_exfiltration,ana_004,2026-07-06
ALT-007662,False,,,
ALT-007663,False,,,
ALT-007664,False,,,
ALT-007665,False,,,
ALT-007666,True,unauthorised_access,ana_004,2026-07-06
ALT-007667,False,,,
ALT-007668,False,,,
ALT-007669,False,,,
ALT-007670,False,,,
ALT-007671,False,,,
ALT-007672,False,,,
ALT-007673,False,,,
ALT-007674,False,,,
ALT-007675,False,,,
ALT-007676,False,,,
ALT-007677,False,,,
ALT-007678,True,dns_tunnelling,ana_004,2026-07-01
ALT-007679,True,dns_tunnelling,ana_004,2026-07-02
ALT-007680,False,,,
ALT-007681,False,,,
ALT-007682,False,,,
ALT-007683,True,unauthorised_access,ana_004,2026-07-01
ALT-007684,True,unauthorised_access,ana_004,2026-07-04
ALT-007685,False,,,
ALT-007686,False,,,
ALT-007687,True,lateral_movement,ana_004,2026-07-03
ALT-007688,True,dns_tunnelling,ana_004,2026-07-04
ALT-007689,False,,,
ALT-007690,False,,,
ALT-007691,False,,,
ALT-007692,True,unauthorised_access,ana_004,2026-07-04
ALT-007693,False,,,
ALT-007694,True,unauthorised_access,ana_004,2026-07-05
ALT-007695,False,,,
ALT-007696,False,,,
ALT-007697,True,malware_infection,ana_004,2026-07-05
ALT-007698,False,,,
ALT-007699,False,,,
ALT-007700,True,data_exfiltration,ana_004,2026-07-01
ALT-007701,True,data_exfiltration,ana_004,2026-07-01
ALT-007702,False,,,
ALT-007703,False,,,
ALT-007704,False,,,
ALT-007705,True,malware_infection,ana_004,2026-07-02
ALT-007706,False,,,
ALT-007707,False,,,
ALT-007708,True,lateral_movement,ana_004,2026-07-04
ALT-007709,False,,,
ALT-007710,True,unauthorised_access,ana_004,2026-07-02
ALT-007711,False,,,
ALT-007712,False,,,
ALT-007713,False,,,
ALT-007714,False,,,
ALT-007715,False,,,
ALT-007716,True,dns_tunnelling,ana_004,2026-07-05
ALT-007717,False,,,
ALT-007718,False,,,
ALT-007719,True,policy_violation_confirmed,ana_004,2026-07-05
ALT-007720,True,policy_violation_confirmed,ana_004,2026-07-02
ALT-007721,False,,,
ALT-007722,False,,,
ALT-007723,False,,,
ALT-007724,False,,,
ALT-007725,False,,,
ALT-007726,False,,,
ALT-007727,True,unauthorised_access,ana_004,2026-07-03
ALT-007728,False,,,
ALT-007729,False,,,
ALT-007730,False,,,
ALT-007731,False,,,
ALT-007732,False,,,
ALT-007733,False,,,
ALT-007734,False,,,
ALT-007735,False,,,
ALT-007736,False,,,
ALT-007737,False,,,
ALT-007738,True,data_exfiltration,ana_004,2026-07-01
ALT-007739,False,,,
ALT-007740,False,,,
ALT-007741,True,data_exfiltration,ana_004,2026-07-03
ALT-007742,False,,,
ALT-007743,True,lateral_movement,ana_004,2026-07-03
ALT-007744,True,policy_violation_confirmed,ana_004,2026-07-03
ALT-007745,False,,,
ALT-007746,False,,,
ALT-007747,False,,,
ALT-007748,False,,,
ALT-007749,False,,,
ALT-007750,False,,,
ALT-007751,False,,,
ALT-007752,True,lateral_movement,ana_004,2026-07-03
ALT-007753,False,,,
ALT-007754,False,,,
ALT-007755,True,data_exfiltration,ana_004,2026-07-01
ALT-007756,False,,,
ALT-007757,True,unauthorised_access,ana_004,2026-07-06
ALT-007758,True,lateral_movement,ana_004,2026-07-06
ALT-007759,False,,,
ALT-007760,False,,,
ALT-007761,False,,,
ALT-007762,False,,,
ALT-007763,False,,,
ALT-007764,False,,,
ALT-007765,True,lateral_movement,ana_004,2026-07-03
ALT-007766,False,,,
ALT-007767,True,dns_tunnelling,ana_004,2026-07-01
ALT-007768,False,,,
ALT-007769,False,,,
ALT-007770,False,,,
ALT-007771,False,,,
ALT-007772,False,,,
ALT-007773,False,,,
ALT-007774,True,policy_violation_confirmed,ana_004,2026-07-03
ALT-007775,False,,,
ALT-007776,False,,,
ALT-007777,False,,,
ALT-007778,True,data_exfiltration,ana_004,2026-07-06
ALT-007779,False,,,
ALT-007780,True,lateral_movement,ana_004,2026-07-02
ALT-007781,False,,,
ALT-007782,True,lateral_movement,ana_004,2026-07-02
ALT-007783,False,,,
ALT-007784,False,,,
ALT-007785,False,,,
ALT-007786,True,brute_force_intrusion,ana_004,2026-07-06
ALT-007787,False,,,
ALT-007788,True,brute_force_intrusion,ana_004,2026-07-05
ALT-007789,False,,,
ALT-007790,True,data_exfiltration,ana_004,2026-07-03
ALT-007791,False,,,
ALT-007792,False,,,
ALT-007793,False,,,
ALT-007794,True,malware_infection,ana_004,2026-07-05
ALT-007795,False,,,
ALT-007796,False,,,
ALT-007797,False,,,
ALT-007798,False,,,
ALT-007799,False,,,
ALT-007800,False,,,
ALT-007801,False,,,
ALT-007802,False,,,
ALT-007803,True,policy_violation_confirmed,ana_004,2026-07-03
ALT-007804,True,brute_force_intrusion,ana_004,2026-07-05
ALT-007805,False,,,
ALT-007806,False,,,
ALT-007807,True,lateral_movement,ana_004,2026-07-01
ALT-007808,False,,,
ALT-007809,False,,,
ALT-007810,False,,,
ALT-007811,False,,,
ALT-007812,False,,,
ALT-007813,False,,,
ALT-007814,False,,,
ALT-007815,False,,,
ALT-007816,True,brute_force_intrusion,ana_004,2026-07-01
ALT-007817,False,,,
ALT-007818,True,brute_force_intrusion,ana_004,2026-07-05
ALT-007819,False,,,
ALT-007820,False,,,
ALT-007821,True,policy_violation_confirmed,ana_004,2026-07-02
ALT-007822,True,brute_force_intrusion,ana_004,2026-07-03
ALT-007823,False,,,
ALT-007824,False,,,
ALT-007825,False,,,
ALT-007826,False,,,
ALT-007827,True,brute_force_intrusion,ana_004,2026-07-06
ALT-007828,False,,,
ALT-007829,False,,,
ALT-007830,True,malware_infection,ana_004,2026-07-04
ALT-007831,True,policy_violation_confirmed,ana_004,2026-07-03
ALT-007832,False,,,
ALT-007833,False,,,
ALT-007834,False,,,
ALT-007835,False,,,
ALT-007836,False,,,
ALT-007837,False,,,
ALT-007838,False,,,
ALT-007839,True,malware_infection,ana_004,2026-07-04
ALT-007840,True,policy_violation_confirmed,ana_004,2026-07-04
ALT-007841,True,lateral_movement,ana_004,2026-07-04
ALT-007842,False,,,
ALT-007843,True,policy_violation_confirmed,ana_004,2026-07-01
ALT-007844,False,,,
ALT-007845,False,,,
ALT-007846,True,unauthorised_access,ana_004,2026-07-02
ALT-007847,True,malware_infection,ana_004,2026-07-01
ALT-007848,False,,,
ALT-007849,False,,,
ALT-007850,False,,,
ALT-007851,False,,,
ALT-007852,False,,,
ALT-007853,True,policy_violation_confirmed,ana_004,2026-07-04
ALT-007854,False,,,
ALT-007855,False,,,
ALT-007856,False,,,
ALT-007857,False,,,
ALT-007858,True,policy_violation_confirmed,ana_004,2026-07-05
ALT-007859,True,lateral_movement,ana_004,2026-07-04
ALT-007860,True,lateral_movement,ana_004,2026-07-04
ALT-007861,False,,,
ALT-007862,False,,,
ALT-007863,False,,,
ALT-007864,False,,,
ALT-007865,False,,,
ALT-007866,False,,,
ALT-007867,False,,,
ALT-007868,False,,,
ALT-007869,True,lateral_movement,ana_004,2026-07-02
ALT-007870,False,,,
ALT-007871,False,,,
ALT-007872,False,,,
ALT-007873,False,,,
ALT-007874,False,,,
ALT-007875,True,data_exfiltration,ana_004,2026-07-06
ALT-007876,True,dns_tunnelling,ana_004,2026-07-05
ALT-007877,False,,,
ALT-007878,False,,,
ALT-007879,False,,,
ALT-007880,True,data_exfiltration,ana_004,2026-07-06
ALT-007881,True,dns_tunnelling,ana_004,2026-07-06
ALT-007882,True,dns_tunnelling,ana_004,2026-07-01
ALT-007883,False,,,
ALT-007884,False,,,
ALT-007885,False,,,
ALT-007886,False,,,
ALT-007887,True,data_exfiltration,ana_004,2026-07-01
ALT-007888,False,,,
ALT-007889,True,malware_infection,ana_004,2026-07-01
ALT-007890,False,,,
ALT-007891,False,,,
ALT-007892,False,,,
ALT-007893,True,dns_tunnelling,ana_004,2026-07-01
ALT-007894,False,,,
ALT-007895,True,data_exfiltration,ana_004,2026-07-04
ALT-007896,False,,,
ALT-007897,True,unauthorised_access,ana_004,2026-07-03
ALT-007898,True,lateral_movement,ana_004,2026-07-06
ALT-007899,False,,,
ALT-007900,False,,,
ALT-007901,False,,,
ALT-007902,False,,,
ALT-007903,False,,,
ALT-007904,False,,,
ALT-007905,True,malware_infection,ana_004,2026-07-06
ALT-007906,False,,,
ALT-007907,True,data_exfiltration,ana_004,2026-07-03
ALT-007908,False,,,
ALT-007909,False,,,
ALT-007910,False,,,
ALT-007911,False,,,
ALT-007912,False,,,
ALT-007913,False,,,
ALT-007914,False,,,
ALT-007915,False,,,
ALT-007916,True,brute_force_intrusion,ana_004,2026-07-04
ALT-007917,False,,,
ALT-007918,False,,,
ALT-007919,False,,,
ALT-007920,False,,,
ALT-007921,True,brute_force_intrusion,ana_004,2026-07-05
ALT-007922,False,,,
ALT-007923,False,,,
ALT-007924,True,dns_tunnelling,ana_004,2026-07-06
ALT-007925,False,,,
ALT-007926,False,,,
ALT-007927,False,,,
ALT-007928,True,unauthorised_access,ana_004,2026-07-03
ALT-007929,True,dns_tunnelling,ana_004,2026-07-01
ALT-007930,False,,,
ALT-007931,False,,,
ALT-007932,False,,,
ALT-007933,False,,,
ALT-007934,False,,,
ALT-007935,False,,,
ALT-007936,False,,,
ALT-007937,False,,,
ALT-007938,False,,,
ALT-007939,False,,,
ALT-007940,False,,,
ALT-007941,False,,,
ALT-007942,True,lateral_movement,ana_004,2026-07-06
ALT-007943,False,,,
ALT-007944,False,,,
ALT-007945,False,,,
ALT-007946,False,,,
ALT-007947,False,,,
ALT-007948,False,,,
ALT-007949,False,,,
ALT-007950,False,,,
ALT-007951,False,,,
ALT-007952,False,,,
ALT-007953,False,,,
ALT-007954,False,,,
ALT-007955,False,,,
ALT-007956,False,,,
ALT-007957,False,,,
ALT-007958,True,data_exfiltration,ana_004,2026-07-05
ALT-007959,False,,,
ALT-007960,False,,,
ALT-007961,False,,,
ALT-007962,False,,,
ALT-007963,False,,,
ALT-007964,True,dns_tunnelling,ana_004,2026-07-01
ALT-007965,False,,,
ALT-007966,False,,,
ALT-007967,False,,,
ALT-007968,False,,,
ALT-007969,True,data_exfiltration,ana_004,2026-07-03
ALT-007970,False,,,
ALT-007971,True,lateral_movement,ana_004,2026-07-05
ALT-007972,False,,,
ALT-007973,True,dns_tunnelling,ana_004,2026-07-05
ALT-007974,True,brute_force_intrusion,ana_004,2026-07-06
ALT-007975,True,brute_force_intrusion,ana_004,2026-07-06
ALT-007976,False,,,
ALT-007977,False,,,
ALT-007978,False,,,
ALT-007979,False,,,
ALT-007980,True,brute_force_intrusion,ana_004,2026-07-05
ALT-007981,True,data_exfiltration,ana_004,2026-07-03
ALT-007982,False,,,
ALT-007983,False,,,
ALT-007984,True,dns_tunnelling,ana_004,2026-07-01
ALT-007985,False,,,
ALT-007986,True,dns_tunnelling,ana_004,2026-07-06
ALT-007987,True,policy_violation_confirmed,ana_004,2026-07-03
ALT-007988,False,,,
ALT-007989,False,,,
ALT-007990,False,,,
ALT-007991,True,lateral_movement,ana_004,2026-07-04
ALT-007992,False,,,
ALT-007993,True,data_exfiltration,ana_004,2026-07-03
ALT-007994,False,,,
ALT-007995,False,,,
ALT-007996,False,,,
ALT-007997,True,brute_force_intrusion,ana_004,2026-07-03
ALT-007998,True,data_exfiltration,ana_004,2026-07-04
ALT-007999,False,,,
ALT-008000,True,policy_violation_confirmed,ana_004,2026-07-04
ALT-008001,False,,,
ALT-008002,False,,,
ALT-008003,False,,,
ALT-008004,True,lateral_movement,ana_004,2026-07-06
ALT-008005,False,,,
ALT-008006,False,,,
ALT-008007,True,dns_tunnelling,ana_004,2026-07-04
ALT-008008,False,,,
ALT-008009,False,,,
ALT-008010,False,,,
ALT-008011,False,,,
ALT-008012,False,,,
ALT-008013,True,lateral_movement,ana_004,2026-07-03
ALT-008014,False,,,
ALT-008015,False,,,
ALT-008016,False,,,
ALT-008017,False,,,
ALT-008018,True,malware_infection,ana_004,2026-07-03
ALT-008019,True,lateral_movement,ana_004,2026-07-02
ALT-008020,False,,,
ALT-008021,False,,,
ALT-008022,False,,,
ALT-008023,False,,,
ALT-008024,False,,,
ALT-008025,False,,,
ALT-008026,True,malware_infection,ana_004,2026-07-02
ALT-008027,False,,,
ALT-008028,False,,,
ALT-008029,False,,,
ALT-008030,False,,,
ALT-008031,True,brute_force_intrusion,ana_004,2026-07-03
ALT-008032,False,,,
ALT-008033,False,,,
ALT-008034,False,,,
ALT-008035,False,,,
ALT-008036,False,,,
ALT-008037,True,policy_violation_confirmed,ana_004,2026-07-04
ALT-008038,False,,,
ALT-008039,True,lateral_movement,ana_004,2026-07-01
ALT-008040,True,malware_infection,ana_004,2026-07-03
ALT-008041,False,,,
ALT-008042,False,,,
ALT-008043,False,,,
ALT-008044,True,unauthorised_access,ana_004,2026-07-05
ALT-008045,True,lateral_movement,ana_004,2026-07-06
ALT-008046,False,,,
ALT-008047,False,,,
ALT-008048,True,dns_tunnelling,ana_004,2026-07-03
ALT-008049,False,,,
ALT-008050,False,,,
ALT-008051,False,,,
ALT-008052,True,malware_infection,ana_004,2026-07-05
ALT-008053,True,unauthorised_access,ana_004,2026-07-01
ALT-008054,False,,,
ALT-008055,False,,,
ALT-008056,False,,,
ALT-008057,False,,,
ALT-008058,True,unauthorised_access,ana_004,2026-07-01
ALT-008059,False,,,
ALT-008060,False,,,
ALT-008061,False,,,
ALT-008062,False,,,
ALT-008063,True,data_exfiltration,ana_004,2026-07-06
ALT-008064,False,,,
ALT-008065,False,,,
ALT-008066,False,,,
ALT-008067,False,,,
ALT-008068,True,unauthorised_access,ana_004,2026-07-06
ALT-008069,True,dns_tunnelling,ana_004,2026-07-02
ALT-008070,True,unauthorised_access,ana_004,2026-07-03
ALT-008071,False,,,
ALT-008072,False,,,
ALT-008073,False,,,
ALT-008074,True,policy_violation_confirmed,ana_004,2026-07-06
ALT-008075,False,,,
ALT-008076,True,brute_force_intrusion,ana_004,2026-07-01
ALT-008077,False,,,
ALT-008078,False,,,
ALT-008079,False,,,
ALT-008080,False,,,
ALT-008081,False,,,
ALT-008082,False,,,
ALT-008083,False,,,
ALT-008084,False,,,
ALT-008085,False,,,
ALT-008086,False,,,
ALT-008087,False,,,
ALT-008088,False,,,
ALT-008089,False,,,
ALT-008090,False,,,
ALT-008091,True,dns_tunnelling,ana_004,2026-07-04
ALT-008092,True,lateral_movement,ana_004,2026-07-01
ALT-008093,True,policy_violation_confirmed,ana_004,2026-07-06
ALT-008094,False,,,
ALT-008095,False,,,
ALT-008096,False,,,
ALT-008097,True,malware_infection,ana_004,2026-07-03
ALT-008098,False,,,
ALT-008099,False,,,
ALT-008100,False,,,
ALT-008101,False,,,
ALT-008102,True,dns_tunnelling,ana_004,2026-07-05
ALT-008103,False,,,
ALT-008104,False,,,
ALT-008105,False,,,
ALT-008106,True,malware_infection,ana_004,2026-07-03
ALT-008107,True,dns_tunnelling,ana_004,2026-07-02
ALT-008108,False,,,
ALT-008109,True,brute_force_intrusion,ana_004,2026-07-01
ALT-008110,False,,,
ALT-008111,False,,,
ALT-008112,False,,,
ALT-008113,False,,,
ALT-008114,False,,,
ALT-008115,True,unauthorised_access,ana_004,2026-07-02
ALT-008116,False,,,
ALT-008117,False,,,
ALT-008118,False,,,
ALT-008119,False,,,
ALT-008120,False,,,
ALT-008121,False,,,
ALT-008122,False,,,
ALT-008123,False,,,
ALT-008124,True,unauthorised_access,ana_004,2026-07-05
ALT-008125,False,,,
ALT-008126,False,,,
ALT-008127,False,,,
ALT-008128,False,,,
ALT-008129,True,policy_violation_confirmed,ana_004,2026-07-02
ALT-008130,False,,,
ALT-008131,True,dns_tunnelling,ana_004,2026-07-06
ALT-008132,False,,,
ALT-008133,False,,,
ALT-008134,False,,,
ALT-008135,True,unauthorised_access,ana_004,2026-07-06
ALT-008136,False,,,
ALT-008137,False,,,
ALT-008138,False,,,
ALT-008139,False,,,
ALT-008140,False,,,
ALT-008141,False,,,
ALT-008142,False,,,
ALT-008143,False,,,
ALT-008144,True,brute_force_intrusion,ana_004,2026-07-04
ALT-008145,False,,,
ALT-008146,True,policy_violation_confirmed,ana_004,2026-07-03
ALT-008147,True,policy_violation_confirmed,ana_004,2026-07-04
ALT-008148,False,,,
ALT-008149,False,,,
ALT-008150,False,,,
ALT-008151,True,policy_violation_confirmed,ana_004,2026-07-01
ALT-008152,True,policy_violation_confirmed,ana_004,2026-07-06
ALT-008153,False,,,
ALT-008154,False,,,
ALT-008155,False,,,
ALT-008156,False,,,
ALT-008157,True,malware_infection,ana_004,2026-07-04
ALT-008158,False,,,
ALT-008159,False,,,
ALT-008160,True,policy_violation_confirmed,ana_004,2026-07-01
ALT-008161,True,data_exfiltration,ana_004,2026-07-01
ALT-008162,False,,,
ALT-008163,False,,,
ALT-008164,False,,,
ALT-008165,False,,,
ALT-008166,False,,,
ALT-008167,False,,,
ALT-008168,False,,,
ALT-008169,False,,,
ALT-008170,False,,,
ALT-008171,False,,,
ALT-008172,False,,,
ALT-008173,True,unauthorised_access,ana_004,2026-07-01
ALT-008174,True,brute_force_intrusion,ana_004,2026-07-06
ALT-008175,False,,,
ALT-008176,False,,,
ALT-008177,False,,,
ALT-008178,False,,,
ALT-008179,False,,,
ALT-008180,True,lateral_movement,ana_004,2026-07-02
ALT-008181,False,,,
ALT-008182,True,lateral_movement,ana_004,2026-07-04
ALT-008183,True,brute_force_intrusion,ana_004,2026-07-02
ALT-008184,True,lateral_movement,ana_004,2026-07-06
ALT-008185,False,,,
ALT-008186,True,policy_violation_confirmed,ana_004,2026-07-01
ALT-008187,False,,,
ALT-008188,False,,,
ALT-008189,False,,,
ALT-008190,False,,,
ALT-008191,False,,,
ALT-008192,False,,,
ALT-008193,False,,,
ALT-008194,False,,,
ALT-008195,True,malware_infection,ana_004,2026-07-05
ALT-008196,True,policy_violation_confirmed,ana_004,2026-07-04
ALT-008197,False,,,
ALT-008198,False,,,
ALT-008199,False,,,
ALT-008200,False,,,
ALT-008201,False,,,
ALT-008202,False,,,
ALT-008203,True,data_exfiltration,ana_004,2026-07-05
ALT-008204,False,,,
ALT-008205,False,,,
ALT-008206,True,policy_violation_confirmed,ana_004,2026-07-01
ALT-008207,False,,,
ALT-008208,False,,,
ALT-008209,False,,,
ALT-008210,True,dns_tunnelling,ana_004,2026-07-04
ALT-008211,True,unauthorised_access,ana_004,2026-07-05
ALT-008212,True,brute_force_intrusion,ana_004,2026-07-01
ALT-008213,False,,,
ALT-008214,False,,,
ALT-008215,False,,,
ALT-008216,True,policy_violation_confirmed,ana_004,2026-07-04
ALT-008217,True,brute_force_intrusion,ana_004,2026-07-02
ALT-008218,False,,,
ALT-008219,False,,,
ALT-008220,False,,,
ALT-008221,False,,,
ALT-008222,False,,,
ALT-008223,False,,,
ALT-008224,True,lateral_movement,ana_004,2026-07-06
ALT-008225,False,,,
ALT-008226,False,,,
ALT-008227,False,,,
ALT-008228,False,,,
ALT-008229,False,,,
ALT-008230,False,,,
ALT-008231,False,,,
ALT-008232,False,,,
ALT-008233,True,data_exfiltration,ana_004,2026-07-03
ALT-008234,False,,,
ALT-008235,False,,,
ALT-008236,True,lateral_movement,ana_004,2026-07-04
ALT-008237,True,lateral_movement,ana_004,2026-07-03
ALT-008238,False,,,
ALT-008239,False,,,
ALT-008240,False,,,
ALT-008241,False,,,
ALT-008242,False,,,
ALT-008243,False,,,
ALT-008244,False,,,
ALT-008245,False,,,
ALT-008246,False,,,
ALT-008247,False,,,
ALT-008248,False,,,
ALT-008249,False,,,
ALT-008250,True,dns_tunnelling,ana_004,2026-07-06
ALT-008251,False,,,
ALT-008252,False,,,
ALT-008253,False,,,
ALT-008254,False,,,
ALT-008255,True,brute_force_intrusion,ana_004,2026-07-01
ALT-008256,False,,,
ALT-008257,True,brute_force_intrusion,ana_004,2026-07-02
ALT-008258,True,policy_violation_confirmed,ana_004,2026-07-02
ALT-008259,False,,,
ALT-008260,False,,,
ALT-008261,False,,,
ALT-008262,False,,,
ALT-008263,True,lateral_movement,ana_004,2026-07-01
ALT-008264,False,,,
ALT-008265,False,,,
ALT-008266,False,,,
ALT-008267,False,,,
ALT-008268,False,,,
ALT-008269,False,,,
ALT-008270,False,,,
ALT-008271,False,,,
ALT-008272,False,,,
ALT-008273,False,,,
ALT-008274,False,,,
ALT-008275,True,malware_infection,ana_004,2026-07-04
ALT-008276,False,,,
ALT-008277,False,,,
ALT-008278,True,unauthorised_access,ana_004,2026-07-05
ALT-008279,False,,,
ALT-008280,True,policy_violation_confirmed,ana_004,2026-07-06
ALT-008281,False,,,
ALT-008282,False,,,
ALT-008283,False,,,
ALT-008284,False,,,
ALT-008285,False,,,
ALT-008286,False,,,
ALT-008287,True,dns_tunnelling,ana_004,2026-07-05
ALT-008288,False,,,
ALT-008289,False,,,
ALT-008290,False,,,
ALT-008291,False,,,
ALT-008292,True,dns_tunnelling,ana_004,2026-07-01
ALT-008293,True,lateral_movement,ana_004,2026-07-06
ALT-008294,False,,,
ALT-008295,False,,,
ALT-008296,True,data_exfiltration,ana_004,2026-07-01
ALT-008297,False,,,
ALT-008298,False,,,
ALT-008299,True,policy_violation_confirmed,ana_004,2026-07-01
ALT-008300,False,,,
ALT-008301,False,,,
ALT-008302,True,lateral_movement,ana_004,2026-07-06
ALT-008303,True,lateral_movement,ana_004,2026-07-01
ALT-008304,False,,,
ALT-008305,False,,,
ALT-008306,False,,,
ALT-008307,True,policy_violation_confirmed,ana_004,2026-07-05
ALT-008308,False,,,
ALT-008309,False,,,
ALT-008310,True,policy_violation_confirmed,ana_004,2026-07-05
ALT-008311,True,lateral_movement,ana_004,2026-07-02
ALT-008312,True,dns_tunnelling,ana_004,2026-07-06
ALT-008313,False,,,
ALT-008314,False,,,
ALT-008315,False,,,
ALT-008316,True,dns_tunnelling,ana_004,2026-07-01
ALT-008317,False,,,
ALT-008318,True,brute_force_intrusion,ana_004,2026-07-02
ALT-008319,False,,,
ALT-008320,False,,,
ALT-008321,False,,,
ALT-008322,False,,,
ALT-008323,False,,,
ALT-008324,False,,,
ALT-008325,False,,,
ALT-008326,True,dns_tunnelling,ana_004,2026-07-04
ALT-008327,False,,,
ALT-008328,False,,,
ALT-008329,False,,,
ALT-008330,False,,,
ALT-008331,False,,,
ALT-008332,False,,,
ALT-008333,False,,,
ALT-008334,False,,,
ALT-008335,True,lateral_movement,ana_004,2026-07-04
ALT-008336,True,policy_violation_confirmed,ana_004,2026-07-04
ALT-008337,False,,,
ALT-008338,False,,,
ALT-008339,False,,,
ALT-008340,False,,,
ALT-008341,False,,,
ALT-008342,False,,,
ALT-008343,False,,,
ALT-008344,False,,,
ALT-008345,False,,,
ALT-008346,False,,,
ALT-008347,False,,,
ALT-008348,False,,,
ALT-008349,False,,,
ALT-008350,False,,,
ALT-008351,True,policy_violation_confirmed,ana_004,2026-07-01
ALT-008352,False,,,
ALT-008353,False,,,
ALT-008354,True,policy_violation_confirmed,ana_004,2026-07-02
ALT-008355,True,lateral_movement,ana_004,2026-07-05
ALT-008356,False,,,
ALT-008357,False,,,
ALT-008358,False,,,
ALT-008359,False,,,
ALT-008360,False,,,
ALT-008361,False,,,
ALT-008362,False,,,
ALT-008363,True,dns_tunnelling,ana_004,2026-07-02
ALT-008364,False,,,
ALT-008365,False,,,
ALT-008366,True,data_exfiltration,ana_004,2026-07-02
ALT-008367,False,,,
ALT-008368,False,,,
ALT-008369,True,data_exfiltration,ana_004,2026-07-02
ALT-008370,False,,,
ALT-008371,False,,,
ALT-008372,True,brute_force_intrusion,ana_004,2026-07-03
ALT-008373,False,,,
ALT-008374,False,,,
ALT-008375,False,,,
ALT-008376,False,,,
ALT-008377,False,,,
ALT-008378,False,,,
ALT-008379,False,,,
ALT-008380,False,,,
ALT-008381,False,,,
ALT-008382,True,policy_violation_confirmed,ana_004,2026-07-03
ALT-008383,False,,,
ALT-008384,False,,,
ALT-008385,False,,,
ALT-008386,False,,,
ALT-008387,True,policy_violation_confirmed,ana_004,2026-07-06
ALT-008388,False,,,
ALT-008389,False,,,
ALT-008390,False,,,
ALT-008391,False,,,
ALT-008392,False,,,
ALT-008393,False,,,
ALT-008394,True,dns_tunnelling,ana_004,2026-07-02
ALT-008395,True,unauthorised_access,ana_004,2026-07-01
ALT-008396,True,lateral_movement,ana_004,2026-07-04
ALT-008397,False,,,
ALT-008398,True,dns_tunnelling,ana_004,2026-07-06
ALT-008399,True,malware_infection,ana_004,2026-07-02
ALT-008400,True,unauthorised_access,ana_004,2026-07-04
ALT-008401,False,,,
ALT-008402,False,,,
ALT-008403,False,,,
ALT-008404,True,lateral_movement,ana_004,2026-07-05
ALT-008405,False,,,
ALT-008406,False,,,
ALT-008407,False,,,
ALT-008408,False,,,
ALT-008409,True,malware_infection,ana_004,2026-07-02
ALT-008410,False,,,
ALT-008411,False,,,
ALT-008412,False,,,
ALT-008413,False,,,
ALT-008414,False,,,
ALT-008415,False,,,
ALT-008416,False,,,
ALT-008417,False,,,
ALT-008418,False,,,
ALT-008419,True,unauthorised_access,ana_004,2026-07-02
ALT-008420,False,,,
ALT-008421,False,,,
ALT-008422,False,,,
ALT-008423,False,,,
ALT-008424,False,,,
ALT-008425,False,,,
ALT-008426,False,,,
ALT-008427,False,,,
ALT-008428,False,,,
ALT-008429,False,,,
ALT-008430,True,brute_force_intrusion,ana_004,2026-07-02
ALT-008431,False,,,
ALT-008432,False,,,
ALT-008433,True,brute_force_intrusion,ana_004,2026-07-05
ALT-008434,True,data_exfiltration,ana_004,2026-07-04
ALT-008435,True,policy_violation_confirmed,ana_004,2026-07-04
ALT-008436,False,,,
ALT-008437,False,,,
ALT-008438,False,,,
ALT-008439,True,policy_violation_confirmed,ana_004,2026-07-05
ALT-008440,False,,,
ALT-008441,False,,,
ALT-008442,False,,,
ALT-008443,True,unauthorised_access,ana_004,2026-07-02
ALT-008444,True,brute_force_intrusion,ana_004,2026-07-03
ALT-008445,False,,,
ALT-008446,False,,,
ALT-008447,False,,,
ALT-008448,False,,,
ALT-008449,False,,,
ALT-008450,False,,,
ALT-008451,False,,,
ALT-008452,False,,,
ALT-008453,False,,,
ALT-008454,False,,,
ALT-008455,False,,,
ALT-008456,False,,,
ALT-008457,False,,,
ALT-008458,False,,,
ALT-008459,False,,,
ALT-008460,False,,,
ALT-008461,False,,,
ALT-008462,False,,,
ALT-008463,False,,,
ALT-008464,False,,,
ALT-008465,False,,,
ALT-008466,False,,,
ALT-008467,False,,,
ALT-008468,False,,,
ALT-008469,False,,,
ALT-008470,False,,,
ALT-008471,False,,,
ALT-008472,True,lateral_movement,ana_004,2026-07-02
ALT-008473,False,,,
ALT-008474,False,,,
ALT-008475,False,,,
ALT-008476,True,malware_infection,ana_004,2026-07-04
ALT-008477,False,,,
ALT-008478,False,,,
ALT-008479,True,policy_violation_confirmed,ana_004,2026-07-01
ALT-008480,False,,,
ALT-008481,False,,,
ALT-008482,False,,,
ALT-008483,False,,,
ALT-008484,False,,,
ALT-008485,False,,,
ALT-008486,True,brute_force_intrusion,ana_004,2026-07-04
ALT-008487,True,malware_infection,ana_004,2026-07-01
ALT-008488,True,unauthorised_access,ana_004,2026-07-03
ALT-008489,False,,,
ALT-008490,False,,,
ALT-008491,False,,,
ALT-008492,False,,,
ALT-008493,True,lateral_movement,ana_004,2026-07-05
ALT-008494,True,data_exfiltration,ana_004,2026-07-04
ALT-008495,False,,,
ALT-008496,True,unauthorised_access,ana_004,2026-07-03
ALT-008497,False,,,
ALT-008498,False,,,
ALT-008499,False,,,
ALT-008500,False,,,
ALT-008501,False,,,
ALT-008502,True,lateral_movement,ana_004,2026-07-03
ALT-008503,False,,,
ALT-008504,False,,,
ALT-008505,False,,,
ALT-008506,False,,,
ALT-008507,False,,,
ALT-008508,False,,,
ALT-008509,True,lateral_movement,ana_004,2026-07-05
ALT-008510,False,,,
ALT-008511,False,,,
ALT-008512,False,,,
ALT-008513,True,dns_tunnelling,ana_004,2026-07-01
ALT-008514,True,malware_infection,ana_004,2026-07-03
ALT-008515,False,,,
ALT-008516,False,,,
ALT-008517,False,,,
ALT-008518,False,,,
ALT-008519,False,,,
ALT-008520,True,unauthorised_access,ana_004,2026-07-01
ALT-008521,False,,,
ALT-008522,False,,,
ALT-008523,False,,,
ALT-008524,False,,,
ALT-008525,True,dns_tunnelling,ana_004,2026-07-04
ALT-008526,True,unauthorised_access,ana_004,2026-07-06
ALT-008527,False,,,
ALT-008528,False,,,
ALT-008529,False,,,
ALT-008530,False,,,
ALT-008531,False,,,
ALT-008532,False,,,
ALT-008533,False,,,
ALT-008534,True,data_exfiltration,ana_004,2026-07-02
ALT-008535,False,,,
ALT-008536,False,,,
ALT-008537,False,,,
ALT-008538,False,,,
ALT-008539,True,policy_violation_confirmed,ana_004,2026-07-05
ALT-008540,True,policy_violation_confirmed,ana_004,2026-07-06
ALT-008541,False,,,
ALT-008542,False,,,
ALT-008543,True,brute_force_intrusion,ana_004,2026-07-04
ALT-008544,False,,,
ALT-008545,True,dns_tunnelling,ana_004,2026-07-04
ALT-008546,False,,,
ALT-008547,False,,,
ALT-008548,False,,,
ALT-008549,False,,,
ALT-008550,False,,,
ALT-008551,False,,,
ALT-008552,True,brute_force_intrusion,ana_004,2026-07-06
ALT-008553,True,lateral_movement,ana_004,2026-07-01
ALT-008554,False,,,
ALT-008555,False,,,
ALT-008556,True,policy_violation_confirmed,ana_004,2026-07-05
ALT-008557,True,lateral_movement,ana_004,2026-07-05
ALT-008558,False,,,
ALT-008559,True,brute_force_intrusion,ana_004,2026-07-06
ALT-008560,True,unauthorised_access,ana_004,2026-07-06
ALT-008561,False,,,
ALT-008562,False,,,
ALT-008563,False,,,
ALT-008564,False,,,
ALT-008565,False,,,
ALT-008566,False,,,
ALT-008567,False,,,
ALT-008568,False,,,
ALT-008569,False,,,
ALT-008570,False,,,
ALT-008571,False,,,
ALT-008572,False,,,
ALT-008573,False,,,
ALT-008574,True,lateral_movement,ana_004,2026-07-01
ALT-008575,False,,,
ALT-008576,True,brute_force_intrusion,ana_004,2026-07-01
ALT-008577,False,,,
ALT-008578,True,unauthorised_access,ana_004,2026-07-06
ALT-008579,True,dns_tunnelling,ana_004,2026-07-01
ALT-008580,True,data_exfiltration,ana_004,2026-07-04
ALT-008581,False,,,
ALT-008582,True,unauthorised_access,ana_004,2026-07-03
ALT-008583,False,,,
ALT-008584,False,,,
ALT-008585,False,,,
ALT-008586,False,,,
ALT-008587,False,,,
ALT-008588,False,,,
ALT-008589,True,lateral_movement,ana_004,2026-07-05
ALT-008590,False,,,
ALT-008591,False,,,
ALT-008592,False,,,
ALT-008593,False,,,
ALT-008594,False,,,
ALT-008595,True,brute_force_intrusion,ana_004,2026-07-06
ALT-008596,False,,,
ALT-008597,False,,,
ALT-008598,False,,,
ALT-008599,True,brute_force_intrusion,ana_004,2026-07-03
ALT-008600,True,unauthorised_access,ana_004,2026-07-06
ALT-008601,False,,,
ALT-008602,False,,,
ALT-008603,False,,,
ALT-008604,True,lateral_movement,ana_004,2026-07-06
ALT-008605,False,,,
ALT-008606,False,,,
ALT-008607,False,,,
ALT-008608,False,,,
ALT-008609,False,,,
ALT-008610,False,,,
ALT-008611,False,,,
ALT-008612,True,data_exfiltration,ana_004,2026-07-06
ALT-008613,True,lateral_movement,ana_004,2026-07-04
ALT-008614,True,data_exfiltration,ana_004,2026-07-06
ALT-008615,False,,,
ALT-008616,False,,,
ALT-008617,False,,,
ALT-008618,False,,,
ALT-008619,False,,,
ALT-008620,False,,,
ALT-008621,False,,,
ALT-008622,False,,,
ALT-008623,False,,,
ALT-008624,False,,,
ALT-008625,True,policy_violation_confirmed,ana_004,2026-07-01
ALT-008626,True,malware_infection,ana_004,2026-07-05
ALT-008627,False,,,
ALT-008628,True,dns_tunnelling,ana_004,2026-07-01
ALT-008629,False,,,
ALT-008630,False,,,
ALT-008631,False,,,
ALT-008632,False,,,
ALT-008633,False,,,
ALT-008634,False,,,
ALT-008635,True,unauthorised_access,ana_004,2026-07-04
ALT-008636,False,,,
ALT-008637,False,,,
ALT-008638,True,malware_infection,ana_004,2026-07-01
ALT-008639,False,,,
ALT-008640,False,,,
ALT-008641,False,,,
ALT-008642,True,brute_force_intrusion,ana_004,2026-07-04
ALT-008643,True,unauthorised_access,ana_004,2026-07-04
ALT-008644,True,dns_tunnelling,ana_004,2026-07-06
ALT-008645,True,data_exfiltration,ana_004,2026-07-05
ALT-008646,True,lateral_movement,ana_004,2026-07-06
ALT-008647,False,,,
ALT-008648,False,,,
ALT-008649,False,,,
ALT-008650,False,,,
ALT-008651,False,,,
ALT-008652,False,,,
ALT-008653,False,,,
ALT-008654,True,data_exfiltration,ana_004,2026-07-05
ALT-008655,False,,,
ALT-008656,False,,,
ALT-008657,False,,,
ALT-008658,False,,,
ALT-008659,False,,,
ALT-008660,True,policy_violation_confirmed,ana_004,2026-07-05
ALT-008661,True,policy_violation_confirmed,ana_004,2026-07-04
ALT-008662,False,,,
ALT-008663,True,lateral_movement,ana_004,2026-07-02
ALT-008664,False,,,
ALT-008665,False,,,
ALT-008666,False,,,
ALT-008667,False,,,
ALT-008668,False,,,
ALT-008669,False,,,
ALT-008670,False,,,
ALT-008671,False,,,
ALT-008672,True,brute_force_intrusion,ana_004,2026-07-04
ALT-008673,True,malware_infection,ana_004,2026-07-02
ALT-008674,False,,,
ALT-008675,False,,,
ALT-008676,False,,,
ALT-008677,True,brute_force_intrusion,ana_004,2026-07-05
ALT-008678,False,,,
ALT-008679,False,,,
ALT-008680,False,,,
ALT-008681,False,,,
ALT-008682,False,,,
ALT-008683,False,,,
ALT-008684,False,,,
ALT-008685,False,,,
ALT-008686,False,,,
ALT-008687,False,,,
ALT-008688,False,,,
ALT-008689,False,,,
ALT-008690,False,,,
ALT-008691,False,,,
ALT-008692,False,,,
ALT-008693,False,,,
ALT-008694,True,data_exfiltration,ana_004,2026-07-06
ALT-008695,False,,,
ALT-008696,False,,,
ALT-008697,False,,,
ALT-008698,True,malware_infection,ana_004,2026-07-01
ALT-008699,False,,,
ALT-008700,False,,,
ALT-008701,True,lateral_movement,ana_004,2026-07-03
ALT-008702,False,,,
ALT-008703,False,,,
ALT-008704,False,,,
ALT-008705,False,,,
ALT-008706,False,,,
ALT-008707,False,,,
ALT-008708,False,,,
ALT-008709,False,,,
ALT-008710,False,,,
ALT-008711,True,brute_force_intrusion,ana_004,2026-07-01
ALT-008712,False,,,
ALT-008713,True,lateral_movement,ana_004,2026-07-06
ALT-008714,False,,,
ALT-008715,False,,,
ALT-008716,False,,,
ALT-008717,False,,,
ALT-008718,False,,,
ALT-008719,True,lateral_movement,ana_004,2026-07-01
ALT-008720,False,,,
ALT-008721,True,dns_tunnelling,ana_004,2026-07-06
ALT-008722,False,,,
ALT-008723,False,,,
ALT-008724,False,,,
ALT-008725,False,,,
ALT-008726,True,unauthorised_access,ana_004,2026-07-06
ALT-008727,True,dns_tunnelling,ana_004,2026-07-06
ALT-008728,False,,,
ALT-008729,True,unauthorised_access,ana_004,2026-07-03
ALT-008730,False,,,
ALT-008731,False,,,
ALT-008732,False,,,
ALT-008733,False,,,
ALT-008734,False,,,
ALT-008735,False,,,
ALT-008736,False,,,
ALT-008737,False,,,
ALT-008738,False,,,
ALT-008739,False,,,
ALT-008740,False,,,
ALT-008741,False,,,
ALT-008742,True,dns_tunnelling,ana_004,2026-07-02
ALT-008743,False,,,
ALT-008744,False,,,
ALT-008745,False,,,
ALT-008746,False,,,
ALT-008747,True,data_exfiltration,ana_004,2026-07-04
ALT-008748,False,,,
ALT-008749,False,,,
ALT-008750,True,policy_violation_confirmed,ana_004,2026-07-01
ALT-008751,False,,,
ALT-008752,True,malware_infection,ana_004,2026-07-05
ALT-008753,True,malware_infection,ana_004,2026-07-06
ALT-008754,False,,,
ALT-008755,False,,,
ALT-008756,False,,,
ALT-008757,False,,,
ALT-008758,False,,,
ALT-008759,False,,,
ALT-008760,False,,,
ALT-008761,False,,,
ALT-008762,False,,,
ALT-008763,False,,,
ALT-008764,False,,,
ALT-008765,False,,,
ALT-008766,False,,,
ALT-008767,True,malware_infection,ana_004,2026-07-01
ALT-008768,False,,,
ALT-008769,False,,,
ALT-008770,False,,,
ALT-008771,False,,,
ALT-008772,False,,,
ALT-008773,False,,,
ALT-008774,False,,,
ALT-008775,False,,,
ALT-008776,True,dns_tunnelling,ana_004,2026-07-05
ALT-008777,False,,,
ALT-008778,False,,,
ALT-008779,False,,,
ALT-008780,True,dns_tunnelling,ana_004,2026-07-04
ALT-008781,False,,,
ALT-008782,False,,,
ALT-008783,False,,,
ALT-008784,False,,,
ALT-008785,False,,,
ALT-008786,False,,,
ALT-008787,False,,,
ALT-008788,False,,,
ALT-008789,True,lateral_movement,ana_004,2026-07-01
ALT-008790,False,,,
ALT-008791,False,,,
ALT-008792,False,,,
ALT-008793,True,lateral_movement,ana_004,2026-07-03
ALT-008794,True,policy_violation_confirmed,ana_004,2026-07-03
ALT-008795,False,,,
ALT-008796,True,lateral_movement,ana_004,2026-07-06
ALT-008797,False,,,
ALT-008798,False,,,
ALT-008799,False,,,
ALT-008800,False,,,
ALT-008801,False,,,
ALT-008802,False,,,
ALT-008803,False,,,
ALT-008804,False,,,
ALT-008805,False,,,
ALT-008806,True,data_exfiltration,ana_004,2026-07-05
ALT-008807,False,,,
ALT-008808,False,,,
ALT-008809,False,,,
ALT-008810,False,,,
ALT-008811,False,,,
ALT-008812,False,,,
ALT-008813,False,,,
ALT-008814,False,,,
ALT-008815,True,data_exfiltration,ana_004,2026-07-01
ALT-008816,False,,,
ALT-008817,False,,,
ALT-008818,False,,,
ALT-008819,False,,,
ALT-008820,True,dns_tunnelling,ana_004,2026-07-05
ALT-008821,False,,,
ALT-008822,False,,,
ALT-008823,True,dns_tunnelling,ana_004,2026-07-01
ALT-008824,False,,,
ALT-008825,False,,,
ALT-008826,True,dns_tunnelling,ana_004,2026-07-04
ALT-008827,False,,,
ALT-008828,True,policy_violation_confirmed,ana_004,2026-07-05
ALT-008829,False,,,
ALT-008830,False,,,
ALT-008831,False,,,
ALT-008832,False,,,
ALT-008833,True,policy_violation_confirmed,ana_004,2026-07-02
ALT-008834,False,,,
ALT-008835,False,,,
ALT-008836,False,,,
ALT-008837,False,,,
ALT-008838,True,policy_violation_confirmed,ana_004,2026-07-05
ALT-008839,True,brute_force_intrusion,ana_004,2026-07-01
ALT-008840,False,,,
ALT-008841,True,lateral_movement,ana_004,2026-07-03
ALT-008842,False,,,
ALT-008843,False,,,
ALT-008844,False,,,
ALT-008845,True,policy_violation_confirmed,ana_004,2026-07-04
ALT-008846,False,,,
ALT-008847,False,,,
ALT-008848,False,,,
ALT-008849,False,,,
ALT-008850,False,,,
ALT-008851,False,,,
ALT-008852,False,,,
ALT-008853,True,dns_tunnelling,ana_004,2026-07-03
ALT-008854,True,policy_violation_confirmed,ana_004,2026-07-06
ALT-008855,False,,,
ALT-008856,False,,,
ALT-008857,False,,,
ALT-008858,False,,,
ALT-008859,False,,,
ALT-008860,False,,,
ALT-008861,True,data_exfiltration,ana_004,2026-07-01
ALT-008862,False,,,
ALT-008863,False,,,
ALT-008864,False,,,
ALT-008865,False,,,
ALT-008866,False,,,
ALT-008867,False,,,
ALT-008868,True,dns_tunnelling,ana_004,2026-07-06
ALT-008869,False,,,
ALT-008870,False,,,
ALT-008871,True,data_exfiltration,ana_004,2026-07-01
ALT-008872,False,,,
ALT-008873,False,,,
ALT-008874,False,,,
ALT-008875,False,,,
ALT-008876,False,,,
ALT-008877,False,,,
ALT-008878,False,,,
ALT-008879,False,,,
ALT-008880,False,,,
ALT-008881,False,,,
ALT-008882,False,,,
ALT-008883,False,,,
ALT-008884,False,,,
ALT-008885,False,,,
ALT-008886,False,,,
ALT-008887,False,,,
ALT-008888,False,,,
ALT-008889,True,brute_force_intrusion,ana_004,2026-07-01
ALT-008890,False,,,
ALT-008891,False,,,
ALT-008892,False,,,
ALT-008893,True,unauthorised_access,ana_004,2026-07-01
ALT-008894,False,,,
ALT-008895,False,,,
ALT-008896,True,malware_infection,ana_004,2026-07-05
ALT-008897,False,,,
ALT-008898,False,,,
ALT-008899,False,,,
ALT-008900,False,,,
ALT-008901,False,,,
ALT-008902,False,,,
ALT-008903,True,brute_force_intrusion,ana_004,2026-07-02
ALT-008904,True,data_exfiltration,ana_004,2026-07-03
ALT-008905,False,,,
ALT-008906,False,,,
ALT-008907,False,,,
ALT-008908,False,,,
ALT-008909,False,,,
ALT-008910,False,,,
ALT-008911,True,brute_force_intrusion,ana_004,2026-07-02
ALT-008912,False,,,
ALT-008913,False,,,
ALT-008914,False,,,
ALT-008915,True,brute_force_intrusion,ana_004,2026-07-06
ALT-008916,False,,,
ALT-008917,False,,,
ALT-008918,False,,,
ALT-008919,False,,,
ALT-008920,True,lateral_movement,ana_004,2026-07-01
ALT-008921,True,malware_infection,ana_004,2026-07-02
ALT-008922,False,,,
ALT-008923,False,,,
ALT-008924,False,,,
ALT-008925,True,lateral_movement,ana_004,2026-07-06
ALT-008926,False,,,
ALT-008927,True,unauthorised_access,ana_004,2026-07-06
ALT-008928,False,,,
ALT-008929,True,dns_tunnelling,ana_004,2026-07-01
ALT-008930,False,,,
ALT-008931,False,,,
ALT-008932,False,,,
ALT-008933,False,,,
ALT-008934,False,,,
ALT-008935,True,dns_tunnelling,ana_004,2026-07-01
ALT-008936,False,,,
ALT-008937,False,,,
ALT-008938,False,,,
ALT-008939,True,unauthorised_access,ana_004,2026-07-03
ALT-008940,False,,,
ALT-008941,False,,,
ALT-008942,False,,,
ALT-008943,False,,,
ALT-008944,False,,,
ALT-008945,False,,,
ALT-008946,False,,,
ALT-008947,False,,,
ALT-008948,False,,,
ALT-008949,False,,,
ALT-008950,False,,,
ALT-008951,True,data_exfiltration,ana_004,2026-07-05
ALT-008952,False,,,
ALT-008953,False,,,
ALT-008954,False,,,
ALT-008955,True,unauthorised_access,ana_004,2026-07-04
ALT-008956,False,,,
ALT-008957,False,,,
ALT-008958,False,,,
ALT-008959,False,,,
ALT-008960,False,,,
ALT-008961,True,malware_infection,ana_004,2026-07-04
ALT-008962,True,dns_tunnelling,ana_004,2026-07-03
ALT-008963,False,,,
ALT-008964,False,,,
ALT-008965,True,policy_violation_confirmed,ana_004,2026-07-04
ALT-008966,True,lateral_movement,ana_004,2026-07-06
ALT-008967,False,,,
ALT-008968,False,,,
ALT-008969,True,malware_infection,ana_004,2026-07-06
ALT-008970,False,,,
ALT-008971,False,,,
ALT-008972,True,data_exfiltration,ana_004,2026-07-02
ALT-008973,False,,,
ALT-008974,False,,,
ALT-008975,False,,,
ALT-008976,False,,,
ALT-008977,False,,,
ALT-008978,False,,,
ALT-008979,False,,,
ALT-008980,True,policy_violation_confirmed,ana_004,2026-07-06
ALT-008981,False,,,
ALT-008982,False,,,
ALT-008983,False,,,
ALT-008984,False,,,
ALT-008985,False,,,
ALT-008986,False,,,
ALT-008987,False,,,
ALT-008988,True,unauthorised_access,ana_004,2026-07-01
ALT-008989,False,,,
ALT-008990,False,,,
ALT-008991,False,,,
ALT-008992,False,,,
ALT-008993,False,,,
ALT-008994,True,malware_infection,ana_004,2026-07-05
ALT-008995,True,malware_infection,ana_004,2026-07-02
ALT-008996,True,dns_tunnelling,ana_004,2026-07-03
ALT-008997,False,,,
ALT-008998,False,,,
ALT-008999,False,,,
ALT-009000,False,,,
ALT-009001,False,,,
ALT-009002,True,dns_tunnelling,ana_004,2026-07-02
ALT-009003,False,,,
ALT-009004,False,,,
ALT-009005,False,,,
ALT-009006,False,,,
ALT-009007,True,policy_violation_confirmed,ana_004,2026-07-03
ALT-009008,False,,,
ALT-009009,False,,,
ALT-009010,True,malware_infection,ana_004,2026-07-01
ALT-009011,False,,,
ALT-009012,False,,,
ALT-009013,True,data_exfiltration,ana_004,2026-07-05
ALT-009014,False,,,
ALT-009015,False,,,
ALT-009016,False,,,
ALT-009017,False,,,
ALT-009018,False,,,
ALT-009019,False,,,
ALT-009020,False,,,
ALT-009021,False,,,
ALT-009022,False,,,
ALT-009023,False,,,
ALT-009024,True,unauthorised_access,ana_004,2026-07-02
ALT-009025,False,,,
ALT-009026,False,,,
ALT-009027,False,,,
ALT-009028,False,,,
ALT-009029,True,malware_infection,ana_004,2026-07-05
ALT-009030,False,,,
ALT-009031,False,,,
ALT-009032,False,,,
ALT-009033,False,,,
ALT-009034,False,,,
ALT-009035,True,data_exfiltration,ana_004,2026-07-01
ALT-009036,False,,,
ALT-009037,False,,,
ALT-009038,False,,,
ALT-009039,False,,,
ALT-009040,False,,,
ALT-009041,False,,,
ALT-009042,False,,,
ALT-009043,False,,,
ALT-009044,False,,,
ALT-009045,False,,,
ALT-009046,False,,,
ALT-009047,False,,,
ALT-009048,True,dns_tunnelling,ana_004,2026-07-06
ALT-009049,False,,,
ALT-009050,False,,,
ALT-009051,False,,,
ALT-009052,False,,,
ALT-009053,False,,,
ALT-009054,False,,,
ALT-009055,False,,,
ALT-009056,False,,,
ALT-009057,False,,,
ALT-009058,False,,,
ALT-009059,False,,,
ALT-009060,False,,,
ALT-009061,True,lateral_movement,ana_004,2026-07-01
ALT-009062,False,,,
ALT-009063,False,,,
ALT-009064,False,,,
ALT-009065,False,,,
ALT-009066,False,,,
ALT-009067,False,,,
ALT-009068,False,,,
ALT-009069,True,brute_force_intrusion,ana_004,2026-07-01
ALT-009070,False,,,
ALT-009071,True,brute_force_intrusion,ana_004,2026-07-06
ALT-009072,True,malware_infection,ana_004,2026-07-02
ALT-009073,False,,,
ALT-009074,False,,,
ALT-009075,False,,,
ALT-009076,False,,,
ALT-009077,False,,,
ALT-009078,False,,,
ALT-009079,True,unauthorised_access,ana_004,2026-07-03
ALT-009080,False,,,
ALT-009081,False,,,
ALT-009082,False,,,
ALT-009083,False,,,
ALT-009084,False,,,
ALT-009085,True,policy_violation_confirmed,ana_004,2026-07-06
ALT-009086,True,unauthorised_access,ana_004,2026-07-05
ALT-009087,False,,,
ALT-009088,False,,,
ALT-009089,True,policy_violation_confirmed,ana_004,2026-07-05
ALT-009090,False,,,
ALT-009091,True,dns_tunnelling,ana_004,2026-07-03
ALT-009092,False,,,
ALT-009093,True,unauthorised_access,ana_004,2026-07-05
ALT-009094,False,,,
ALT-009095,False,,,
ALT-009096,False,,,
ALT-009097,False,,,
ALT-009098,False,,,
ALT-009099,False,,,
ALT-009100,False,,,
ALT-009101,False,,,
ALT-009102,False,,,
ALT-009103,False,,,
ALT-009104,True,data_exfiltration,ana_004,2026-07-03
ALT-009105,False,,,
ALT-009106,True,dns_tunnelling,ana_004,2026-07-06
ALT-009107,True,unauthorised_access,ana_004,2026-07-02
ALT-009108,False,,,
ALT-009109,True,policy_violation_confirmed,ana_004,2026-07-02
ALT-009110,True,policy_violation_confirmed,ana_004,2026-07-03
ALT-009111,False,,,
ALT-009112,True,brute_force_intrusion,ana_004,2026-07-05
ALT-009113,False,,,
ALT-009114,False,,,
ALT-009115,False,,,
ALT-009116,False,,,
ALT-009117,True,lateral_movement,ana_004,2026-07-01
ALT-009118,True,lateral_movement,ana_004,2026-07-05
ALT-009119,True,malware_infection,ana_004,2026-07-04
ALT-009120,False,,,
ALT-009121,False,,,
ALT-009122,False,,,
ALT-009123,False,,,
ALT-009124,False,,,
ALT-009125,True,unauthorised_access,ana_004,2026-07-04
ALT-009126,False,,,
ALT-009127,True,unauthorised_access,ana_004,2026-07-03
ALT-009128,False,,,
ALT-009129,False,,,
ALT-009130,True,policy_violation_confirmed,ana_004,2026-07-03
ALT-009131,False,,,
ALT-009132,True,dns_tunnelling,ana_004,2026-07-04
ALT-009133,False,,,
ALT-009134,True,dns_tunnelling,ana_004,2026-07-03
ALT-009135,False,,,
ALT-009136,False,,,
ALT-009137,False,,,
ALT-009138,False,,,
ALT-009139,False,,,
ALT-009140,False,,,
ALT-009141,False,,,
ALT-009142,False,,,
ALT-009143,True,lateral_movement,ana_004,2026-07-06
ALT-009144,False,,,
ALT-009145,False,,,
ALT-009146,False,,,
ALT-009147,False,,,
ALT-009148,True,malware_infection,ana_004,2026-07-01
ALT-009149,False,,,
ALT-009150,False,,,
ALT-009151,False,,,
ALT-009152,True,malware_infection,ana_004,2026-07-02
ALT-009153,False,,,
ALT-009154,False,,,
ALT-009155,False,,,
ALT-009156,False,,,
ALT-009157,False,,,
ALT-009158,False,,,
ALT-009159,False,,,
ALT-009160,False,,,
ALT-009161,True,data_exfiltration,ana_004,2026-07-01
ALT-009162,False,,,
ALT-009163,False,,,
ALT-009164,False,,,
ALT-009165,False,,,
ALT-009166,False,,,
ALT-009167,False,,,
ALT-009168,False,,,
ALT-009169,True,policy_violation_confirmed,ana_004,2026-07-05
ALT-009170,True,dns_tunnelling,ana_004,2026-07-03
ALT-009171,True,dns_tunnelling,ana_004,2026-07-06
ALT-009172,False,,,
ALT-009173,False,,,
ALT-009174,False,,,
ALT-009175,False,,,
ALT-009176,False,,,
ALT-009177,True,brute_force_intrusion,ana_004,2026-07-02
ALT-009178,False,,,
ALT-009179,False,,,
ALT-009180,False,,,
ALT-009181,False,,,
ALT-009182,True,lateral_movement,ana_004,2026-07-05
ALT-009183,False,,,
ALT-009184,False,,,
ALT-009185,True,unauthorised_access,ana_004,2026-07-04
ALT-009186,False,,,
ALT-009187,False,,,
ALT-009188,False,,,
ALT-009189,False,,,
ALT-009190,False,,,
ALT-009191,False,,,
ALT-009192,True,dns_tunnelling,ana_004,2026-07-04
ALT-009193,False,,,
ALT-009194,False,,,
ALT-009195,False,,,
ALT-009196,False,,,
ALT-009197,False,,,
ALT-009198,False,,,
ALT-009199,False,,,
ALT-009200,False,,,
ALT-009201,False,,,
ALT-009202,False,,,
ALT-009203,False,,,
ALT-009204,False,,,
ALT-009205,False,,,
ALT-009206,False,,,
ALT-009207,False,,,
ALT-009208,False,,,
ALT-009209,False,,,
ALT-009210,True,brute_force_intrusion,ana_004,2026-07-03
ALT-009211,False,,,
ALT-009212,False,,,
ALT-009213,False,,,
ALT-009214,False,,,
ALT-009215,True,dns_tunnelling,ana_004,2026-07-06
ALT-009216,True,unauthorised_access,ana_004,2026-07-01
ALT-009217,True,policy_violation_confirmed,ana_004,2026-07-05
ALT-009218,False,,,
ALT-009219,False,,,
ALT-009220,False,,,
ALT-009221,False,,,
ALT-009222,False,,,
ALT-009223,False,,,
ALT-009224,True,brute_force_intrusion,ana_004,2026-07-06
ALT-009225,True,brute_force_intrusion,ana_004,2026-07-05
ALT-009226,False,,,
ALT-009227,False,,,
ALT-009228,False,,,
ALT-009229,True,data_exfiltration,ana_004,2026-07-06
ALT-009230,False,,,
ALT-009231,True,malware_infection,ana_004,2026-07-03
ALT-009232,False,,,
ALT-009233,False,,,
ALT-009234,False,,,
ALT-009235,False,,,
ALT-009236,False,,,
ALT-009237,False,,,
ALT-009238,False,,,
ALT-009239,False,,,
ALT-009240,False,,,
ALT-009241,False,,,
ALT-009242,False,,,
ALT-009243,True,unauthorised_access,ana_004,2026-07-05
ALT-009244,False,,,
ALT-009245,False,,,
ALT-009246,True,policy_violation_confirmed,ana_004,2026-07-03
ALT-009247,False,,,
ALT-009248,False,,,
ALT-009249,False,,,
ALT-009250,False,,,
ALT-009251,False,,,
ALT-009252,False,,,
ALT-009253,False,,,
ALT-009254,False,,,
ALT-009255,False,,,
ALT-009256,False,,,
ALT-009257,True,malware_infection,ana_004,2026-07-03
ALT-009258,False,,,
ALT-009259,True,data_exfiltration,ana_004,2026-07-01
ALT-009260,False,,,
ALT-009261,True,unauthorised_access,ana_004,2026-07-05
ALT-009262,True,dns_tunnelling,ana_004,2026-07-02
ALT-009263,False,,,
ALT-009264,False,,,
ALT-009265,False,,,
ALT-009266,False,,,
ALT-009267,False,,,
ALT-009268,False,,,
ALT-009269,False,,,
ALT-009270,True,lateral_movement,ana_004,2026-07-02
ALT-009271,False,,,
ALT-009272,False,,,
ALT-009273,True,dns_tunnelling,ana_004,2026-07-06
ALT-009274,False,,,
ALT-009275,False,,,
ALT-009276,True,dns_tunnelling,ana_004,2026-07-06
ALT-009277,True,dns_tunnelling,ana_004,2026-07-05
ALT-009278,False,,,
ALT-009279,False,,,
ALT-009280,True,unauthorised_access,ana_004,2026-07-05
ALT-009281,True,malware_infection,ana_004,2026-07-03
ALT-009282,False,,,
ALT-009283,False,,,
ALT-009284,False,,,
ALT-009285,False,,,
ALT-009286,False,,,
ALT-009287,False,,,
ALT-009288,False,,,
ALT-009289,True,policy_violation_confirmed,ana_004,2026-07-04
ALT-009290,True,data_exfiltration,ana_004,2026-07-03
ALT-009291,True,policy_violation_confirmed,ana_004,2026-07-03
ALT-009292,False,,,
ALT-009293,True,policy_violation_confirmed,ana_004,2026-07-02
ALT-009294,False,,,
ALT-009295,False,,,
ALT-009296,False,,,
ALT-009297,False,,,
ALT-009298,False,,,
ALT-009299,False,,,
ALT-009300,False,,,
ALT-009301,False,,,
ALT-009302,False,,,
ALT-009303,False,,,
ALT-009304,False,,,
ALT-009305,True,data_exfiltration,ana_004,2026-07-05
ALT-009306,True,malware_infection,ana_004,2026-07-06
ALT-009307,False,,,
ALT-009308,False,,,
ALT-009309,True,dns_tunnelling,ana_004,2026-07-01
ALT-009310,False,,,
ALT-009311,False,,,
ALT-009312,False,,,
ALT-009313,False,,,
ALT-009314,False,,,
ALT-009315,False,,,
ALT-009316,True,dns_tunnelling,ana_004,2026-07-02
ALT-009317,False,,,
ALT-009318,False,,,
ALT-009319,False,,,
ALT-009320,False,,,
ALT-009321,False,,,
ALT-009322,False,,,
ALT-009323,False,,,
ALT-009324,False,,,
ALT-009325,False,,,
ALT-009326,False,,,
ALT-009327,False,,,
ALT-009328,False,,,
ALT-009329,False,,,
ALT-009330,False,,,
ALT-009331,False,,,
ALT-009332,False,,,
ALT-009333,False,,,
ALT-009334,True,data_exfiltration,ana_004,2026-07-05
ALT-009335,False,,,
ALT-009336,False,,,
ALT-009337,False,,,
ALT-009338,False,,,
ALT-009339,False,,,
ALT-009340,True,lateral_movement,ana_004,2026-07-04
ALT-009341,False,,,
ALT-009342,False,,,
ALT-009343,False,,,
ALT-009344,True,dns_tunnelling,ana_004,2026-07-04
ALT-009345,False,,,
ALT-009346,False,,,
ALT-009347,False,,,
ALT-009348,False,,,
ALT-009349,False,,,
ALT-009350,False,,,
ALT-009351,False,,,
ALT-009352,False,,,
ALT-009353,False,,,
ALT-009354,True,unauthorised_access,ana_004,2026-07-05
ALT-009355,False,,,
ALT-009356,True,dns_tunnelling,ana_004,2026-07-03
ALT-009357,False,,,
ALT-009358,False,,,
ALT-009359,False,,,
ALT-009360,True,dns_tunnelling,ana_004,2026-07-06
ALT-009361,True,dns_tunnelling,ana_004,2026-07-04
ALT-009362,True,brute_force_intrusion,ana_004,2026-07-03
ALT-009363,True,lateral_movement,ana_004,2026-07-03
ALT-009364,True,malware_infection,ana_004,2026-07-03
ALT-009365,False,,,
ALT-009366,False,,,
ALT-009367,False,,,
ALT-009368,False,,,
ALT-009369,False,,,
ALT-009370,False,,,
ALT-009371,False,,,
ALT-009372,False,,,
ALT-009373,False,,,
ALT-009374,False,,,
ALT-009375,False,,,
ALT-009376,False,,,
ALT-009377,True,data_exfiltration,ana_004,2026-07-06
ALT-009378,False,,,
ALT-009379,True,policy_violation_confirmed,ana_004,2026-07-04
ALT-009380,True,unauthorised_access,ana_004,2026-07-06
ALT-009381,False,,,
ALT-009382,True,policy_violation_confirmed,ana_004,2026-07-05
ALT-009383,True,dns_tunnelling,ana_004,2026-07-03
ALT-009384,True,unauthorised_access,ana_004,2026-07-05
ALT-009385,False,,,
ALT-009386,False,,,
ALT-009387,False,,,
ALT-009388,True,brute_force_intrusion,ana_004,2026-07-06
ALT-009389,True,data_exfiltration,ana_004,2026-07-01
ALT-009390,True,data_exfiltration,ana_004,2026-07-05
ALT-009391,False,,,
ALT-009392,False,,,
ALT-009393,False,,,
ALT-009394,True,policy_violation_confirmed,ana_004,2026-07-01
ALT-009395,True,unauthorised_access,ana_004,2026-07-01
ALT-009396,False,,,
ALT-009397,False,,,
ALT-009398,False,,,
ALT-009399,True,unauthorised_access,ana_004,2026-07-05
ALT-009400,False,,,
ALT-009401,False,,,
ALT-009402,False,,,
ALT-009403,False,,,
ALT-009404,False,,,
ALT-009405,False,,,
ALT-009406,False,,,
ALT-009407,False,,,
ALT-009408,True,policy_violation_confirmed,ana_004,2026-07-04
ALT-009409,False,,,
ALT-009410,False,,,
ALT-009411,True,lateral_movement,ana_004,2026-07-02
ALT-009412,True,brute_force_intrusion,ana_004,2026-07-04
ALT-009413,True,lateral_movement,ana_004,2026-07-04
ALT-009414,False,,,
ALT-009415,False,,,
ALT-009416,False,,,
ALT-009417,False,,,
ALT-009418,False,,,
ALT-009419,False,,,
ALT-009420,True,lateral_movement,ana_004,2026-07-01
ALT-009421,False,,,
ALT-009422,False,,,
ALT-009423,False,,,
ALT-009424,False,,,
ALT-009425,False,,,
ALT-009426,False,,,
ALT-009427,False,,,
ALT-009428,True,data_exfiltration,ana_004,2026-07-03
ALT-009429,False,,,
ALT-009430,False,,,
ALT-009431,False,,,
ALT-009432,False,,,
ALT-009433,True,lateral_movement,ana_004,2026-07-06
ALT-009434,False,,,
ALT-009435,False,,,
ALT-009436,False,,,
ALT-009437,False,,,
ALT-009438,False,,,
ALT-009439,True,unauthorised_access,ana_004,2026-07-02
ALT-009440,False,,,
ALT-009441,False,,,
ALT-009442,True,data_exfiltration,ana_004,2026-07-05
ALT-009443,False,,,
ALT-009444,False,,,
ALT-009445,False,,,
ALT-009446,False,,,
ALT-009447,True,malware_infection,ana_004,2026-07-04
ALT-009448,False,,,
ALT-009449,False,,,
ALT-009450,False,,,
ALT-009451,False,,,
ALT-009452,True,lateral_movement,ana_004,2026-07-03
ALT-009453,True,malware_infection,ana_004,2026-07-01
ALT-009454,False,,,
ALT-009455,False,,,
ALT-009456,False,,,
ALT-009457,False,,,
ALT-009458,False,,,
ALT-009459,False,,,
ALT-009460,False,,,
ALT-009461,False,,,
ALT-009462,False,,,
ALT-009463,False,,,
ALT-009464,False,,,
ALT-009465,False,,,
ALT-009466,False,,,
ALT-009467,True,dns_tunnelling,ana_004,2026-07-04
ALT-009468,False,,,
ALT-009469,False,,,
ALT-009470,False,,,
ALT-009471,True,brute_force_intrusion,ana_004,2026-07-05
ALT-009472,False,,,
ALT-009473,False,,,
ALT-009474,False,,,
ALT-009475,False,,,
ALT-009476,False,,,
ALT-009477,False,,,
ALT-009478,False,,,
ALT-009479,False,,,
ALT-009480,True,dns_tunnelling,ana_004,2026-07-05
ALT-009481,False,,,
ALT-009482,False,,,
ALT-009483,True,dns_tunnelling,ana_004,2026-07-04
ALT-009484,False,,,
ALT-009485,False,,,
ALT-009486,False,,,
ALT-009487,False,,,
ALT-009488,False,,,
ALT-009489,False,,,
ALT-009490,False,,,
ALT-009491,False,,,
ALT-009492,True,dns_tunnelling,ana_004,2026-07-02
ALT-009493,False,,,
ALT-009494,False,,,
ALT-009495,False,,,
ALT-009496,False,,,
ALT-009497,False,,,
ALT-009498,False,,,
ALT-009499,False,,,
ALT-009500,False,,,
ALT-009501,False,,,
ALT-009502,False,,,
ALT-009503,False,,,
ALT-009504,False,,,
ALT-009505,False,,,
ALT-009506,False,,,
ALT-009507,False,,,
ALT-009508,False,,,
ALT-009509,False,,,
ALT-009510,False,,,
ALT-009511,True,lateral_movement,ana_004,2026-07-06
ALT-009512,False,,,
ALT-009513,False,,,
ALT-009514,False,,,
ALT-009515,False,,,
ALT-009516,True,unauthorised_access,ana_004,2026-07-06
ALT-009517,False,,,
ALT-009518,False,,,
ALT-009519,True,dns_tunnelling,ana_004,2026-07-06
ALT-009520,False,,,
ALT-009521,False,,,
ALT-009522,False,,,
ALT-009523,False,,,
ALT-009524,False,,,
ALT-009525,False,,,
ALT-009526,True,malware_infection,ana_004,2026-07-02
ALT-009527,False,,,
ALT-009528,False,,,
ALT-009529,False,,,
ALT-009530,False,,,
ALT-009531,False,,,
ALT-009532,True,malware_infection,ana_004,2026-07-02
ALT-009533,True,lateral_movement,ana_004,2026-07-06
ALT-009534,False,,,
ALT-009535,False,,,
ALT-009536,False,,,
ALT-009537,False,,,
ALT-009538,False,,,
ALT-009539,True,unauthorised_access,ana_004,2026-07-04
ALT-009540,False,,,
ALT-009541,False,,,
ALT-009542,False,,,
ALT-009543,False,,,
ALT-009544,False,,,
ALT-009545,False,,,
ALT-009546,True,dns_tunnelling,ana_004,2026-07-06
ALT-009547,False,,,
ALT-009548,True,data_exfiltration,ana_004,2026-07-01
ALT-009549,False,,,
ALT-009550,False,,,
ALT-009551,True,brute_force_intrusion,ana_004,2026-07-06
ALT-009552,False,,,
ALT-009553,False,,,
ALT-009554,False,,,
ALT-009555,False,,,
ALT-009556,False,,,
ALT-009557,False,,,
ALT-009558,False,,,
ALT-009559,False,,,
ALT-009560,True,data_exfiltration,ana_004,2026-07-04
ALT-009561,False,,,
ALT-009562,False,,,
ALT-009563,False,,,
ALT-009564,False,,,
ALT-009565,False,,,
ALT-009566,False,,,
ALT-009567,False,,,
ALT-009568,False,,,
ALT-009569,False,,,
ALT-009570,False,,,
ALT-009571,False,,,
ALT-009572,False,,,
ALT-009573,False,,,
ALT-009574,False,,,
ALT-009575,True,brute_force_intrusion,ana_004,2026-07-03
ALT-009576,False,,,
ALT-009577,False,,,
ALT-009578,True,unauthorised_access,ana_004,2026-07-03
ALT-009579,False,,,
ALT-009580,False,,,
ALT-009581,True,policy_violation_confirmed,ana_004,2026-07-04
ALT-009582,False,,,
ALT-009583,True,malware_infection,ana_004,2026-07-05
ALT-009584,False,,,
ALT-009585,False,,,
ALT-009586,False,,,
ALT-009587,False,,,
ALT-009588,False,,,
ALT-009589,False,,,
ALT-009590,False,,,
ALT-009591,False,,,
ALT-009592,False,,,
ALT-009593,True,lateral_movement,ana_004,2026-07-01
ALT-009594,True,policy_violation_confirmed,ana_004,2026-07-04
ALT-009595,False,,,
ALT-009596,True,malware_infection,ana_004,2026-07-05
ALT-009597,False,,,
ALT-009598,False,,,
ALT-009599,False,,,
ALT-009600,True,data_exfiltration,ana_004,2026-07-01
ALT-009601,True,data_exfiltration,ana_004,2026-07-05
ALT-009602,True,dns_tunnelling,ana_004,2026-07-04
ALT-009603,False,,,
ALT-009604,False,,,
ALT-009605,False,,,
ALT-009606,False,,,
ALT-009607,False,,,
ALT-009608,True,data_exfiltration,ana_004,2026-07-04
ALT-009609,False,,,
ALT-009610,True,data_exfiltration,ana_004,2026-07-05
ALT-009611,False,,,
ALT-009612,True,unauthorised_access,ana_004,2026-07-02
ALT-009613,False,,,
ALT-009614,True,unauthorised_access,ana_004,2026-07-05
ALT-009615,False,,,
ALT-009616,False,,,
ALT-009617,False,,,
ALT-009618,False,,,
ALT-009619,False,,,
ALT-009620,False,,,
ALT-009621,False,,,
ALT-009622,False,,,
ALT-009623,True,dns_tunnelling,ana_004,2026-07-03
ALT-009624,False,,,
ALT-009625,False,,,
ALT-009626,False,,,
ALT-009627,True,unauthorised_access,ana_004,2026-07-06
ALT-009628,False,,,
ALT-009629,True,policy_violation_confirmed,ana_004,2026-07-03
ALT-009630,False,,,
ALT-009631,False,,,
ALT-009632,True,lateral_movement,ana_004,2026-07-03
ALT-009633,True,lateral_movement,ana_004,2026-07-01
ALT-009634,False,,,
ALT-009635,False,,,
ALT-009636,False,,,
ALT-009637,False,,,
ALT-009638,False,,,
ALT-009639,True,lateral_movement,ana_004,2026-07-06
ALT-009640,False,,,
ALT-009641,True,data_exfiltration,ana_004,2026-07-01
ALT-009642,False,,,
ALT-009643,False,,,
ALT-009644,False,,,
ALT-009645,False,,,
ALT-009646,True,brute_force_intrusion,ana_004,2026-07-03
ALT-009647,False,,,
ALT-009648,False,,,
ALT-009649,True,unauthorised_access,ana_004,2026-07-04
ALT-009650,False,,,
ALT-009651,False,,,
ALT-009652,False,,,
ALT-009653,True,lateral_movement,ana_004,2026-07-06
ALT-009654,False,,,
ALT-009655,False,,,
ALT-009656,True,brute_force_intrusion,ana_004,2026-07-04
ALT-009657,False,,,
ALT-009658,False,,,
ALT-009659,False,,,
ALT-009660,False,,,
ALT-009661,False,,,
ALT-009662,True,lateral_movement,ana_004,2026-07-03
ALT-009663,False,,,
ALT-009664,False,,,
ALT-009665,False,,,
ALT-009666,False,,,
ALT-009667,True,lateral_movement,ana_004,2026-07-06
ALT-009668,False,,,
ALT-009669,True,unauthorised_access,ana_004,2026-07-06
ALT-009670,False,,,
ALT-009671,True,brute_force_intrusion,ana_004,2026-07-05
ALT-009672,False,,,
ALT-009673,False,,,
ALT-009674,False,,,
ALT-009675,False,,,
ALT-009676,True,malware_infection,ana_004,2026-07-04
ALT-009677,False,,,
ALT-009678,True,malware_infection,ana_004,2026-07-04
ALT-009679,False,,,
ALT-009680,False,,,
ALT-009681,False,,,
ALT-009682,True,brute_force_intrusion,ana_004,2026-07-02
ALT-009683,False,,,
ALT-009684,False,,,
ALT-009685,False,,,
ALT-009686,False,,,
ALT-009687,True,data_exfiltration,ana_004,2026-07-03
ALT-009688,True,dns_tunnelling,ana_004,2026-07-03
ALT-009689,False,,,
ALT-009690,False,,,
ALT-009691,False,,,
ALT-009692,False,,,
ALT-009693,False,,,
ALT-009694,False,,,
ALT-009695,False,,,
ALT-009696,False,,,
ALT-009697,False,,,
ALT-009698,False,,,
ALT-009699,False,,,
ALT-009700,False,,,
ALT-009701,True,unauthorised_access,ana_004,2026-07-06
ALT-009702,True,data_exfiltration,ana_004,2026-07-02
ALT-009703,False,,,
ALT-009704,False,,,
ALT-009705,False,,,
ALT-009706,False,,,
ALT-009707,True,brute_force_intrusion,ana_004,2026-07-06
ALT-009708,True,data_exfiltration,ana_004,2026-07-04
ALT-009709,False,,,
ALT-009710,True,brute_force_intrusion,ana_004,2026-07-01
ALT-009711,False,,,
ALT-009712,True,unauthorised_access,ana_004,2026-07-06
ALT-009713,False,,,
ALT-009714,False,,,
ALT-009715,True,lateral_movement,ana_004,2026-07-03
ALT-009716,True,unauthorised_access,ana_004,2026-07-06
ALT-009717,False,,,
ALT-009718,False,,,
ALT-009719,True,malware_infection,ana_004,2026-07-03
ALT-009720,True,policy_violation_confirmed,ana_004,2026-07-03
ALT-009721,False,,,
ALT-009722,False,,,
ALT-009723,False,,,
ALT-009724,False,,,
ALT-009725,True,policy_violation_confirmed,ana_004,2026-07-06
ALT-009726,False,,,
ALT-009727,False,,,
ALT-009728,False,,,
ALT-009729,False,,,
ALT-009730,False,,,
ALT-009731,True,brute_force_intrusion,ana_004,2026-07-06
ALT-009732,False,,,
ALT-009733,False,,,
ALT-009734,False,,,
ALT-009735,True,unauthorised_access,ana_004,2026-07-06
ALT-009736,False,,,
ALT-009737,False,,,
ALT-009738,False,,,
ALT-009739,True,data_exfiltration,ana_004,2026-07-02
ALT-009740,True,malware_infection,ana_004,2026-07-03
ALT-009741,True,unauthorised_access,ana_004,2026-07-05
ALT-009742,False,,,
ALT-009743,False,,,
ALT-009744,False,,,
ALT-009745,False,,,
ALT-009746,True,brute_force_intrusion,ana_004,2026-07-06
ALT-009747,True,data_exfiltration,ana_004,2026-07-03
ALT-009748,False,,,
ALT-009749,False,,,
ALT-009750,False,,,
ALT-009751,False,,,
ALT-009752,False,,,
ALT-009753,True,brute_force_intrusion,ana_004,2026-07-04
ALT-009754,False,,,
ALT-009755,True,lateral_movement,ana_004,2026-07-05
ALT-009756,False,,,
ALT-009757,False,,,
ALT-009758,False,,,
ALT-009759,False,,,
ALT-009760,True,dns_tunnelling,ana_004,2026-07-03
ALT-009761,True,malware_infection,ana_004,2026-07-05
ALT-009762,False,,,
ALT-009763,False,,,
ALT-009764,False,,,
ALT-009765,False,,,
ALT-009766,True,policy_violation_confirmed,ana_004,2026-07-03
ALT-009767,False,,,
ALT-009768,False,,,
ALT-009769,False,,,
ALT-009770,False,,,
ALT-009771,False,,,
ALT-009772,False,,,
ALT-009773,False,,,
ALT-009774,True,malware_infection,ana_004,2026-07-06
ALT-009775,False,,,
ALT-009776,False,,,
ALT-009777,True,lateral_movement,ana_004,2026-07-02
ALT-009778,False,,,
ALT-009779,False,,,
ALT-009780,False,,,
ALT-009781,True,unauthorised_access,ana_004,2026-07-01
ALT-009782,False,,,
ALT-009783,False,,,
ALT-009784,False,,,
ALT-009785,False,,,
ALT-009786,False,,,
ALT-009787,False,,,
ALT-009788,False,,,
ALT-009789,True,data_exfiltration,ana_004,2026-07-06
ALT-009790,False,,,
ALT-009791,False,,,
ALT-009792,False,,,
ALT-009793,False,,,
ALT-009794,False,,,
ALT-009795,True,malware_infection,ana_004,2026-07-05
ALT-009796,False,,,
ALT-009797,False,,,
ALT-009798,False,,,
ALT-009799,False,,,
ALT-009800,False,,,
ALT-009801,True,lateral_movement,ana_004,2026-07-04
ALT-009802,True,brute_force_intrusion,ana_004,2026-07-01
ALT-009803,True,policy_violation_confirmed,ana_004,2026-07-04
ALT-009804,True,brute_force_intrusion,ana_004,2026-07-01
ALT-009805,False,,,
ALT-009806,False,,,
ALT-009807,False,,,
ALT-009808,True,dns_tunnelling,ana_004,2026-07-05
ALT-009809,False,,,
ALT-009810,False,,,
ALT-009811,True,unauthorised_access,ana_004,2026-07-01
ALT-009812,False,,,
ALT-009813,False,,,
ALT-009814,False,,,
ALT-009815,True,dns_tunnelling,ana_004,2026-07-01
ALT-009816,True,malware_infection,ana_004,2026-07-01
ALT-009817,False,,,
ALT-009818,False,,,
ALT-009819,True,brute_force_intrusion,ana_004,2026-07-04
ALT-009820,False,,,
ALT-009821,True,policy_violation_confirmed,ana_004,2026-07-04
ALT-009822,False,,,
ALT-009823,False,,,
ALT-009824,False,,,
ALT-009825,False,,,
ALT-009826,False,,,
ALT-009827,True,lateral_movement,ana_004,2026-07-02
ALT-009828,False,,,
ALT-009829,False,,,
ALT-009830,False,,,
ALT-009831,False,,,
ALT-009832,True,dns_tunnelling,ana_004,2026-07-01
ALT-009833,True,dns_tunnelling,ana_004,2026-07-03
ALT-009834,True,malware_infection,ana_004,2026-07-05
ALT-009835,False,,,
ALT-009836,True,malware_infection,ana_004,2026-07-04
ALT-009837,True,brute_force_intrusion,ana_004,2026-07-06
ALT-009838,False,,,
ALT-009839,False,,,
ALT-009840,False,,,
ALT-009841,False,,,
ALT-009842,True,data_exfiltration,ana_004,2026-07-04
ALT-009843,False,,,
ALT-009844,False,,,
ALT-009845,False,,,
ALT-009846,True,unauthorised_access,ana_004,2026-07-03
ALT-009847,True,dns_tunnelling,ana_004,2026-07-01
ALT-009848,False,,,
ALT-009849,False,,,
ALT-009850,True,unauthorised_access,ana_004,2026-07-04
ALT-009851,False,,,
ALT-009852,False,,,
ALT-009853,False,,,
ALT-009854,False,,,
ALT-009855,False,,,
ALT-009856,False,,,
ALT-009857,False,,,
ALT-009858,False,,,
ALT-009859,False,,,
ALT-009860,False,,,
ALT-009861,True,unauthorised_access,ana_004,2026-07-06
ALT-009862,False,,,
ALT-009863,True,data_exfiltration,ana_004,2026-07-06
ALT-009864,False,,,
ALT-009865,True,lateral_movement,ana_004,2026-07-02
ALT-009866,False,,,
ALT-009867,False,,,
ALT-009868,False,,,
ALT-009869,True,lateral_movement,ana_004,2026-07-05
ALT-009870,False,,,
ALT-009871,False,,,
ALT-009872,True,brute_force_intrusion,ana_004,2026-07-01
ALT-009873,False,,,
ALT-009874,False,,,
ALT-009875,False,,,
ALT-009876,False,,,
ALT-009877,False,,,
ALT-009878,False,,,
ALT-009879,True,policy_violation_confirmed,ana_004,2026-07-03
ALT-009880,False,,,
ALT-009881,False,,,
ALT-009882,False,,,
ALT-009883,False,,,
ALT-009884,True,dns_tunnelling,ana_004,2026-07-04
ALT-009885,False,,,
ALT-009886,True,unauthorised_access,ana_004,2026-07-03
ALT-009887,True,malware_infection,ana_004,2026-07-02
ALT-009888,True,malware_infection,ana_004,2026-07-05
ALT-009889,True,dns_tunnelling,ana_004,2026-07-03
ALT-009890,False,,,
ALT-009891,True,policy_violation_confirmed,ana_004,2026-07-04
ALT-009892,False,,,
ALT-009893,False,,,
ALT-009894,True,policy_violation_confirmed,ana_004,2026-07-01
ALT-009895,False,,,
ALT-009896,False,,,
ALT-009897,False,,,
ALT-009898,False,,,
ALT-009899,False,,,
ALT-009900,True,brute_force_intrusion,ana_004,2026-07-05
ALT-009901,True,policy_violation_confirmed,ana_004,2026-07-06
ALT-009902,False,,,
ALT-009903,False,,,
ALT-009904,False,,,
ALT-009905,True,unauthorised_access,ana_004,2026-07-05
ALT-009906,False,,,
ALT-009907,False,,,
ALT-009908,False,,,
ALT-009909,False,,,
ALT-009910,False,,,
ALT-009911,True,data_exfiltration,ana_004,2026-07-02
ALT-009912,False,,,
ALT-009913,False,,,
ALT-009914,True,policy_violation_confirmed,ana_004,2026-07-06
ALT-009915,False,,,
ALT-009916,False,,,
ALT-009917,False,,,
ALT-009918,False,,,
ALT-009919,False,,,
ALT-009920,False,,,
ALT-009921,False,,,
ALT-009922,False,,,
ALT-009923,False,,,
ALT-009924,False,,,
ALT-009925,False,,,
ALT-009926,False,,,
ALT-009927,False,,,
ALT-009928,False,,,
ALT-009929,False,,,
ALT-009930,True,brute_force_intrusion,ana_004,2026-07-02
ALT-009931,True,policy_violation_confirmed,ana_004,2026-07-06
ALT-009932,True,data_exfiltration,ana_004,2026-07-05
ALT-009933,True,lateral_movement,ana_004,2026-07-01
ALT-009934,False,,,
ALT-009935,False,,,
ALT-009936,False,,,
ALT-009937,False,,,
ALT-009938,False,,,
ALT-009939,False,,,
ALT-009940,True,malware_infection,ana_004,2026-07-05
ALT-009941,True,data_exfiltration,ana_004,2026-07-06
ALT-009942,True,brute_force_intrusion,ana_004,2026-07-06
ALT-009943,False,,,
ALT-009944,False,,,
ALT-009945,False,,,
ALT-009946,False,,,
ALT-009947,False,,,
ALT-009948,False,,,
ALT-009949,False,,,
ALT-009950,False,,,
ALT-009951,False,,,
ALT-009952,False,,,
ALT-009953,True,brute_force_intrusion,ana_004,2026-07-05
ALT-009954,False,,,
ALT-009955,False,,,
ALT-009956,False,,,
ALT-009957,False,,,
ALT-009958,False,,,
ALT-009959,True,lateral_movement,ana_004,2026-07-04
ALT-009960,True,unauthorised_access,ana_004,2026-07-03
ALT-009961,False,,,
ALT-009962,False,,,
ALT-009963,True,policy_violation_confirmed,ana_004,2026-07-01
ALT-009964,False,,,
ALT-009965,False,,,
ALT-009966,True,unauthorised_access,ana_004,2026-07-04
ALT-009967,False,,,
ALT-009968,False,,,
ALT-009969,False,,,
ALT-009970,False,,,
ALT-009971,False,,,
ALT-009972,True,unauthorised_access,ana_004,2026-07-06
ALT-009973,False,,,
ALT-009974,False,,,
ALT-009975,False,,,
ALT-009976,False,,,
ALT-009977,False,,,
ALT-009978,False,,,
ALT-009979,False,,,
ALT-009980,False,,,
ALT-009981,False,,,
ALT-009982,False,,,
ALT-009983,True,unauthorised_access,ana_004,2026-07-05
ALT-009984,False,,,
ALT-009985,False,,,
ALT-009986,False,,,
ALT-009987,True,data_exfiltration,ana_004,2026-07-04
ALT-009988,False,,,
ALT-009989,False,,,
ALT-009990,False,,,
ALT-009991,False,,,
ALT-009992,True,unauthorised_access,ana_004,2026-07-04
ALT-009993,False,,,
ALT-009994,False,,,
ALT-009995,False,,,
ALT-009996,False,,,
ALT-009997,False,,,
ALT-009998,False,,,
ALT-009999,False,,,
ALT-010000,False,,,
ALT-010001,False,,,
ALT-010002,True,lateral_movement,ana_004,2026-07-03
ALT-010003,False,,,
ALT-010004,False,,,
ALT-010005,False,,,
ALT-010006,False,,,
ALT-010007,False,,,
ALT-010008,False,,,
ALT-010009,True,malware_infection,ana_004,2026-07-04
ALT-010010,False,,,
ALT-010011,False,,,
ALT-010012,False,,,
ALT-010013,False,,,
ALT-010014,False,,,
ALT-010015,False,,,
ALT-010016,True,policy_violation_confirmed,ana_004,2026-07-05
ALT-010017,False,,,
ALT-010018,False,,,
ALT-010019,True,dns_tunnelling,ana_004,2026-07-03
ALT-010020,False,,,
ALT-010021,False,,,
ALT-010022,False,,,
ALT-010023,True,dns_tunnelling,ana_004,2026-07-04
ALT-010024,False,,,
ALT-010025,False,,,
ALT-010026,False,,,
ALT-010027,False,,,
ALT-010028,False,,,
ALT-010029,True,policy_violation_confirmed,ana_004,2026-07-02
ALT-010030,False,,,
ALT-010031,True,malware_infection,ana_004,2026-07-06
ALT-010032,False,,,
ALT-010033,False,,,
ALT-010034,False,,,
ALT-010035,False,,,
ALT-010036,False,,,
ALT-010037,False,,,
ALT-010038,False,,,
ALT-010039,False,,,
ALT-010040,False,,,
ALT-010041,False,,,
ALT-010042,False,,,
ALT-010043,False,,,
ALT-010044,True,malware_infection,ana_004,2026-07-04
ALT-010045,False,,,
ALT-010046,False,,,
ALT-010047,False,,,
ALT-010048,True,unauthorised_access,ana_004,2026-07-03
ALT-010049,True,data_exfiltration,ana_004,2026-07-02
ALT-010050,True,policy_violation_confirmed,ana_004,2026-07-04
ALT-010051,True,data_exfiltration,ana_004,2026-07-02
ALT-010052,False,,,
ALT-010053,False,,,
ALT-010054,False,,,
ALT-010055,False,,,
ALT-010056,True,dns_tunnelling,ana_004,2026-07-01
ALT-010057,True,unauthorised_access,ana_004,2026-07-02
ALT-010058,False,,,
ALT-010059,False,,,
ALT-010060,False,,,
ALT-010061,False,,,
ALT-010062,True,malware_infection,ana_004,2026-07-06
ALT-010063,False,,,
ALT-010064,True,brute_force_intrusion,ana_004,2026-07-05
ALT-010065,False,,,
ALT-010066,True,malware_infection,ana_004,2026-07-05
ALT-010067,False,,,
ALT-010068,False,,,
ALT-010069,False,,,
ALT-010070,True,policy_violation_confirmed,ana_004,2026-07-04
ALT-010071,False,,,
ALT-010072,False,,,
ALT-010073,False,,,
ALT-010074,False,,,
ALT-010075,False,,,
ALT-010076,False,,,
ALT-010077,False,,,
ALT-010078,False,,,
ALT-010079,False,,,
ALT-010080,True,lateral_movement,ana_004,2026-07-05
ALT-010081,False,,,
ALT-010082,False,,,
ALT-010083,True,policy_violation_confirmed,ana_004,2026-07-04
ALT-010084,False,,,
ALT-010085,False,,,
ALT-010086,True,malware_infection,ana_004,2026-07-06
ALT-010087,True,dns_tunnelling,ana_004,2026-07-06
ALT-010088,True,dns_tunnelling,ana_004,2026-07-03
ALT-010089,False,,,
ALT-010090,False,,,
ALT-010091,False,,,
ALT-010092,False,,,
ALT-010093,False,,,
ALT-010094,False,,,
ALT-010095,False,,,
ALT-010096,False,,,
ALT-010097,False,,,
ALT-010098,True,malware_infection,ana_004,2026-07-01
ALT-010099,True,lateral_movement,ana_004,2026-07-05
ALT-010100,False,,,
ALT-010101,False,,,
ALT-010102,True,data_exfiltration,ana_004,2026-07-04
ALT-010103,False,,,
ALT-010104,True,policy_violation_confirmed,ana_004,2026-07-06
ALT-010105,False,,,
ALT-010106,True,dns_tunnelling,ana_004,2026-07-03
ALT-010107,True,lateral_movement,ana_004,2026-07-02
ALT-010108,False,,,
ALT-010109,False,,,
ALT-010110,False,,,
ALT-010111,False,,,
ALT-010112,False,,,
ALT-010113,False,,,
ALT-010114,True,malware_infection,ana_004,2026-07-01
ALT-010115,False,,,
ALT-010116,False,,,
ALT-010117,False,,,
ALT-010118,False,,,
ALT-010119,True,malware_infection,ana_004,2026-07-05
ALT-010120,False,,,
ALT-010121,False,,,
ALT-010122,False,,,
ALT-010123,True,policy_violation_confirmed,ana_004,2026-07-06
ALT-010124,False,,,
ALT-010125,False,,,
ALT-010126,False,,,
ALT-010127,False,,,
ALT-010128,False,,,
ALT-010129,False,,,
ALT-010130,False,,,
ALT-010131,False,,,
ALT-010132,False,,,
ALT-010133,False,,,
ALT-010134,False,,,
ALT-010135,False,,,
ALT-010136,False,,,
ALT-010137,True,brute_force_intrusion,ana_004,2026-07-05
ALT-010138,False,,,
ALT-010139,False,,,
ALT-010140,False,,,
ALT-010141,True,unauthorised_access,ana_004,2026-07-02
ALT-010142,False,,,
ALT-010143,False,,,
ALT-010144,True,brute_force_intrusion,ana_004,2026-07-04
ALT-010145,True,policy_violation_confirmed,ana_004,2026-07-06
ALT-010146,False,,,
ALT-010147,False,,,
ALT-010148,False,,,
ALT-010149,True,unauthorised_access,ana_004,2026-07-03
ALT-010150,False,,,
ALT-010151,False,,,
ALT-010152,True,dns_tunnelling,ana_004,2026-07-05
ALT-010153,False,,,
ALT-010154,False,,,
ALT-010155,True,data_exfiltration,ana_004,2026-07-05
ALT-010156,False,,,
ALT-010157,False,,,
ALT-010158,False,,,
ALT-010159,False,,,
ALT-010160,False,,,
ALT-010161,True,malware_infection,ana_004,2026-07-01
ALT-010162,False,,,
ALT-010163,False,,,
ALT-010164,False,,,
ALT-010165,False,,,
ALT-010166,True,brute_force_intrusion,ana_004,2026-07-01
ALT-010167,True,dns_tunnelling,ana_004,2026-07-03
ALT-010168,False,,,
ALT-010169,True,policy_violation_confirmed,ana_004,2026-07-06
ALT-010170,False,,,
ALT-010171,False,,,
ALT-010172,False,,,
ALT-010173,False,,,
ALT-010174,False,,,
ALT-010175,False,,,
ALT-010176,False,,,
ALT-010177,False,,,
ALT-010178,False,,,
ALT-010179,False,,,
ALT-010180,False,,,
ALT-010181,False,,,
ALT-010182,False,,,
ALT-010183,True,dns_tunnelling,ana_004,2026-07-06
ALT-010184,True,policy_violation_confirmed,ana_004,2026-07-06
ALT-010185,False,,,
ALT-010186,True,dns_tunnelling,ana_004,2026-07-05
ALT-010187,True,policy_violation_confirmed,ana_004,2026-07-04
ALT-010188,True,brute_force_intrusion,ana_004,2026-07-04
ALT-010189,True,malware_infection,ana_004,2026-07-04
ALT-010190,False,,,
ALT-010191,False,,,
ALT-010192,False,,,
ALT-010193,False,,,
ALT-010194,False,,,
ALT-010195,False,,,
ALT-010196,False,,,
ALT-010197,False,,,
ALT-010198,True,dns_tunnelling,ana_004,2026-07-03
ALT-010199,False,,,
ALT-010200,False,,,
ALT-010201,False,,,
ALT-010202,False,,,
ALT-010203,False,,,
ALT-010204,True,dns_tunnelling,ana_004,2026-07-05
ALT-010205,False,,,
ALT-010206,True,brute_force_intrusion,ana_004,2026-07-04
ALT-010207,True,lateral_movement,ana_004,2026-07-03
ALT-010208,True,unauthorised_access,ana_004,2026-07-01
ALT-010209,False,,,
ALT-010210,False,,,
ALT-010211,False,,,
ALT-010212,True,brute_force_intrusion,ana_004,2026-07-06
ALT-010213,False,,,
ALT-010214,False,,,
ALT-010215,False,,,
ALT-010216,False,,,
ALT-010217,False,,,
ALT-010218,True,unauthorised_access,ana_004,2026-07-04
ALT-010219,False,,,
ALT-010220,False,,,
ALT-010221,True,brute_force_intrusion,ana_004,2026-07-03
ALT-010222,False,,,
ALT-010223,False,,,
ALT-010224,False,,,
ALT-010225,False,,,
ALT-010226,False,,,
ALT-010227,False,,,
ALT-010228,False,,,
ALT-010229,False,,,
ALT-010230,False,,,
ALT-010231,True,brute_force_intrusion,ana_004,2026-07-05
ALT-010232,False,,,
ALT-010233,True,brute_force_intrusion,ana_004,2026-07-05
ALT-010234,False,,,
ALT-010235,False,,,
ALT-010236,False,,,
ALT-010237,False,,,
ALT-010238,False,,,
ALT-010239,True,policy_violation_confirmed,ana_004,2026-07-06
ALT-010240,True,unauthorised_access,ana_004,2026-07-02
ALT-010241,False,,,
ALT-010242,False,,,
ALT-010243,False,,,
ALT-010244,False,,,
ALT-010245,False,,,
ALT-010246,False,,,
ALT-010247,True,malware_infection,ana_004,2026-07-05
ALT-010248,False,,,
ALT-010249,False,,,
ALT-010250,True,policy_violation_confirmed,ana_004,2026-07-01
ALT-010251,False,,,
ALT-010252,False,,,
ALT-010253,True,dns_tunnelling,ana_004,2026-07-01
ALT-010254,False,,,
ALT-010255,False,,,
ALT-010256,False,,,
ALT-010257,False,,,
ALT-010258,False,,,
ALT-010259,True,unauthorised_access,ana_004,2026-07-05
ALT-010260,False,,,
ALT-010261,False,,,
ALT-010262,False,,,
ALT-010263,False,,,
ALT-010264,False,,,
ALT-010265,False,,,
ALT-010266,True,data_exfiltration,ana_004,2026-07-01
ALT-010267,False,,,
ALT-010268,True,data_exfiltration,ana_004,2026-07-03
ALT-010269,False,,,
ALT-010270,False,,,
ALT-010271,False,,,
ALT-010272,False,,,
ALT-010273,False,,,
ALT-010274,True,brute_force_intrusion,ana_004,2026-07-06
ALT-010275,False,,,
ALT-010276,False,,,
ALT-010277,False,,,
ALT-010278,True,data_exfiltration,ana_004,2026-07-05
ALT-010279,True,unauthorised_access,ana_004,2026-07-02
ALT-010280,True,data_exfiltration,ana_004,2026-07-02
ALT-010281,False,,,
ALT-010282,False,,,
ALT-010283,True,policy_violation_confirmed,ana_004,2026-07-05
ALT-010284,False,,,
ALT-010285,True,brute_force_intrusion,ana_004,2026-07-01
ALT-010286,True,dns_tunnelling,ana_004,2026-07-04
ALT-010287,True,unauthorised_access,ana_004,2026-07-03
ALT-010288,False,,,
ALT-010289,False,,,
ALT-010290,True,policy_violation_confirmed,ana_004,2026-07-02
ALT-010291,True,policy_violation_confirmed,ana_004,2026-07-02
ALT-010292,False,,,
ALT-010293,False,,,
ALT-010294,True,dns_tunnelling,ana_004,2026-07-03
ALT-010295,False,,,
ALT-010296,True,unauthorised_access,ana_004,2026-07-03
ALT-010297,False,,,
ALT-010298,True,malware_infection,ana_004,2026-07-01
ALT-010299,False,,,
ALT-010300,False,,,
ALT-010301,False,,,
ALT-010302,True,lateral_movement,ana_004,2026-07-01
ALT-010303,True,data_exfiltration,ana_004,2026-07-04
ALT-010304,False,,,
ALT-010305,False,,,
ALT-010306,False,,,
ALT-010307,False,,,
ALT-010308,False,,,
ALT-010309,True,malware_infection,ana_004,2026-07-01
ALT-010310,False,,,
ALT-010311,False,,,
ALT-010312,False,,,
ALT-010313,False,,,
ALT-010314,False,,,
ALT-010315,False,,,
ALT-010316,True,brute_force_intrusion,ana_004,2026-07-01
ALT-010317,False,,,
ALT-010318,False,,,
ALT-010319,False,,,
ALT-010320,False,,,
ALT-010321,False,,,
ALT-010322,True,lateral_movement,ana_004,2026-07-06
ALT-010323,False,,,
ALT-010324,True,lateral_movement,ana_004,2026-07-02
ALT-010325,False,,,
ALT-010326,False,,,
ALT-010327,False,,,
ALT-010328,False,,,
ALT-010329,False,,,
ALT-010330,False,,,
ALT-010331,False,,,
ALT-010332,False,,,
ALT-010333,False,,,
ALT-010334,False,,,
ALT-010335,False,,,
ALT-010336,False,,,
ALT-010337,True,dns_tunnelling,ana_004,2026-07-03
ALT-010338,False,,,
ALT-010339,False,,,
ALT-010340,False,,,
ALT-010341,True,policy_violation_confirmed,ana_004,2026-07-02
ALT-010342,False,,,
ALT-010343,False,,,
ALT-010344,False,,,
ALT-010345,False,,,
ALT-010346,True,unauthorised_access,ana_004,2026-07-01
ALT-010347,False,,,
ALT-010348,True,brute_force_intrusion,ana_004,2026-07-06
ALT-010349,True,data_exfiltration,ana_004,2026-07-06
ALT-010350,False,,,
ALT-010351,False,,,
ALT-010352,False,,,
ALT-010353,False,,,
ALT-010354,False,,,
ALT-010355,False,,,
ALT-010356,False,,,
ALT-010357,False,,,
ALT-010358,False,,,
ALT-010359,False,,,
ALT-010360,True,dns_tunnelling,ana_004,2026-07-04
ALT-010361,False,,,
ALT-010362,False,,,
ALT-010363,False,,,
ALT-010364,False,,,
ALT-010365,True,brute_force_intrusion,ana_004,2026-07-05
ALT-010366,True,dns_tunnelling,ana_004,2026-07-06
ALT-010367,False,,,
ALT-010368,False,,,
ALT-010369,False,,,
ALT-010370,False,,,
ALT-010371,False,,,
ALT-010372,True,unauthorised_access,ana_004,2026-07-04
ALT-010373,False,,,
ALT-010374,False,,,
ALT-010375,False,,,
ALT-010376,False,,,
ALT-010377,False,,,
ALT-010378,True,dns_tunnelling,ana_004,2026-07-06
ALT-010379,False,,,
ALT-010380,True,policy_violation_confirmed,ana_004,2026-07-04
ALT-010381,False,,,
ALT-010382,True,malware_infection,ana_004,2026-07-05
ALT-010383,True,unauthorised_access,ana_004,2026-07-01
ALT-010384,False,,,
ALT-010385,False,,,
ALT-010386,False,,,
ALT-010387,False,,,
ALT-010388,True,malware_infection,ana_004,2026-07-01
ALT-010389,False,,,
ALT-010390,False,,,
ALT-010391,True,lateral_movement,ana_004,2026-07-06
ALT-010392,False,,,
ALT-010393,True,dns_tunnelling,ana_004,2026-07-03
ALT-010394,True,data_exfiltration,ana_004,2026-07-01
ALT-010395,True,lateral_movement,ana_004,2026-07-01
ALT-010396,False,,,
ALT-010397,True,lateral_movement,ana_004,2026-07-02
ALT-010398,False,,,
ALT-010399,False,,,
ALT-010400,False,,,
ALT-010401,True,brute_force_intrusion,ana_004,2026-07-03
ALT-010402,True,data_exfiltration,ana_004,2026-07-01
ALT-010403,True,policy_violation_confirmed,ana_004,2026-07-05
ALT-010404,False,,,
ALT-010405,True,brute_force_intrusion,ana_004,2026-07-06
ALT-010406,False,,,
ALT-010407,False,,,
ALT-010408,False,,,
ALT-010409,True,dns_tunnelling,ana_004,2026-07-05
ALT-010410,False,,,
ALT-010411,False,,,
ALT-010412,False,,,
ALT-010413,False,,,
ALT-010414,False,,,
ALT-010415,True,data_exfiltration,ana_004,2026-07-02
ALT-010416,False,,,
ALT-010417,True,dns_tunnelling,ana_004,2026-07-02
ALT-010418,False,,,
ALT-010419,False,,,
ALT-010420,True,unauthorised_access,ana_004,2026-07-06
ALT-010421,False,,,
ALT-010422,False,,,
ALT-010423,False,,,
ALT-010424,False,,,
ALT-010425,False,,,
ALT-010426,False,,,
ALT-010427,False,,,
ALT-010428,True,data_exfiltration,ana_004,2026-07-02
ALT-010429,False,,,
ALT-010430,False,,,
ALT-010431,False,,,
ALT-010432,False,,,
ALT-010433,False,,,
ALT-010434,True,dns_tunnelling,ana_004,2026-07-04
ALT-010435,False,,,
ALT-010436,False,,,
ALT-010437,False,,,
ALT-010438,False,,,
ALT-010439,False,,,
ALT-010440,False,,,
ALT-010441,True,lateral_movement,ana_004,2026-07-02
ALT-010442,False,,,
ALT-010443,False,,,
ALT-010444,True,data_exfiltration,ana_004,2026-07-05
ALT-010445,False,,,
ALT-010446,True,policy_violation_confirmed,ana_004,2026-07-02
ALT-010447,False,,,
ALT-010448,False,,,
ALT-010449,True,data_exfiltration,ana_004,2026-07-06
ALT-010450,False,,,
ALT-010451,False,,,
ALT-010452,False,,,
ALT-010453,False,,,
ALT-010454,True,policy_violation_confirmed,ana_004,2026-07-05
ALT-010455,False,,,
ALT-010456,True,brute_force_intrusion,ana_004,2026-07-03
ALT-010457,False,,,
ALT-010458,True,dns_tunnelling,ana_004,2026-07-04
ALT-010459,True,dns_tunnelling,ana_004,2026-07-01
ALT-010460,False,,,
ALT-010461,False,,,
ALT-010462,False,,,
ALT-010463,True,lateral_movement,ana_004,2026-07-05
ALT-010464,True,policy_violation_confirmed,ana_004,2026-07-02
ALT-010465,False,,,
ALT-010466,False,,,
ALT-010467,False,,,
ALT-010468,False,,,
ALT-010469,False,,,
ALT-010470,True,malware_infection,ana_004,2026-07-06
ALT-010471,False,,,
ALT-010472,True,policy_violation_confirmed,ana_004,2026-07-04
ALT-010473,False,,,
ALT-010474,False,,,
ALT-010475,False,,,
ALT-010476,False,,,
ALT-010477,False,,,
ALT-010478,False,,,
ALT-010479,False,,,
ALT-010480,False,,,
ALT-010481,False,,,
ALT-010482,False,,,
ALT-010483,False,,,
ALT-010484,False,,,
ALT-010485,False,,,
ALT-010486,False,,,
ALT-010487,False,,,
ALT-010488,False,,,
ALT-010489,False,,,
ALT-010490,False,,,
ALT-010491,True,dns_tunnelling,ana_004,2026-07-03
ALT-010492,False,,,
ALT-010493,True,unauthorised_access,ana_004,2026-07-05
ALT-010494,False,,,
ALT-010495,True,lateral_movement,ana_004,2026-07-03
ALT-010496,True,unauthorised_access,ana_004,2026-07-06
ALT-010497,False,,,
ALT-010498,False,,,
ALT-010499,False,,,
ALT-010500,False,,,
ALT-010501,False,,,
ALT-010502,False,,,
ALT-010503,True,brute_force_intrusion,ana_004,2026-07-01
ALT-010504,False,,,
ALT-010505,False,,,
ALT-010506,False,,,
ALT-010507,False,,,
ALT-010508,True,malware_infection,ana_004,2026-07-02
ALT-010509,True,data_exfiltration,ana_004,2026-07-05
ALT-010510,False,,,
ALT-010511,False,,,
ALT-010512,False,,,
ALT-010513,False,,,
ALT-010514,False,,,
ALT-010515,True,brute_force_intrusion,ana_004,2026-07-02
ALT-010516,False,,,
ALT-010517,False,,,
ALT-010518,False,,,
ALT-010519,False,,,
ALT-010520,False,,,
ALT-010521,True,unauthorised_access,ana_004,2026-07-01
ALT-010522,False,,,
ALT-010523,False,,,
ALT-010524,False,,,
ALT-010525,True,brute_force_intrusion,ana_004,2026-07-01
ALT-010526,False,,,
ALT-010527,False,,,
ALT-010528,False,,,
ALT-010529,False,,,
ALT-010530,False,,,
ALT-010531,False,,,
ALT-010532,False,,,
ALT-010533,True,policy_violation_confirmed,ana_004,2026-07-02
ALT-010534,False,,,
ALT-010535,False,,,
ALT-010536,True,brute_force_intrusion,ana_004,2026-07-02
ALT-010537,False,,,
ALT-010538,False,,,
ALT-010539,False,,,
ALT-010540,False,,,
ALT-010541,False,,,
ALT-010542,False,,,
ALT-010543,False,,,
ALT-010544,True,malware_infection,ana_004,2026-07-02
ALT-010545,False,,,
ALT-010546,False,,,
ALT-010547,True,policy_violation_confirmed,ana_004,2026-07-01
ALT-010548,True,dns_tunnelling,ana_004,2026-07-02
ALT-010549,False,,,
ALT-010550,False,,,
ALT-010551,False,,,
ALT-010552,False,,,
ALT-010553,False,,,
ALT-010554,False,,,
ALT-010555,False,,,
ALT-010556,False,,,
ALT-010557,True,data_exfiltration,ana_004,2026-07-06
ALT-010558,True,brute_force_intrusion,ana_004,2026-07-05
ALT-010559,False,,,
ALT-010560,False,,,
ALT-010561,False,,,
ALT-010562,False,,,
ALT-010563,False,,,
ALT-010564,True,lateral_movement,ana_004,2026-07-03
ALT-010565,True,lateral_movement,ana_004,2026-07-04
ALT-010566,False,,,
ALT-010567,False,,,
ALT-010568,False,,,
ALT-010569,True,lateral_movement,ana_004,2026-07-02
ALT-010570,False,,,
ALT-010571,False,,,
ALT-010572,False,,,
ALT-010573,False,,,
ALT-010574,False,,,
ALT-010575,False,,,
ALT-010576,False,,,
ALT-010577,False,,,
ALT-010578,False,,,
ALT-010579,False,,,
ALT-010580,False,,,
ALT-010581,False,,,
ALT-010582,True,data_exfiltration,ana_004,2026-07-06
ALT-010583,False,,,
ALT-010584,False,,,
ALT-010585,False,,,
ALT-010586,True,brute_force_intrusion,ana_004,2026-07-06
ALT-010587,False,,,
ALT-010588,False,,,
ALT-010589,False,,,
ALT-010590,False,,,
ALT-010591,False,,,
ALT-010592,False,,,
ALT-010593,False,,,
ALT-010594,False,,,
ALT-010595,False,,,
ALT-010596,True,brute_force_intrusion,ana_004,2026-07-06
ALT-010597,False,,,
ALT-010598,True,policy_violation_confirmed,ana_004,2026-07-02
ALT-010599,True,brute_force_intrusion,ana_004,2026-07-05
ALT-010600,True,brute_force_intrusion,ana_004,2026-07-03
ALT-010601,False,,,
ALT-010602,True,unauthorised_access,ana_004,2026-07-03
ALT-010603,True,data_exfiltration,ana_004,2026-07-03
ALT-010604,False,,,
ALT-010605,False,,,
ALT-010606,False,,,
ALT-010607,True,malware_infection,ana_004,2026-07-03
ALT-010608,False,,,
ALT-010609,False,,,
ALT-010610,True,unauthorised_access,ana_004,2026-07-04
ALT-010611,False,,,
ALT-010612,False,,,
ALT-010613,False,,,
ALT-010614,True,dns_tunnelling,ana_004,2026-07-05
ALT-010615,False,,,
ALT-010616,False,,,
ALT-010617,True,brute_force_intrusion,ana_004,2026-07-02
ALT-010618,False,,,
ALT-010619,False,,,
ALT-010620,False,,,
ALT-010621,False,,,
ALT-010622,False,,,
ALT-010623,False,,,
ALT-010624,False,,,
ALT-010625,True,dns_tunnelling,ana_004,2026-07-05
ALT-010626,False,,,
ALT-010627,True,dns_tunnelling,ana_004,2026-07-03
ALT-010628,False,,,
ALT-010629,False,,,
ALT-010630,False,,,
ALT-010631,False,,,
ALT-010632,False,,,
ALT-010633,False,,,
ALT-010634,False,,,
ALT-010635,True,malware_infection,ana_004,2026-07-01
ALT-010636,False,,,
ALT-010637,False,,,
ALT-010638,True,dns_tunnelling,ana_004,2026-07-02
ALT-010639,False,,,
ALT-010640,False,,,
ALT-010641,False,,,
ALT-010642,False,,,
ALT-010643,True,malware_infection,ana_004,2026-07-05
ALT-010644,True,data_exfiltration,ana_004,2026-07-06
ALT-010645,False,,,
ALT-010646,False,,,
ALT-010647,True,policy_violation_confirmed,ana_004,2026-07-02
ALT-010648,True,lateral_movement,ana_004,2026-07-01
ALT-010649,False,,,
ALT-010650,True,data_exfiltration,ana_004,2026-07-06
ALT-010651,False,,,
ALT-010652,False,,,
ALT-010653,False,,,
ALT-010654,False,,,
ALT-010655,True,dns_tunnelling,ana_004,2026-07-05
ALT-010656,False,,,
ALT-010657,False,,,
ALT-010658,True,brute_force_intrusion,ana_004,2026-07-03
ALT-010659,False,,,
ALT-010660,False,,,
ALT-010661,False,,,
ALT-010662,True,malware_infection,ana_004,2026-07-03
ALT-010663,False,,,
ALT-010664,False,,,
ALT-010665,False,,,
ALT-010666,False,,,
ALT-010667,False,,,
ALT-010668,True,policy_violation_confirmed,ana_004,2026-07-06
ALT-010669,False,,,
ALT-010670,True,malware_infection,ana_004,2026-07-02
ALT-010671,False,,,
ALT-010672,True,unauthorised_access,ana_004,2026-07-04
ALT-010673,False,,,
ALT-010674,True,malware_infection,ana_004,2026-07-04
ALT-010675,True,brute_force_intrusion,ana_004,2026-07-05
ALT-010676,False,,,
ALT-010677,False,,,
ALT-010678,False,,,
ALT-010679,False,,,
ALT-010680,False,,,
ALT-010681,True,brute_force_intrusion,ana_004,2026-07-06
ALT-010682,False,,,
ALT-010683,False,,,
ALT-010684,False,,,
ALT-010685,False,,,
ALT-010686,True,malware_infection,ana_004,2026-07-03
ALT-010687,False,,,
ALT-010688,False,,,
ALT-010689,False,,,
ALT-010690,False,,,
ALT-010691,True,lateral_movement,ana_004,2026-07-05
ALT-010692,True,brute_force_intrusion,ana_004,2026-07-01
ALT-010693,True,policy_violation_confirmed,ana_004,2026-07-03
ALT-010694,False,,,
ALT-010695,False,,,
ALT-010696,False,,,
ALT-010697,True,dns_tunnelling,ana_004,2026-07-02
ALT-010698,False,,,
ALT-010699,True,data_exfiltration,ana_004,2026-07-05
ALT-010700,False,,,
ALT-010701,False,,,
ALT-010702,False,,,
ALT-010703,True,dns_tunnelling,ana_004,2026-07-02
ALT-010704,False,,,
ALT-010705,False,,,
ALT-010706,False,,,
ALT-010707,False,,,
ALT-010708,False,,,
ALT-010709,True,policy_violation_confirmed,ana_004,2026-07-04
ALT-010710,False,,,
ALT-010711,False,,,
ALT-010712,False,,,
ALT-010713,False,,,
ALT-010714,False,,,
ALT-010715,False,,,
ALT-010716,False,,,
ALT-010717,False,,,
ALT-010718,False,,,
ALT-010719,True,data_exfiltration,ana_004,2026-07-06
ALT-010720,False,,,
ALT-010721,False,,,
ALT-010722,False,,,
ALT-010723,False,,,
ALT-010724,False,,,
ALT-010725,False,,,
ALT-010726,False,,,
ALT-010727,True,dns_tunnelling,ana_004,2026-07-04
ALT-010728,False,,,
ALT-010729,False,,,
ALT-010730,False,,,
ALT-010731,True,data_exfiltration,ana_004,2026-07-02
ALT-010732,True,dns_tunnelling,ana_004,2026-07-01
ALT-010733,False,,,
ALT-010734,False,,,
ALT-010735,False,,,
ALT-010736,True,policy_violation_confirmed,ana_004,2026-07-05
ALT-010737,True,unauthorised_access,ana_004,2026-07-03
ALT-010738,False,,,
ALT-010739,False,,,
ALT-010740,False,,,
ALT-010741,False,,,
ALT-010742,False,,,
ALT-010743,False,,,
ALT-010744,False,,,
ALT-010745,False,,,
ALT-010746,False,,,
ALT-010747,True,policy_violation_confirmed,ana_004,2026-07-01
ALT-010748,False,,,
ALT-010749,True,unauthorised_access,ana_004,2026-07-02
ALT-010750,False,,,
ALT-010751,False,,,
ALT-010752,False,,,
ALT-010753,True,brute_force_intrusion,ana_004,2026-07-06
ALT-010754,False,,,
ALT-010755,False,,,
ALT-010756,False,,,
ALT-010757,True,brute_force_intrusion,ana_004,2026-07-04
ALT-010758,False,,,
ALT-010759,False,,,
ALT-010760,False,,,
ALT-010761,True,unauthorised_access,ana_004,2026-07-03
ALT-010762,True,policy_violation_confirmed,ana_004,2026-07-05
ALT-010763,True,data_exfiltration,ana_004,2026-07-06
ALT-010764,False,,,
ALT-010765,True,lateral_movement,ana_004,2026-07-03
ALT-010766,False,,,
ALT-010767,False,,,
ALT-010768,True,malware_infection,ana_004,2026-07-02
ALT-010769,True,unauthorised_access,ana_004,2026-07-06
ALT-010770,True,lateral_movement,ana_004,2026-07-05
ALT-010771,True,dns_tunnelling,ana_004,2026-07-06
ALT-010772,False,,,
ALT-010773,False,,,
ALT-010774,False,,,
ALT-010775,False,,,
ALT-010776,False,,,
ALT-010777,False,,,
ALT-010778,False,,,
ALT-010779,False,,,
ALT-010780,False,,,
ALT-010781,False,,,
ALT-010782,False,,,
ALT-010783,False,,,
ALT-010784,False,,,
ALT-010785,False,,,
ALT-010786,False,,,
ALT-010787,False,,,
ALT-010788,False,,,
ALT-010789,False,,,
ALT-010790,False,,,
ALT-010791,False,,,
ALT-010792,False,,,
ALT-010793,False,,,
ALT-010794,False,,,
ALT-010795,False,,,
ALT-010796,False,,,
ALT-010797,False,,,
ALT-010798,False,,,
ALT-010799,True,dns_tunnelling,ana_004,2026-07-01
ALT-010800,False,,,
ALT-010801,True,lateral_movement,ana_004,2026-07-01
ALT-010802,False,,,
ALT-010803,False,,,
ALT-010804,False,,,
ALT-010805,False,,,
ALT-010806,False,,,
ALT-010807,True,lateral_movement,ana_004,2026-07-05
ALT-010808,False,,,
ALT-010809,True,brute_force_intrusion,ana_004,2026-07-05
ALT-010810,False,,,
ALT-010811,False,,,
ALT-010812,False,,,
ALT-010813,False,,,
ALT-010814,False,,,
ALT-010815,False,,,
ALT-010816,False,,,
ALT-010817,False,,,
ALT-010818,False,,,
ALT-010819,False,,,
ALT-010820,False,,,
ALT-010821,False,,,
ALT-010822,False,,,
ALT-010823,False,,,
ALT-010824,True,data_exfiltration,ana_004,2026-07-06
ALT-010825,False,,,
ALT-010826,True,lateral_movement,ana_004,2026-07-02
ALT-010827,True,dns_tunnelling,ana_004,2026-07-05
ALT-010828,False,,,
ALT-010829,False,,,
ALT-010830,False,,,
ALT-010831,True,dns_tunnelling,ana_004,2026-07-01
ALT-010832,False,,,
ALT-010833,False,,,
ALT-010834,False,,,
ALT-010835,False,,,
ALT-010836,False,,,
ALT-010837,False,,,
ALT-010838,False,,,
ALT-010839,True,unauthorised_access,ana_004,2026-07-06
ALT-010840,False,,,
ALT-010841,False,,,
ALT-010842,False,,,
ALT-010843,False,,,
ALT-010844,False,,,
ALT-010845,False,,,
ALT-010846,True,dns_tunnelling,ana_004,2026-07-01
ALT-010847,False,,,
ALT-010848,False,,,
ALT-010849,False,,,
ALT-010850,False,,,
ALT-010851,False,,,
ALT-010852,False,,,
ALT-010853,True,data_exfiltration,ana_004,2026-07-06
ALT-010854,False,,,
ALT-010855,False,,,
ALT-010856,False,,,
ALT-010857,False,,,
ALT-010858,False,,,
ALT-010859,False,,,
ALT-010860,True,malware_infection,ana_004,2026-07-01
ALT-010861,False,,,
ALT-010862,False,,,
ALT-010863,False,,,
ALT-010864,True,malware_infection,ana_004,2026-07-01
ALT-010865,True,policy_violation_confirmed,ana_004,2026-07-06
ALT-010866,False,,,
ALT-010867,False,,,
ALT-010868,False,,,
ALT-010869,False,,,
ALT-010870,False,,,
ALT-010871,False,,,
ALT-010872,False,,,
ALT-010873,False,,,
ALT-010874,True,dns_tunnelling,ana_004,2026-07-02
ALT-010875,False,,,
ALT-010876,False,,,
ALT-010877,False,,,
ALT-010878,False,,,
ALT-010879,False,,,
ALT-010880,False,,,
ALT-010881,False,,,
ALT-010882,True,unauthorised_access,ana_004,2026-07-03
ALT-010883,False,,,
ALT-010884,False,,,
ALT-010885,False,,,
ALT-010886,True,brute_force_intrusion,ana_004,2026-07-03
ALT-010887,True,malware_infection,ana_004,2026-07-04
ALT-010888,False,,,
ALT-010889,False,,,
ALT-010890,False,,,
ALT-010891,False,,,
ALT-010892,True,brute_force_intrusion,ana_004,2026-07-04
ALT-010893,False,,,
ALT-010894,False,,,
ALT-010895,False,,,
ALT-010896,False,,,
ALT-010897,False,,,
ALT-010898,False,,,
ALT-010899,False,,,
ALT-010900,False,,,
ALT-010901,False,,,
ALT-010902,True,malware_infection,ana_004,2026-07-04
ALT-010903,True,dns_tunnelling,ana_004,2026-07-02
ALT-010904,True,dns_tunnelling,ana_004,2026-07-05
ALT-010905,False,,,
ALT-010906,False,,,
ALT-010907,False,,,
ALT-010908,False,,,
ALT-010909,False,,,
ALT-010910,False,,,
ALT-010911,False,,,
ALT-010912,False,,,
ALT-010913,True,brute_force_intrusion,ana_004,2026-07-04
ALT-010914,False,,,
ALT-010915,False,,,
ALT-010916,False,,,
ALT-010917,False,,,
ALT-010918,False,,,
ALT-010919,False,,,
ALT-010920,False,,,
ALT-010921,False,,,
ALT-010922,False,,,
ALT-010923,False,,,
ALT-010924,True,malware_infection,ana_004,2026-07-02
ALT-010925,False,,,
ALT-010926,False,,,
ALT-010927,False,,,
ALT-010928,True,unauthorised_access,ana_004,2026-07-02
ALT-010929,False,,,
ALT-010930,False,,,
ALT-010931,True,unauthorised_access,ana_004,2026-07-04
ALT-010932,False,,,
ALT-010933,False,,,
ALT-010934,False,,,
ALT-010935,True,brute_force_intrusion,ana_004,2026-07-03
ALT-010936,False,,,
ALT-010937,True,dns_tunnelling,ana_004,2026-07-01
ALT-010938,False,,,
ALT-010939,False,,,
ALT-010940,False,,,
ALT-010941,True,malware_infection,ana_004,2026-07-02
ALT-010942,True,brute_force_intrusion,ana_004,2026-07-06
ALT-010943,False,,,
ALT-010944,True,malware_infection,ana_004,2026-07-05
ALT-010945,False,,,
ALT-010946,False,,,
ALT-010947,False,,,
ALT-010948,True,data_exfiltration,ana_004,2026-07-04
ALT-010949,False,,,
ALT-010950,False,,,
ALT-010951,True,policy_violation_confirmed,ana_004,2026-07-02
ALT-010952,False,,,
ALT-010953,False,,,
ALT-010954,False,,,
ALT-010955,False,,,
ALT-010956,False,,,
ALT-010957,True,brute_force_intrusion,ana_004,2026-07-06
ALT-010958,True,policy_violation_confirmed,ana_004,2026-07-02
ALT-010959,False,,,
ALT-010960,False,,,
ALT-010961,False,,,
ALT-010962,False,,,
ALT-010963,False,,,
ALT-010964,True,dns_tunnelling,ana_004,2026-07-02
ALT-010965,True,lateral_movement,ana_004,2026-07-03
ALT-010966,False,,,
ALT-010967,False,,,
ALT-010968,False,,,
ALT-010969,False,,,
ALT-010970,False,,,
ALT-010971,False,,,
ALT-010972,True,lateral_movement,ana_004,2026-07-06
ALT-010973,False,,,
ALT-010974,True,malware_infection,ana_004,2026-07-03
ALT-010975,False,,,
ALT-010976,True,unauthorised_access,ana_004,2026-07-06
ALT-010977,True,lateral_movement,ana_004,2026-07-02
ALT-010978,False,,,
ALT-010979,False,,,
ALT-010980,False,,,
ALT-010981,True,policy_violation_confirmed,ana_004,2026-07-03
ALT-010982,False,,,
ALT-010983,False,,,
ALT-010984,False,,,
ALT-010985,False,,,
ALT-010986,False,,,
ALT-010987,False,,,
ALT-010988,True,malware_infection,ana_004,2026-07-03
ALT-010989,False,,,
ALT-010990,False,,,
ALT-010991,False,,,
ALT-010992,False,,,
ALT-010993,True,malware_infection,ana_004,2026-07-01
ALT-010994,True,policy_violation_confirmed,ana_004,2026-07-04
ALT-010995,False,,,
ALT-010996,True,unauthorised_access,ana_004,2026-07-05
ALT-010997,False,,,
ALT-010998,False,,,
ALT-010999,False,,,
ALT-011000,False,,,
ALT-011001,False,,,
ALT-011002,False,,,
ALT-011003,False,,,
ALT-011004,False,,,
ALT-011005,False,,,
ALT-011006,False,,,
ALT-011007,False,,,
ALT-011008,False,,,
ALT-011009,True,dns_tunnelling,ana_004,2026-07-02
ALT-011010,False,,,
ALT-011011,False,,,
ALT-011012,True,data_exfiltration,ana_004,2026-07-04
ALT-011013,False,,,
ALT-011014,False,,,
ALT-011015,True,unauthorised_access,ana_004,2026-07-05
ALT-011016,False,,,
ALT-011017,False,,,
ALT-011018,False,,,
ALT-011019,False,,,
ALT-011020,True,brute_force_intrusion,ana_004,2026-07-03
ALT-011021,False,,,
ALT-011022,False,,,
ALT-011023,False,,,
ALT-011024,False,,,
ALT-011025,False,,,
ALT-011026,False,,,
ALT-011027,False,,,
ALT-011028,True,dns_tunnelling,ana_004,2026-07-01
ALT-011029,True,lateral_movement,ana_004,2026-07-02
ALT-011030,False,,,
ALT-011031,False,,,
ALT-011032,False,,,
ALT-011033,False,,,
ALT-011034,False,,,
ALT-011035,False,,,
ALT-011036,True,data_exfiltration,ana_004,2026-07-06
ALT-011037,False,,,
ALT-011038,False,,,
ALT-011039,True,malware_infection,ana_004,2026-07-01
ALT-011040,False,,,
ALT-011041,True,brute_force_intrusion,ana_004,2026-07-02
ALT-011042,False,,,
ALT-011043,True,data_exfiltration,ana_004,2026-07-04
ALT-011044,False,,,
ALT-011045,False,,,
ALT-011046,False,,,
ALT-011047,False,,,
ALT-011048,False,,,
ALT-011049,False,,,
ALT-011050,True,brute_force_intrusion,ana_004,2026-07-04
ALT-011051,False,,,
ALT-011052,False,,,
ALT-011053,False,,,
ALT-011054,False,,,
ALT-011055,True,malware_infection,ana_004,2026-07-01
ALT-011056,True,lateral_movement,ana_004,2026-07-06
ALT-011057,True,lateral_movement,ana_004,2026-07-01
ALT-011058,False,,,
ALT-011059,False,,,
ALT-011060,False,,,
ALT-011061,False,,,
ALT-011062,False,,,
ALT-011063,False,,,
ALT-011064,True,brute_force_intrusion,ana_004,2026-07-01
ALT-011065,True,dns_tunnelling,ana_004,2026-07-03
ALT-011066,True,data_exfiltration,ana_004,2026-07-04
ALT-011067,False,,,
ALT-011068,False,,,
ALT-011069,False,,,
ALT-011070,False,,,
ALT-011071,False,,,
ALT-011072,False,,,
ALT-011073,False,,,
ALT-011074,False,,,
ALT-011075,False,,,
ALT-011076,False,,,
ALT-011077,False,,,
ALT-011078,True,brute_force_intrusion,ana_004,2026-07-06
ALT-011079,False,,,
ALT-011080,False,,,
ALT-011081,False,,,
ALT-011082,False,,,
ALT-011083,False,,,
ALT-011084,False,,,
ALT-011085,False,,,
ALT-011086,False,,,
ALT-011087,True,brute_force_intrusion,ana_004,2026-07-02
ALT-011088,True,dns_tunnelling,ana_004,2026-07-02
ALT-011089,False,,,
ALT-011090,False,,,
ALT-011091,True,policy_violation_confirmed,ana_004,2026-07-01
ALT-011092,False,,,
ALT-011093,False,,,
ALT-011094,False,,,
ALT-011095,True,brute_force_intrusion,ana_004,2026-07-06
ALT-011096,True,lateral_movement,ana_004,2026-07-06
ALT-011097,False,,,
ALT-011098,False,,,
ALT-011099,False,,,
ALT-011100,False,,,
ALT-011101,False,,,
ALT-011102,True,lateral_movement,ana_004,2026-07-03
ALT-011103,True,dns_tunnelling,ana_004,2026-07-04
ALT-011104,False,,,
ALT-011105,False,,,
ALT-011106,False,,,
ALT-011107,True,policy_violation_confirmed,ana_004,2026-07-02
ALT-011108,True,data_exfiltration,ana_004,2026-07-01
ALT-011109,False,,,
ALT-011110,False,,,
ALT-011111,False,,,
ALT-011112,False,,,
ALT-011113,False,,,
ALT-011114,False,,,
ALT-011115,True,dns_tunnelling,ana_004,2026-07-05
ALT-011116,False,,,
ALT-011117,False,,,
ALT-011118,True,brute_force_intrusion,ana_004,2026-07-03
ALT-011119,False,,,
ALT-011120,False,,,
ALT-011121,False,,,
ALT-011122,True,dns_tunnelling,ana_004,2026-07-06
ALT-011123,False,,,
ALT-011124,False,,,
ALT-011125,False,,,
ALT-011126,True,dns_tunnelling,ana_004,2026-07-05
ALT-011127,False,,,
ALT-011128,False,,,
ALT-011129,True,unauthorised_access,ana_004,2026-07-04
ALT-011130,True,malware_infection,ana_004,2026-07-02
ALT-011131,False,,,
ALT-011132,False,,,
ALT-011133,False,,,
ALT-011134,False,,,
ALT-011135,False,,,
ALT-011136,True,data_exfiltration,ana_004,2026-07-04
ALT-011137,False,,,
ALT-011138,True,dns_tunnelling,ana_004,2026-07-05
ALT-011139,False,,,
ALT-011140,False,,,
ALT-011141,False,,,
ALT-011142,False,,,
ALT-011143,False,,,
ALT-011144,False,,,
ALT-011145,True,brute_force_intrusion,ana_004,2026-07-01
ALT-011146,False,,,
ALT-011147,False,,,
ALT-011148,False,,,
ALT-011149,False,,,
ALT-011150,False,,,
ALT-011151,False,,,
ALT-011152,False,,,
ALT-011153,True,data_exfiltration,ana_004,2026-07-02
ALT-011154,False,,,
ALT-011155,False,,,
ALT-011156,False,,,
ALT-011157,False,,,
ALT-011158,False,,,
ALT-011159,False,,,
ALT-011160,True,lateral_movement,ana_004,2026-07-05
ALT-011161,True,lateral_movement,ana_004,2026-07-02
ALT-011162,True,brute_force_intrusion,ana_004,2026-07-06
ALT-011163,False,,,
ALT-011164,False,,,
ALT-011165,False,,,
ALT-011166,False,,,
ALT-011167,False,,,
ALT-011168,False,,,
ALT-011169,False,,,
ALT-011170,True,malware_infection,ana_004,2026-07-02
ALT-011171,False,,,
ALT-011172,True,lateral_movement,ana_004,2026-07-05
ALT-011173,False,,,
ALT-011174,False,,,
ALT-011175,True,policy_violation_confirmed,ana_004,2026-07-01
ALT-011176,False,,,
ALT-011177,False,,,
ALT-011178,False,,,
ALT-011179,False,,,
ALT-011180,False,,,
ALT-011181,False,,,
ALT-011182,False,,,
ALT-011183,False,,,
ALT-011184,True,data_exfiltration,ana_004,2026-07-06
ALT-011185,False,,,
ALT-011186,False,,,
ALT-011187,False,,,
ALT-011188,False,,,
ALT-011189,False,,,
ALT-011190,False,,,
ALT-011191,False,,,
ALT-011192,False,,,
ALT-011193,False,,,
ALT-011194,True,lateral_movement,ana_004,2026-07-02
ALT-011195,True,unauthorised_access,ana_004,2026-07-02
ALT-011196,True,dns_tunnelling,ana_004,2026-07-01
ALT-011197,False,,,
ALT-011198,False,,,
ALT-011199,False,,,
ALT-011200,False,,,
ALT-011201,False,,,
ALT-011202,False,,,
ALT-011203,False,,,
ALT-011204,False,,,
ALT-011205,False,,,
ALT-011206,False,,,
ALT-011207,False,,,
ALT-011208,False,,,
ALT-011209,True,lateral_movement,ana_004,2026-07-03
ALT-011210,False,,,
ALT-011211,False,,,
ALT-011212,False,,,
ALT-011213,False,,,
ALT-011214,False,,,
ALT-011215,False,,,
ALT-011216,False,,,
ALT-011217,False,,,
ALT-011218,False,,,
ALT-011219,False,,,
ALT-011220,False,,,
ALT-011221,False,,,
ALT-011222,False,,,
ALT-011223,False,,,
ALT-011224,False,,,
ALT-011225,True,lateral_movement,ana_004,2026-07-01
ALT-011226,False,,,
ALT-011227,False,,,
ALT-011228,False,,,
ALT-011229,False,,,
ALT-011230,False,,,
ALT-011231,True,data_exfiltration,ana_004,2026-07-01
ALT-011232,True,lateral_movement,ana_004,2026-07-06
ALT-011233,False,,,
ALT-011234,False,,,
ALT-011235,False,,,
ALT-011236,True,unauthorised_access,ana_004,2026-07-02
ALT-011237,False,,,
ALT-011238,False,,,
ALT-011239,False,,,
ALT-011240,True,brute_force_intrusion,ana_004,2026-07-06
ALT-011241,False,,,
ALT-011242,True,data_exfiltration,ana_004,2026-07-06
ALT-011243,False,,,
ALT-011244,False,,,
ALT-011245,False,,,
ALT-011246,False,,,
ALT-011247,False,,,
ALT-011248,False,,,
ALT-011249,False,,,
ALT-011250,True,data_exfiltration,ana_004,2026-07-06
ALT-011251,False,,,
ALT-011252,False,,,
ALT-011253,False,,,
ALT-011254,False,,,
ALT-011255,False,,,
ALT-011256,False,,,
ALT-011257,False,,,
ALT-011258,False,,,
ALT-011259,False,,,
ALT-011260,False,,,
ALT-011261,False,,,
ALT-011262,False,,,
ALT-011263,False,,,
ALT-011264,False,,,
ALT-011265,True,policy_violation_confirmed,ana_004,2026-07-03
ALT-011266,False,,,
ALT-011267,False,,,
ALT-011268,True,brute_force_intrusion,ana_004,2026-07-02
ALT-011269,False,,,
ALT-011270,False,,,
ALT-011271,False,,,
ALT-011272,False,,,
ALT-011273,False,,,
ALT-011274,False,,,
ALT-011275,False,,,
ALT-011276,False,,,
ALT-011277,False,,,
ALT-011278,False,,,
ALT-011279,False,,,
ALT-011280,False,,,
ALT-011281,False,,,
ALT-011282,False,,,
ALT-011283,False,,,
ALT-011284,False,,,
ALT-011285,True,dns_tunnelling,ana_004,2026-07-02
ALT-011286,False,,,
ALT-011287,False,,,
ALT-011288,False,,,
ALT-011289,False,,,
ALT-011290,False,,,
ALT-011291,False,,,
ALT-011292,True,unauthorised_access,ana_004,2026-07-05
ALT-011293,False,,,
ALT-011294,False,,,
ALT-011295,False,,,
ALT-011296,False,,,
ALT-011297,False,,,
ALT-011298,False,,,
ALT-011299,True,brute_force_intrusion,ana_004,2026-07-05
ALT-011300,False,,,
ALT-011301,False,,,
ALT-011302,False,,,
ALT-011303,False,,,
ALT-011304,False,,,
ALT-011305,False,,,
ALT-011306,False,,,
ALT-011307,False,,,
ALT-011308,False,,,
ALT-011309,False,,,
ALT-011310,False,,,
ALT-011311,False,,,
ALT-011312,False,,,
ALT-011313,True,data_exfiltration,ana_004,2026-07-04
ALT-011314,True,unauthorised_access,ana_004,2026-07-02
ALT-011315,False,,,
ALT-011316,False,,,
ALT-011317,False,,,
ALT-011318,True,unauthorised_access,ana_004,2026-07-03
ALT-011319,True,data_exfiltration,ana_004,2026-07-06
ALT-011320,True,unauthorised_access,ana_004,2026-07-06
ALT-011321,False,,,
ALT-011322,False,,,
ALT-011323,False,,,
ALT-011324,False,,,
ALT-011325,False,,,
ALT-011326,True,unauthorised_access,ana_004,2026-07-05
ALT-011327,False,,,
ALT-011328,False,,,
ALT-011329,False,,,
ALT-011330,False,,,
ALT-011331,True,lateral_movement,ana_004,2026-07-05
ALT-011332,False,,,
ALT-011333,False,,,
ALT-011334,True,unauthorised_access,ana_004,2026-07-05
ALT-011335,False,,,
ALT-011336,False,,,
ALT-011337,True,data_exfiltration,ana_004,2026-07-02
ALT-011338,False,,,
ALT-011339,False,,,
ALT-011340,False,,,
ALT-011341,True,brute_force_intrusion,ana_004,2026-07-04
ALT-011342,False,,,
ALT-011343,False,,,
ALT-011344,False,,,
ALT-011345,False,,,
ALT-011346,False,,,
ALT-011347,False,,,
ALT-011348,False,,,
ALT-011349,False,,,
ALT-011350,False,,,
ALT-011351,False,,,
ALT-011352,True,dns_tunnelling,ana_004,2026-07-04
ALT-011353,False,,,
ALT-011354,False,,,
ALT-011355,False,,,
ALT-011356,True,lateral_movement,ana_004,2026-07-01
ALT-011357,False,,,
ALT-011358,False,,,
ALT-011359,False,,,
ALT-011360,False,,,
ALT-011361,False,,,
ALT-011362,False,,,
ALT-011363,False,,,
ALT-011364,False,,,
ALT-011365,False,,,
ALT-011366,False,,,
ALT-011367,False,,,
ALT-011368,False,,,
ALT-011369,False,,,
ALT-011370,False,,,
ALT-011371,True,policy_violation_confirmed,ana_004,2026-07-04
ALT-011372,False,,,
ALT-011373,False,,,
ALT-011374,False,,,
ALT-011375,False,,,
ALT-011376,False,,,
ALT-011377,False,,,
ALT-011378,False,,,
ALT-011379,False,,,
ALT-011380,True,policy_violation_confirmed,ana_004,2026-07-04
ALT-011381,False,,,
ALT-011382,False,,,
ALT-011383,True,data_exfiltration,ana_004,2026-07-01
ALT-011384,False,,,
ALT-011385,True,dns_tunnelling,ana_004,2026-07-05
ALT-011386,False,,,
ALT-011387,True,unauthorised_access,ana_004,2026-07-01
ALT-011388,False,,,
ALT-011389,False,,,
ALT-011390,False,,,
ALT-011391,False,,,
ALT-011392,False,,,
ALT-011393,False,,,
ALT-011394,False,,,
ALT-011395,True,lateral_movement,ana_004,2026-07-04
ALT-011396,False,,,
ALT-011397,False,,,
ALT-011398,False,,,
ALT-011399,False,,,
ALT-011400,False,,,
ALT-011401,False,,,
ALT-011402,False,,,
ALT-011403,False,,,
ALT-011404,False,,,
ALT-011405,True,unauthorised_access,ana_004,2026-07-01
ALT-011406,False,,,
ALT-011407,False,,,
ALT-011408,True,dns_tunnelling,ana_004,2026-07-01
ALT-011409,True,lateral_movement,ana_004,2026-07-02
ALT-011410,False,,,
ALT-011411,False,,,
ALT-011412,False,,,
ALT-011413,False,,,
ALT-011414,False,,,
ALT-011415,False,,,
ALT-011416,False,,,
ALT-011417,False,,,
ALT-011418,False,,,
ALT-011419,False,,,
ALT-011420,False,,,
ALT-011421,False,,,
ALT-011422,True,lateral_movement,ana_004,2026-07-03
ALT-011423,False,,,
ALT-011424,False,,,
ALT-011425,False,,,
ALT-011426,True,brute_force_intrusion,ana_004,2026-07-04
ALT-011427,False,,,
ALT-011428,True,dns_tunnelling,ana_004,2026-07-05
ALT-011429,False,,,
ALT-011430,True,brute_force_intrusion,ana_004,2026-07-05
ALT-011431,False,,,
ALT-011432,False,,,
ALT-011433,True,dns_tunnelling,ana_004,2026-07-03
ALT-011434,False,,,
ALT-011435,True,dns_tunnelling,ana_004,2026-07-06
ALT-011436,True,unauthorised_access,ana_004,2026-07-03
ALT-011437,True,brute_force_intrusion,ana_004,2026-07-01
ALT-011438,True,malware_infection,ana_004,2026-07-02
ALT-011439,False,,,
ALT-011440,False,,,
ALT-011441,False,,,
ALT-011442,False,,,
ALT-011443,False,,,
ALT-011444,False,,,
ALT-011445,False,,,
ALT-011446,True,unauthorised_access,ana_004,2026-07-02
ALT-011447,False,,,
ALT-011448,False,,,
ALT-011449,True,policy_violation_confirmed,ana_004,2026-07-05
ALT-011450,False,,,
ALT-011451,False,,,
ALT-011452,False,,,
ALT-011453,False,,,
ALT-011454,False,,,
ALT-011455,False,,,
ALT-011456,False,,,
ALT-011457,True,policy_violation_confirmed,ana_004,2026-07-06
ALT-011458,False,,,
ALT-011459,False,,,
ALT-011460,False,,,
ALT-011461,False,,,
ALT-011462,False,,,
ALT-011463,False,,,
ALT-011464,False,,,
ALT-011465,False,,,
ALT-011466,False,,,
ALT-011467,False,,,
ALT-011468,False,,,
ALT-011469,False,,,
ALT-011470,True,malware_infection,ana_004,2026-07-03
ALT-011471,True,dns_tunnelling,ana_004,2026-07-03
ALT-011472,False,,,
ALT-011473,False,,,
ALT-011474,False,,,
ALT-011475,False,,,
ALT-011476,True,unauthorised_access,ana_004,2026-07-05
ALT-011477,False,,,
ALT-011478,False,,,
ALT-011479,False,,,
ALT-011480,True,lateral_movement,ana_004,2026-07-04
ALT-011481,True,data_exfiltration,ana_004,2026-07-06
ALT-011482,False,,,
ALT-011483,False,,,
ALT-011484,False,,,
ALT-011485,False,,,
ALT-011486,True,unauthorised_access,ana_004,2026-07-02
ALT-011487,False,,,
ALT-011488,False,,,
ALT-011489,False,,,
ALT-011490,False,,,
ALT-011491,False,,,
ALT-011492,False,,,
ALT-011493,False,,,
ALT-011494,False,,,
ALT-011495,False,,,
ALT-011496,True,unauthorised_access,ana_004,2026-07-06
ALT-011497,False,,,
ALT-011498,False,,,
ALT-011499,True,unauthorised_access,ana_004,2026-07-02
ALT-011500,False,,,
ALT-011501,False,,,
ALT-011502,False,,,
ALT-011503,False,,,
ALT-011504,True,brute_force_intrusion,ana_004,2026-07-01
ALT-011505,False,,,
ALT-011506,False,,,
ALT-011507,False,,,
ALT-011508,False,,,
ALT-011509,False,,,
ALT-011510,True,policy_violation_confirmed,ana_004,2026-07-06
ALT-011511,False,,,
ALT-011512,True,lateral_movement,ana_004,2026-07-05
ALT-011513,True,data_exfiltration,ana_004,2026-07-04
ALT-011514,False,,,
ALT-011515,True,lateral_movement,ana_004,2026-07-04
ALT-011516,False,,,
ALT-011517,False,,,
ALT-011518,False,,,
ALT-011519,True,unauthorised_access,ana_004,2026-07-01
ALT-011520,False,,,
ALT-011521,False,,,
ALT-011522,False,,,
ALT-011523,False,,,
ALT-011524,True,lateral_movement,ana_004,2026-07-05
ALT-011525,False,,,
ALT-011526,True,brute_force_intrusion,ana_004,2026-07-06
ALT-011527,False,,,
ALT-011528,False,,,
ALT-011529,False,,,
ALT-011530,False,,,
ALT-011531,False,,,
ALT-011532,False,,,
ALT-011533,False,,,
ALT-011534,True,brute_force_intrusion,ana_004,2026-07-04
ALT-011535,False,,,
ALT-011536,False,,,
ALT-011537,True,lateral_movement,ana_004,2026-07-01
ALT-011538,False,,,
ALT-011539,False,,,
ALT-011540,False,,,
ALT-011541,False,,,
ALT-011542,False,,,
ALT-011543,True,malware_infection,ana_004,2026-07-02
ALT-011544,True,malware_infection,ana_004,2026-07-04
ALT-011545,False,,,
ALT-011546,False,,,
ALT-011547,False,,,
ALT-011548,False,,,
ALT-011549,False,,,
ALT-011550,False,,,
ALT-011551,True,unauthorised_access,ana_004,2026-07-03
ALT-011552,False,,,
ALT-011553,False,,,
ALT-011554,True,data_exfiltration,ana_004,2026-07-06
ALT-011555,True,policy_violation_confirmed,ana_004,2026-07-03
ALT-011556,False,,,
ALT-011557,False,,,
ALT-011558,True,lateral_movement,ana_004,2026-07-06
ALT-011559,True,data_exfiltration,ana_004,2026-07-02
ALT-011560,True,malware_infection,ana_004,2026-07-02
ALT-011561,True,malware_infection,ana_004,2026-07-05
ALT-011562,False,,,
ALT-011563,False,,,
ALT-011564,False,,,
ALT-011565,False,,,
ALT-011566,True,policy_violation_confirmed,ana_004,2026-07-05
ALT-011567,False,,,
ALT-011568,False,,,
ALT-011569,True,lateral_movement,ana_004,2026-07-06
ALT-011570,False,,,
ALT-011571,False,,,
ALT-011572,False,,,
ALT-011573,False,,,
ALT-011574,False,,,
ALT-011575,True,brute_force_intrusion,ana_004,2026-07-03
ALT-011576,False,,,
ALT-011577,False,,,
ALT-011578,False,,,
ALT-011579,False,,,
ALT-011580,False,,,
ALT-011581,False,,,
ALT-011582,False,,,
ALT-011583,True,data_exfiltration,ana_004,2026-07-04
ALT-011584,True,brute_force_intrusion,ana_004,2026-07-06
ALT-011585,True,dns_tunnelling,ana_004,2026-07-02
ALT-011586,False,,,
ALT-011587,True,malware_infection,ana_004,2026-07-06
ALT-011588,False,,,
ALT-011589,False,,,
ALT-011590,True,brute_force_intrusion,ana_004,2026-07-06
ALT-011591,True,brute_force_intrusion,ana_004,2026-07-01
ALT-011592,False,,,
ALT-011593,False,,,
ALT-011594,True,brute_force_intrusion,ana_004,2026-07-01
ALT-011595,True,malware_infection,ana_004,2026-07-02
ALT-011596,False,,,
ALT-011597,False,,,
ALT-011598,False,,,
ALT-011599,False,,,
ALT-011600,False,,,
ALT-011601,False,,,
ALT-011602,False,,,
ALT-011603,False,,,
ALT-011604,False,,,
ALT-011605,False,,,
ALT-011606,False,,,
ALT-011607,False,,,
ALT-011608,False,,,
ALT-011609,False,,,
ALT-011610,False,,,
ALT-011611,False,,,
ALT-011612,False,,,
ALT-011613,False,,,
ALT-011614,False,,,
ALT-011615,False,,,
ALT-011616,False,,,
ALT-011617,False,,,
ALT-011618,False,,,
ALT-011619,False,,,
ALT-011620,False,,,
ALT-011621,True,brute_force_intrusion,ana_004,2026-07-06
ALT-011622,False,,,
ALT-011623,True,data_exfiltration,ana_004,2026-07-06
ALT-011624,False,,,
ALT-011625,False,,,
ALT-011626,False,,,
ALT-011627,False,,,
ALT-011628,False,,,
ALT-011629,True,malware_infection,ana_004,2026-07-05
ALT-011630,False,,,
ALT-011631,True,unauthorised_access,ana_004,2026-07-06
ALT-011632,False,,,
ALT-011633,True,data_exfiltration,ana_004,2026-07-01
ALT-011634,True,policy_violation_confirmed,ana_004,2026-07-06
ALT-011635,False,,,
ALT-011636,False,,,
ALT-011637,False,,,
ALT-011638,True,data_exfiltration,ana_004,2026-07-01
ALT-011639,True,data_exfiltration,ana_004,2026-07-02
ALT-011640,False,,,
ALT-011641,True,unauthorised_access,ana_004,2026-07-06
ALT-011642,True,data_exfiltration,ana_004,2026-07-01
ALT-011643,False,,,
ALT-011644,False,,,
ALT-011645,False,,,
ALT-011646,True,brute_force_intrusion,ana_004,2026-07-04
ALT-011647,True,dns_tunnelling,ana_004,2026-07-03
ALT-011648,True,dns_tunnelling,ana_004,2026-07-04
ALT-011649,False,,,
ALT-011650,False,,,
ALT-011651,False,,,
ALT-011652,False,,,
ALT-011653,False,,,
ALT-011654,False,,,
ALT-011655,True,policy_violation_confirmed,ana_004,2026-07-03
ALT-011656,False,,,
ALT-011657,False,,,
ALT-011658,False,,,
ALT-011659,False,,,
ALT-011660,False,,,
ALT-011661,False,,,
ALT-011662,False,,,
ALT-011663,False,,,
ALT-011664,False,,,
ALT-011665,False,,,
ALT-011666,False,,,
ALT-011667,False,,,
ALT-011668,False,,,
ALT-011669,False,,,
ALT-011670,False,,,
ALT-011671,True,brute_force_intrusion,ana_004,2026-07-04
ALT-011672,True,lateral_movement,ana_004,2026-07-03
ALT-011673,True,malware_infection,ana_004,2026-07-04
ALT-011674,True,dns_tunnelling,ana_004,2026-07-05
ALT-011675,False,,,
ALT-011676,False,,,
ALT-011677,False,,,
ALT-011678,False,,,
ALT-011679,False,,,
ALT-011680,True,policy_violation_confirmed,ana_004,2026-07-03
ALT-011681,False,,,
ALT-011682,False,,,
ALT-011683,False,,,
ALT-011684,False,,,
ALT-011685,False,,,
ALT-011686,False,,,
ALT-011687,False,,,
ALT-011688,False,,,
ALT-011689,False,,,
ALT-011690,False,,,
ALT-011691,False,,,
ALT-011692,False,,,
ALT-011693,False,,,
ALT-011694,False,,,
ALT-011695,False,,,
ALT-011696,False,,,
ALT-011697,False,,,
ALT-011698,False,,,
ALT-011699,False,,,
ALT-011700,False,,,
ALT-011701,True,data_exfiltration,ana_004,2026-07-05
ALT-011702,False,,,
ALT-011703,False,,,
ALT-011704,False,,,
ALT-011705,False,,,
ALT-011706,True,dns_tunnelling,ana_004,2026-07-01
ALT-011707,False,,,
ALT-011708,False,,,
ALT-011709,False,,,
ALT-011710,False,,,
ALT-011711,True,unauthorised_access,ana_004,2026-07-03
ALT-011712,False,,,
ALT-011713,True,brute_force_intrusion,ana_004,2026-07-01
ALT-011714,False,,,
ALT-011715,False,,,
ALT-011716,False,,,
ALT-011717,True,data_exfiltration,ana_004,2026-07-05
ALT-011718,False,,,
ALT-011719,True,malware_infection,ana_004,2026-07-05
ALT-011720,False,,,
ALT-011721,True,dns_tunnelling,ana_004,2026-07-06
ALT-011722,True,data_exfiltration,ana_004,2026-07-05
ALT-011723,False,,,
ALT-011724,False,,,
ALT-011725,False,,,
ALT-011726,True,unauthorised_access,ana_004,2026-07-06
ALT-011727,False,,,
ALT-011728,False,,,
ALT-011729,False,,,
ALT-011730,True,dns_tunnelling,ana_004,2026-07-06
ALT-011731,False,,,
ALT-011732,False,,,
ALT-011733,True,policy_violation_confirmed,ana_004,2026-07-06
ALT-011734,False,,,
ALT-011735,True,data_exfiltration,ana_004,2026-07-05
ALT-011736,False,,,
ALT-011737,True,policy_violation_confirmed,ana_004,2026-07-02
ALT-011738,False,,,
ALT-011739,False,,,
ALT-011740,False,,,
ALT-011741,True,brute_force_intrusion,ana_004,2026-07-04
ALT-011742,False,,,
ALT-011743,False,,,
ALT-011744,True,dns_tunnelling,ana_004,2026-07-06
ALT-011745,False,,,
ALT-011746,False,,,
ALT-011747,False,,,
ALT-011748,False,,,
ALT-011749,False,,,
ALT-011750,False,,,
ALT-011751,False,,,
ALT-011752,True,policy_violation_confirmed,ana_004,2026-07-05
ALT-011753,False,,,
ALT-011754,False,,,
ALT-011755,False,,,
ALT-011756,False,,,
ALT-011757,False,,,
ALT-011758,False,,,
ALT-011759,False,,,
ALT-011760,True,lateral_movement,ana_004,2026-07-06
ALT-011761,False,,,
ALT-011762,False,,,
ALT-011763,True,unauthorised_access,ana_004,2026-07-02
ALT-011764,True,policy_violation_confirmed,ana_004,2026-07-06
ALT-011765,True,malware_infection,ana_004,2026-07-04
ALT-011766,True,policy_violation_confirmed,ana_004,2026-07-03
ALT-011767,True,policy_violation_confirmed,ana_004,2026-07-02
ALT-011768,False,,,
ALT-011769,False,,,
ALT-011770,True,unauthorised_access,ana_004,2026-07-03
ALT-011771,True,data_exfiltration,ana_004,2026-07-03
ALT-011772,False,,,
ALT-011773,False,,,
ALT-011774,False,,,
ALT-011775,False,,,
ALT-011776,False,,,
ALT-011777,True,unauthorised_access,ana_004,2026-07-01
ALT-011778,True,unauthorised_access,ana_004,2026-07-02
ALT-011779,False,,,
ALT-011780,False,,,
ALT-011781,True,unauthorised_access,ana_004,2026-07-01
ALT-011782,False,,,
ALT-011783,False,,,
ALT-011784,False,,,
ALT-011785,False,,,
ALT-011786,True,dns_tunnelling,ana_004,2026-07-01
ALT-011787,True,data_exfiltration,ana_004,2026-07-02
ALT-011788,False,,,
ALT-011789,False,,,
ALT-011790,False,,,
ALT-011791,False,,,
ALT-011792,False,,,
ALT-011793,False,,,
ALT-011794,True,unauthorised_access,ana_004,2026-07-01
ALT-011795,True,policy_violation_confirmed,ana_004,2026-07-05
ALT-011796,False,,,
ALT-011797,False,,,
ALT-011798,False,,,
ALT-011799,False,,,
ALT-011800,False,,,
ALT-011801,False,,,
ALT-011802,True,dns_tunnelling,ana_004,2026-07-01
ALT-011803,True,unauthorised_access,ana_004,2026-07-01
ALT-011804,False,,,
ALT-011805,True,malware_infection,ana_004,2026-07-06
ALT-011806,False,,,
ALT-011807,True,lateral_movement,ana_004,2026-07-04
ALT-011808,False,,,
ALT-011809,True,dns_tunnelling,ana_004,2026-07-02
ALT-011810,False,,,
ALT-011811,False,,,
ALT-011812,False,,,
ALT-011813,False,,,
ALT-011814,False,,,
ALT-011815,True,unauthorised_access,ana_004,2026-07-01
ALT-011816,False,,,
ALT-011817,False,,,
ALT-011818,True,policy_violation_confirmed,ana_004,2026-07-01
ALT-011819,False,,,
ALT-011820,False,,,
ALT-011821,False,,,
ALT-011822,False,,,
ALT-011823,False,,,
ALT-011824,True,unauthorised_access,ana_004,2026-07-01
ALT-011825,True,lateral_movement,ana_004,2026-07-06
ALT-011826,False,,,
ALT-011827,False,,,
ALT-011828,True,malware_infection,ana_004,2026-07-05
ALT-011829,False,,,
ALT-011830,False,,,
ALT-011831,False,,,
ALT-011832,False,,,
ALT-011833,False,,,
ALT-011834,False,,,
ALT-011835,True,policy_violation_confirmed,ana_004,2026-07-06
ALT-011836,False,,,
ALT-011837,True,data_exfiltration,ana_004,2026-07-01
ALT-011838,False,,,
ALT-011839,False,,,
ALT-011840,False,,,
ALT-011841,False,,,
ALT-011842,False,,,
ALT-011843,False,,,
ALT-011844,False,,,
ALT-011845,False,,,
ALT-011846,False,,,
ALT-011847,False,,,
ALT-011848,False,,,
ALT-011849,True,policy_violation_confirmed,ana_004,2026-07-01
ALT-011850,True,policy_violation_confirmed,ana_004,2026-07-04
ALT-011851,False,,,
ALT-011852,False,,,
ALT-011853,False,,,
ALT-011854,False,,,
ALT-011855,False,,,
ALT-011856,False,,,
ALT-011857,False,,,
ALT-011858,False,,,
ALT-011859,False,,,
ALT-011860,False,,,
ALT-011861,True,unauthorised_access,ana_004,2026-07-04
ALT-011862,False,,,
ALT-011863,False,,,
ALT-011864,False,,,
ALT-011865,True,malware_infection,ana_004,2026-07-04
ALT-011866,True,data_exfiltration,ana_004,2026-07-01
ALT-011867,False,,,
ALT-011868,False,,,
ALT-011869,False,,,
ALT-011870,False,,,
ALT-011871,False,,,
ALT-011872,False,,,
ALT-011873,False,,,
ALT-011874,False,,,
ALT-011875,False,,,
ALT-011876,False,,,
ALT-011877,False,,,
ALT-011878,True,dns_tunnelling,ana_004,2026-07-05
ALT-011879,False,,,
ALT-011880,True,policy_violation_confirmed,ana_004,2026-07-05
ALT-011881,False,,,
ALT-011882,False,,,
ALT-011883,True,policy_violation_confirmed,ana_004,2026-07-02
ALT-011884,True,unauthorised_access,ana_004,2026-07-02
ALT-011885,True,unauthorised_access,ana_004,2026-07-01
ALT-011886,False,,,
ALT-011887,True,dns_tunnelling,ana_004,2026-07-06
ALT-011888,False,,,
ALT-011889,True,policy_violation_confirmed,ana_004,2026-07-01
ALT-011890,True,malware_infection,ana_004,2026-07-05
ALT-011891,False,,,
ALT-011892,False,,,
ALT-011893,False,,,
ALT-011894,False,,,
ALT-011895,False,,,
ALT-011896,False,,,
ALT-011897,True,unauthorised_access,ana_004,2026-07-03
ALT-011898,False,,,
ALT-011899,False,,,
ALT-011900,False,,,
ALT-011901,False,,,
ALT-011902,True,unauthorised_access,ana_004,2026-07-02
ALT-011903,False,,,
ALT-011904,False,,,
ALT-011905,False,,,
ALT-011906,False,,,
ALT-011907,False,,,
ALT-011908,False,,,
ALT-011909,False,,,
ALT-011910,False,,,
ALT-011911,True,lateral_movement,ana_004,2026-07-01
ALT-011912,True,malware_infection,ana_004,2026-07-04
ALT-011913,False,,,
ALT-011914,False,,,
ALT-011915,False,,,
ALT-011916,True,dns_tunnelling,ana_004,2026-07-01
ALT-011917,False,,,
ALT-011918,False,,,
ALT-011919,True,unauthorised_access,ana_004,2026-07-02
ALT-011920,True,unauthorised_access,ana_004,2026-07-04
ALT-011921,True,dns_tunnelling,ana_004,2026-07-02
ALT-011922,True,data_exfiltration,ana_004,2026-07-05
ALT-011923,False,,,
ALT-011924,False,,,
ALT-011925,False,,,
ALT-011926,False,,,
ALT-011927,True,brute_force_intrusion,ana_004,2026-07-05
ALT-011928,False,,,
ALT-011929,True,policy_violation_confirmed,ana_004,2026-07-01
ALT-011930,False,,,
ALT-011931,True,data_exfiltration,ana_004,2026-07-03
ALT-011932,False,,,
ALT-011933,True,data_exfiltration,ana_004,2026-07-03
ALT-011934,True,malware_infection,ana_004,2026-07-06
ALT-011935,True,data_exfiltration,ana_004,2026-07-06
ALT-011936,False,,,
ALT-011937,False,,,
ALT-011938,False,,,
ALT-011939,True,brute_force_intrusion,ana_004,2026-07-06
ALT-011940,True,brute_force_intrusion,ana_004,2026-07-04
ALT-011941,False,,,
ALT-011942,False,,,
ALT-011943,True,policy_violation_confirmed,ana_004,2026-07-05
ALT-011944,False,,,
ALT-011945,False,,,
ALT-011946,False,,,
ALT-011947,False,,,
ALT-011948,False,,,
ALT-011949,False,,,
ALT-011950,True,policy_violation_confirmed,ana_004,2026-07-04
ALT-011951,False,,,
ALT-011952,True,unauthorised_access,ana_004,2026-07-02
ALT-011953,False,,,
ALT-011954,False,,,
ALT-011955,False,,,
ALT-011956,False,,,
ALT-011957,True,malware_infection,ana_004,2026-07-03
ALT-011958,False,,,
ALT-011959,False,,,
ALT-011960,True,unauthorised_access,ana_004,2026-07-05
ALT-011961,False,,,
ALT-011962,False,,,
ALT-011963,False,,,
ALT-011964,False,,,
ALT-011965,False,,,
ALT-011966,True,data_exfiltration,ana_004,2026-07-02
ALT-011967,True,brute_force_intrusion,ana_004,2026-07-04
ALT-011968,False,,,
ALT-011969,True,unauthorised_access,ana_004,2026-07-01
ALT-011970,False,,,
ALT-011971,False,,,
ALT-011972,True,policy_violation_confirmed,ana_004,2026-07-01
ALT-011973,False,,,
ALT-011974,False,,,
ALT-011975,True,brute_force_intrusion,ana_004,2026-07-06
ALT-011976,False,,,
ALT-011977,False,,,
ALT-011978,False,,,
ALT-011979,False,,,
ALT-011980,False,,,
ALT-011981,False,,,
ALT-011982,False,,,
ALT-011983,False,,,
ALT-011984,False,,,
ALT-011985,False,,,
ALT-011986,True,data_exfiltration,ana_004,2026-07-03
ALT-011987,False,,,
ALT-011988,False,,,
ALT-011989,False,,,
ALT-011990,False,,,
ALT-011991,False,,,
ALT-011992,False,,,
ALT-011993,False,,,
ALT-011994,True,unauthorised_access,ana_004,2026-07-01
ALT-011995,False,,,
ALT-011996,False,,,
ALT-011997,False,,,
ALT-011998,False,,,
ALT-011999,True,brute_force_intrusion,ana_004,2026-07-05
ALT-012000,False,,,
ALT-012001,False,,,
ALT-012002,False,,,
ALT-012003,False,,,
ALT-012004,False,,,
ALT-012005,False,,,
ALT-012006,False,,,
ALT-012007,False,,,
ALT-012008,False,,,
ALT-012009,False,,,
ALT-012010,True,lateral_movement,ana_004,2026-07-05
ALT-012011,False,,,
ALT-012012,True,lateral_movement,ana_004,2026-07-05
ALT-012013,True,data_exfiltration,ana_004,2026-07-06
ALT-012014,False,,,
ALT-012015,True,data_exfiltration,ana_004,2026-07-06
ALT-012016,False,,,
ALT-012017,False,,,
ALT-012018,False,,,
ALT-012019,False,,,
ALT-012020,False,,,
ALT-012021,False,,,
ALT-012022,False,,,
ALT-012023,True,policy_violation_confirmed,ana_004,2026-07-01
ALT-012024,True,data_exfiltration,ana_004,2026-07-05
ALT-012025,False,,,
ALT-012026,False,,,
ALT-012027,False,,,
ALT-012028,True,data_exfiltration,ana_004,2026-07-03
ALT-012029,False,,,
ALT-012030,True,lateral_movement,ana_004,2026-07-04
ALT-012031,False,,,
ALT-012032,True,policy_violation_confirmed,ana_004,2026-07-01
ALT-012033,False,,,
ALT-012034,False,,,
ALT-012035,False,,,
ALT-012036,True,unauthorised_access,ana_004,2026-07-05
ALT-012037,False,,,
ALT-012038,False,,,
ALT-012039,False,,,
ALT-012040,True,unauthorised_access,ana_004,2026-07-06
ALT-012041,False,,,
ALT-012042,False,,,
ALT-012043,False,,,
ALT-012044,True,data_exfiltration,ana_004,2026-07-04
ALT-012045,False,,,
ALT-012046,False,,,
ALT-012047,False,,,
ALT-012048,True,lateral_movement,ana_004,2026-07-06
ALT-012049,True,data_exfiltration,ana_004,2026-07-06
ALT-012050,False,,,
ALT-012051,False,,,
ALT-012052,False,,,
ALT-012053,False,,,
ALT-012054,True,lateral_movement,ana_004,2026-07-05
ALT-012055,True,policy_violation_confirmed,ana_004,2026-07-06
ALT-012056,False,,,
ALT-012057,True,malware_infection,ana_004,2026-07-06
ALT-012058,False,,,
ALT-012059,True,brute_force_intrusion,ana_004,2026-07-01
ALT-012060,False,,,
ALT-012061,False,,,
ALT-012062,False,,,
ALT-012063,True,brute_force_intrusion,ana_004,2026-07-03
ALT-012064,False,,,
ALT-012065,True,data_exfiltration,ana_004,2026-07-06
ALT-012066,False,,,
ALT-012067,False,,,
ALT-012068,False,,,
ALT-012069,False,,,
ALT-012070,True,brute_force_intrusion,ana_004,2026-07-03
ALT-012071,False,,,
ALT-012072,False,,,
ALT-012073,True,data_exfiltration,ana_004,2026-07-04
ALT-012074,False,,,
ALT-012075,False,,,
ALT-012076,True,policy_violation_confirmed,ana_004,2026-07-02
ALT-012077,False,,,
ALT-012078,False,,,
ALT-012079,False,,,
ALT-012080,False,,,
ALT-012081,True,brute_force_intrusion,ana_004,2026-07-04
ALT-012082,True,lateral_movement,ana_004,2026-07-02
ALT-012083,False,,,
ALT-012084,False,,,
ALT-012085,False,,,
ALT-012086,False,,,
ALT-012087,False,,,
ALT-012088,False,,,
ALT-012089,False,,,
ALT-012090,False,,,
ALT-012091,False,,,
ALT-012092,False,,,
ALT-012093,False,,,
ALT-012094,False,,,
ALT-012095,False,,,
ALT-012096,False,,,
ALT-012097,True,unauthorised_access,ana_004,2026-07-01
ALT-012098,True,malware_infection,ana_004,2026-07-06
ALT-012099,False,,,
ALT-012100,False,,,
ALT-012101,False,,,
ALT-012102,False,,,
ALT-012103,True,lateral_movement,ana_004,2026-07-03
ALT-012104,False,,,
ALT-012105,True,malware_infection,ana_004,2026-07-02
ALT-012106,False,,,
ALT-012107,False,,,
ALT-012108,False,,,
ALT-012109,False,,,
ALT-012110,True,unauthorised_access,ana_004,2026-07-01
ALT-012111,False,,,
ALT-012112,False,,,
ALT-012113,False,,,
ALT-012114,False,,,
ALT-012115,False,,,
ALT-012116,True,brute_force_intrusion,ana_004,2026-07-04
ALT-012117,False,,,
ALT-012118,False,,,
ALT-012119,False,,,
ALT-012120,False,,,
ALT-012121,True,policy_violation_confirmed,ana_004,2026-07-01
ALT-012122,False,,,
ALT-012123,False,,,
ALT-012124,False,,,
ALT-012125,False,,,
ALT-012126,False,,,
ALT-012127,False,,,
ALT-012128,False,,,
ALT-012129,False,,,
ALT-012130,False,,,
ALT-012131,True,malware_infection,ana_004,2026-07-06
ALT-012132,True,lateral_movement,ana_004,2026-07-06
ALT-012133,True,lateral_movement,ana_004,2026-07-01
ALT-012134,False,,,
ALT-012135,False,,,
ALT-012136,False,,,
ALT-012137,False,,,
ALT-012138,False,,,
ALT-012139,True,unauthorised_access,ana_004,2026-07-02
ALT-012140,True,unauthorised_access,ana_004,2026-07-06
ALT-012141,False,,,
ALT-012142,True,data_exfiltration,ana_004,2026-07-05
ALT-012143,False,,,
ALT-012144,False,,,
ALT-012145,False,,,
ALT-012146,False,,,
ALT-012147,False,,,
ALT-012148,False,,,
ALT-012149,False,,,
ALT-012150,True,dns_tunnelling,ana_004,2026-07-05
ALT-012151,True,policy_violation_confirmed,ana_004,2026-07-03
ALT-012152,False,,,
ALT-012153,False,,,
ALT-012154,False,,,
ALT-012155,False,,,
ALT-012156,False,,,
ALT-012157,False,,,
ALT-012158,True,policy_violation_confirmed,ana_004,2026-07-02
ALT-012159,True,brute_force_intrusion,ana_004,2026-07-05
ALT-012160,False,,,
ALT-012161,False,,,
ALT-012162,True,lateral_movement,ana_004,2026-07-01
ALT-012163,False,,,
ALT-012164,False,,,
ALT-012165,False,,,
ALT-012166,False,,,
ALT-012167,False,,,
ALT-012168,False,,,
ALT-012169,False,,,
ALT-012170,False,,,
ALT-012171,False,,,
ALT-012172,False,,,
ALT-012173,True,unauthorised_access,ana_004,2026-07-06
ALT-012174,False,,,
ALT-012175,False,,,
ALT-012176,False,,,
ALT-012177,False,,,
ALT-012178,False,,,
ALT-012179,False,,,
ALT-012180,False,,,
ALT-012181,False,,,
ALT-012182,False,,,
ALT-012183,True,dns_tunnelling,ana_004,2026-07-05
ALT-012184,True,policy_violation_confirmed,ana_004,2026-07-04
ALT-012185,False,,,
ALT-012186,False,,,
ALT-012187,True,brute_force_intrusion,ana_004,2026-07-03
ALT-012188,True,brute_force_intrusion,ana_004,2026-07-05
ALT-012189,False,,,
ALT-012190,False,,,
ALT-012191,False,,,
ALT-012192,False,,,
ALT-012193,False,,,
ALT-012194,False,,,
ALT-012195,False,,,
ALT-012196,False,,,
ALT-012197,False,,,
ALT-012198,False,,,
ALT-012199,True,data_exfiltration,ana_004,2026-07-02
ALT-012200,False,,,
ALT-012201,False,,,
ALT-012202,True,malware_infection,ana_004,2026-07-06
ALT-012203,True,data_exfiltration,ana_004,2026-07-03
ALT-012204,True,malware_infection,ana_004,2026-07-05
ALT-012205,True,lateral_movement,ana_004,2026-07-03
ALT-012206,False,,,
ALT-012207,False,,,
ALT-012208,True,data_exfiltration,ana_004,2026-07-06
ALT-012209,False,,,
ALT-012210,False,,,
ALT-012211,True,lateral_movement,ana_004,2026-07-06
ALT-012212,True,dns_tunnelling,ana_004,2026-07-04
ALT-012213,False,,,
ALT-012214,False,,,
ALT-012215,True,brute_force_intrusion,ana_004,2026-07-02
ALT-012216,False,,,
ALT-012217,False,,,
ALT-012218,True,lateral_movement,ana_004,2026-07-03
ALT-012219,False,,,
ALT-012220,False,,,
ALT-012221,False,,,
ALT-012222,False,,,
ALT-012223,False,,,
ALT-012224,False,,,
ALT-012225,False,,,
ALT-012226,False,,,
ALT-012227,False,,,
ALT-012228,False,,,
ALT-012229,False,,,
ALT-012230,False,,,
ALT-012231,False,,,
ALT-012232,False,,,
ALT-012233,False,,,
ALT-012234,False,,,
ALT-012235,True,lateral_movement,ana_004,2026-07-04
ALT-012236,False,,,
ALT-012237,True,policy_violation_confirmed,ana_004,2026-07-06
ALT-012238,False,,,
ALT-012239,False,,,
ALT-012240,False,,,
ALT-012241,False,,,
ALT-012242,False,,,
ALT-012243,False,,,
ALT-012244,False,,,
ALT-012245,False,,,
ALT-012246,False,,,
ALT-012247,True,unauthorised_access,ana_004,2026-07-06
ALT-012248,False,,,
ALT-012249,False,,,
ALT-012250,True,data_exfiltration,ana_004,2026-07-01
ALT-012251,True,data_exfiltration,ana_004,2026-07-04
ALT-012252,True,brute_force_intrusion,ana_004,2026-07-01
ALT-012253,False,,,
ALT-012254,True,policy_violation_confirmed,ana_004,2026-07-02
ALT-012255,False,,,
ALT-012256,False,,,
ALT-012257,True,dns_tunnelling,ana_004,2026-07-02
ALT-012258,True,malware_infection,ana_004,2026-07-06
ALT-012259,False,,,
ALT-012260,False,,,
ALT-012261,False,,,
ALT-012262,False,,,
ALT-012263,False,,,
ALT-012264,True,malware_infection,ana_004,2026-07-06
ALT-012265,False,,,
ALT-012266,False,,,
ALT-012267,True,lateral_movement,ana_004,2026-07-06
ALT-012268,False,,,
ALT-012269,False,,,
ALT-012270,True,brute_force_intrusion,ana_004,2026-07-04
ALT-012271,False,,,
ALT-012272,False,,,
ALT-012273,False,,,
ALT-012274,False,,,
ALT-012275,False,,,
ALT-012276,False,,,
ALT-012277,False,,,
ALT-012278,False,,,
ALT-012279,False,,,
ALT-012280,False,,,
ALT-012281,False,,,
ALT-012282,False,,,
ALT-012283,False,,,
ALT-012284,False,,,
ALT-012285,True,data_exfiltration,ana_004,2026-07-06
ALT-012286,True,dns_tunnelling,ana_004,2026-07-01
ALT-012287,True,malware_infection,ana_004,2026-07-05
ALT-012288,False,,,
ALT-012289,False,,,
ALT-012290,True,lateral_movement,ana_004,2026-07-05
ALT-012291,True,lateral_movement,ana_004,2026-07-06
ALT-012292,False,,,
ALT-012293,False,,,
ALT-012294,False,,,
ALT-012295,False,,,
ALT-012296,False,,,
ALT-012297,False,,,
ALT-012298,False,,,
ALT-012299,False,,,
ALT-012300,False,,,
ALT-012301,False,,,
ALT-012302,False,,,
ALT-012303,False,,,
ALT-012304,False,,,
ALT-012305,False,,,
ALT-012306,True,malware_infection,ana_004,2026-07-03
ALT-012307,False,,,
ALT-012308,False,,,
ALT-012309,False,,,
ALT-012310,False,,,
ALT-012311,False,,,
ALT-012312,False,,,
ALT-012313,True,unauthorised_access,ana_004,2026-07-03
ALT-012314,False,,,
ALT-012315,False,,,
ALT-012316,False,,,
ALT-012317,False,,,
ALT-012318,False,,,
ALT-012319,False,,,
ALT-012320,False,,,
ALT-012321,False,,,
ALT-012322,False,,,
ALT-012323,False,,,
ALT-012324,False,,,
ALT-012325,False,,,
ALT-012326,False,,,
ALT-012327,False,,,
ALT-012328,False,,,
ALT-012329,False,,,
ALT-012330,False,,,
ALT-012331,False,,,
ALT-012332,False,,,
ALT-012333,False,,,
ALT-012334,False,,,
ALT-012335,True,data_exfiltration,ana_004,2026-07-06
ALT-012336,False,,,
ALT-012337,True,unauthorised_access,ana_004,2026-07-06
ALT-012338,False,,,
ALT-012339,False,,,
ALT-012340,False,,,
ALT-012341,False,,,
ALT-012342,False,,,
ALT-012343,False,,,
ALT-012344,True,lateral_movement,ana_004,2026-07-04
ALT-012345,True,data_exfiltration,ana_004,2026-07-03
ALT-012346,False,,,
ALT-012347,True,malware_infection,ana_004,2026-07-02
ALT-012348,False,,,
ALT-012349,False,,,
ALT-012350,False,,,
ALT-012351,False,,,
ALT-012352,False,,,
ALT-012353,False,,,
ALT-012354,True,data_exfiltration,ana_004,2026-07-03
ALT-012355,True,dns_tunnelling,ana_004,2026-07-04
ALT-012356,False,,,
ALT-012357,False,,,
ALT-012358,True,lateral_movement,ana_004,2026-07-03
ALT-012359,True,unauthorised_access,ana_004,2026-07-06
ALT-012360,False,,,
ALT-012361,False,,,
ALT-012362,False,,,
ALT-012363,True,malware_infection,ana_004,2026-07-01
ALT-012364,False,,,
ALT-012365,False,,,
ALT-012366,False,,,
ALT-012367,True,lateral_movement,ana_004,2026-07-01
ALT-012368,False,,,
ALT-012369,False,,,
ALT-012370,True,data_exfiltration,ana_004,2026-07-02
ALT-012371,False,,,
ALT-012372,False,,,
ALT-012373,False,,,
ALT-012374,False,,,
ALT-012375,False,,,
ALT-012376,False,,,
ALT-012377,True,data_exfiltration,ana_004,2026-07-01
ALT-012378,True,lateral_movement,ana_004,2026-07-02
ALT-012379,False,,,
ALT-012380,False,,,
ALT-012381,True,lateral_movement,ana_004,2026-07-01
ALT-012382,True,lateral_movement,ana_004,2026-07-04
ALT-012383,False,,,
ALT-012384,False,,,
ALT-012385,True,malware_infection,ana_004,2026-07-01
ALT-012386,False,,,
ALT-012387,False,,,
ALT-012388,False,,,
ALT-012389,False,,,
ALT-012390,True,unauthorised_access,ana_004,2026-07-03
ALT-012391,False,,,
ALT-012392,True,dns_tunnelling,ana_004,2026-07-02
ALT-012393,True,malware_infection,ana_004,2026-07-05
ALT-012394,False,,,
ALT-012395,True,lateral_movement,ana_004,2026-07-04
ALT-012396,False,,,
ALT-012397,False,,,
ALT-012398,False,,,
ALT-012399,False,,,
ALT-012400,False,,,
ALT-012401,True,dns_tunnelling,ana_004,2026-07-04
ALT-012402,True,data_exfiltration,ana_004,2026-07-03
ALT-012403,False,,,
ALT-012404,False,,,
ALT-012405,False,,,
ALT-012406,False,,,
ALT-012407,True,dns_tunnelling,ana_004,2026-07-04
ALT-012408,True,malware_infection,ana_004,2026-07-01
ALT-012409,True,data_exfiltration,ana_004,2026-07-05
ALT-012410,False,,,
ALT-012411,False,,,
ALT-012412,False,,,
ALT-012413,False,,,
ALT-012414,False,,,
ALT-012415,True,dns_tunnelling,ana_004,2026-07-05
ALT-012416,False,,,
ALT-012417,False,,,
ALT-012418,True,unauthorised_access,ana_004,2026-07-06
ALT-012419,False,,,
ALT-012420,False,,,
ALT-012421,False,,,
ALT-012422,True,policy_violation_confirmed,ana_004,2026-07-01
ALT-012423,True,dns_tunnelling,ana_004,2026-07-01
ALT-012424,False,,,
ALT-012425,False,,,
ALT-012426,False,,,
ALT-012427,False,,,
ALT-012428,True,dns_tunnelling,ana_004,2026-07-01
ALT-012429,False,,,
ALT-012430,True,brute_force_intrusion,ana_004,2026-07-05
ALT-012431,False,,,
ALT-012432,False,,,
ALT-012433,True,lateral_movement,ana_004,2026-07-04
ALT-012434,False,,,
ALT-012435,False,,,
ALT-012436,False,,,
ALT-012437,True,brute_force_intrusion,ana_004,2026-07-04
ALT-012438,False,,,
ALT-012439,False,,,
ALT-012440,False,,,
ALT-012441,False,,,
ALT-012442,False,,,
ALT-012443,True,dns_tunnelling,ana_004,2026-07-03
ALT-012444,False,,,
ALT-012445,False,,,
ALT-012446,False,,,
ALT-012447,True,lateral_movement,ana_004,2026-07-05
ALT-012448,True,data_exfiltration,ana_004,2026-07-01
ALT-012449,False,,,
ALT-012450,True,unauthorised_access,ana_004,2026-07-05
ALT-012451,True,dns_tunnelling,ana_004,2026-07-06
ALT-012452,False,,,
ALT-012453,False,,,
ALT-012454,False,,,
ALT-012455,False,,,
ALT-012456,False,,,
ALT-012457,False,,,
ALT-012458,False,,,
ALT-012459,False,,,
ALT-012460,False,,,
ALT-012461,False,,,
ALT-012462,False,,,
ALT-012463,True,unauthorised_access,ana_004,2026-07-05
ALT-012464,False,,,
ALT-012465,False,,,
ALT-012466,False,,,
ALT-012467,False,,,
ALT-012468,False,,,
ALT-012469,False,,,
ALT-012470,False,,,
ALT-012471,False,,,
ALT-012472,False,,,
ALT-012473,False,,,
ALT-012474,False,,,
ALT-012475,False,,,
ALT-012476,False,,,
ALT-012477,False,,,
ALT-012478,True,unauthorised_access,ana_004,2026-07-01
ALT-012479,False,,,
ALT-012480,False,,,
ALT-012481,False,,,
ALT-012482,False,,,
ALT-012483,False,,,
ALT-012484,False,,,
ALT-012485,False,,,
ALT-012486,False,,,
ALT-012487,False,,,
ALT-012488,False,,,
ALT-012489,False,,,
ALT-012490,True,brute_force_intrusion,ana_004,2026-07-05
ALT-012491,False,,,
ALT-012492,True,malware_infection,ana_004,2026-07-01
ALT-012493,False,,,
ALT-012494,False,,,
ALT-012495,False,,,
ALT-012496,False,,,
ALT-012497,False,,,
ALT-012498,True,unauthorised_access,ana_004,2026-07-05
ALT-012499,False,,,
ALT-012500,False,,,
ALT-012501,True,dns_tunnelling,ana_004,2026-07-01
ALT-012502,False,,,
ALT-012503,True,unauthorised_access,ana_004,2026-07-05
ALT-012504,True,malware_infection,ana_004,2026-07-05
ALT-012505,False,,,
ALT-012506,True,malware_infection,ana_004,2026-07-03
ALT-012507,True,unauthorised_access,ana_004,2026-07-02
ALT-012508,False,,,
ALT-012509,False,,,
ALT-012510,False,,,
ALT-012511,False,,,
ALT-012512,False,,,
ALT-012513,False,,,
ALT-012514,True,brute_force_intrusion,ana_004,2026-07-01
ALT-012515,False,,,
ALT-012516,False,,,
ALT-012517,True,data_exfiltration,ana_004,2026-07-06
ALT-012518,True,policy_violation_confirmed,ana_004,2026-07-06
ALT-012519,True,data_exfiltration,ana_004,2026-07-03
ALT-012520,False,,,
ALT-012521,False,,,
ALT-012522,True,policy_violation_confirmed,ana_004,2026-07-01
ALT-012523,True,lateral_movement,ana_004,2026-07-05
ALT-012524,True,lateral_movement,ana_004,2026-07-02
ALT-012525,False,,,
ALT-012526,False,,,
ALT-012527,False,,,
ALT-012528,False,,,
ALT-012529,True,unauthorised_access,ana_004,2026-07-04
ALT-012530,False,,,
ALT-012531,False,,,
ALT-012532,False,,,
ALT-012533,False,,,
ALT-012534,False,,,
ALT-012535,False,,,
ALT-012536,False,,,
ALT-012537,True,policy_violation_confirmed,ana_004,2026-07-05
ALT-012538,False,,,
ALT-012539,False,,,
ALT-012540,True,policy_violation_confirmed,ana_004,2026-07-05
ALT-012541,True,data_exfiltration,ana_004,2026-07-03
ALT-012542,True,lateral_movement,ana_004,2026-07-02
ALT-012543,False,,,
ALT-012544,True,unauthorised_access,ana_004,2026-07-02
ALT-012545,True,lateral_movement,ana_004,2026-07-03
ALT-012546,False,,,
ALT-012547,False,,,
ALT-012548,False,,,
ALT-012549,False,,,
ALT-012550,False,,,
ALT-012551,False,,,
ALT-012552,True,dns_tunnelling,ana_004,2026-07-04
ALT-012553,False,,,
ALT-012554,False,,,
ALT-012555,True,data_exfiltration,ana_004,2026-07-03
ALT-012556,True,policy_violation_confirmed,ana_004,2026-07-02
ALT-012557,True,policy_violation_confirmed,ana_004,2026-07-03
ALT-012558,True,lateral_movement,ana_004,2026-07-01
ALT-012559,False,,,
ALT-012560,False,,,
ALT-012561,False,,,
ALT-012562,False,,,
ALT-012563,True,unauthorised_access,ana_004,2026-07-05
ALT-012564,False,,,
ALT-012565,True,dns_tunnelling,ana_004,2026-07-04
ALT-012566,False,,,
ALT-012567,True,data_exfiltration,ana_004,2026-07-06
ALT-012568,True,malware_infection,ana_004,2026-07-05
ALT-012569,False,,,
ALT-012570,False,,,
ALT-012571,True,dns_tunnelling,ana_004,2026-07-05
ALT-012572,False,,,
ALT-012573,False,,,
ALT-012574,False,,,
ALT-012575,False,,,
ALT-012576,False,,,
ALT-012577,False,,,
ALT-012578,False,,,
ALT-012579,False,,,
ALT-012580,False,,,
ALT-012581,False,,,
ALT-012582,True,brute_force_intrusion,ana_004,2026-07-04
ALT-012583,True,brute_force_intrusion,ana_004,2026-07-05
ALT-012584,True,malware_infection,ana_004,2026-07-01
ALT-012585,False,,,
ALT-012586,False,,,
ALT-012587,False,,,
ALT-012588,False,,,
ALT-012589,False,,,
ALT-012590,False,,,
ALT-012591,False,,,
ALT-012592,False,,,
ALT-012593,False,,,
ALT-012594,False,,,
ALT-012595,False,,,
ALT-012596,True,lateral_movement,ana_004,2026-07-05
ALT-012597,False,,,
ALT-012598,False,,,
ALT-012599,False,,,
ALT-012600,False,,,
ALT-012601,False,,,
ALT-012602,True,policy_violation_confirmed,ana_004,2026-07-01
ALT-012603,False,,,
ALT-012604,True,malware_infection,ana_004,2026-07-05
ALT-012605,False,,,
ALT-012606,False,,,
ALT-012607,False,,,
ALT-012608,False,,,
